{
"type": "FeatureCollection",
"name": "perimetro",
"crs": { "type": "name", "properties": { "name": "urn:ogc:def:crs:OGC:1.3:CRS84" } },
"features": [
{ "type": "Feature", "properties": { "area": 204423064.7502957, "perimetro": 103920.51439587906 }, "geometry": { "type": "MultiPolygon", "coordinates": [ [ [ [ -58.424086206736213, -34.662077826107996 ], [ -58.424086206743652, -34.662077826112224 ], [ -58.424131297670037, -34.662101177290104 ], [ -58.424172715667119, -34.662128785544652 ], [ -58.424174254339675, -34.662130088576689 ], [ -58.424209876183333, -34.662160261276995 ], [ -58.42421730985167, -34.662173909238518 ], [ -58.424217309855109, -34.662173909244274 ], [ -58.424237842590053, -34.662205391370208 ], [ -58.424237842595758, -34.662205391377967 ], [ -58.424262101720828, -34.662235008768214 ], [ -58.424262101727436, -34.662235008775454 ], [ -58.424289841925756, -34.662262460274647 ], [ -58.424304198297371, -34.662279122979989 ], [ -58.424304198300803, -34.662279122983769 ], [ -58.424343802425881, -34.662320338339242 ], [ -58.424343802431238, -34.662320338344401 ], [ -58.424387049306752, -34.662358972300744 ], [ -58.424387049312564, -34.662358972305562 ], [ -58.42438796754093, -34.662359677503694 ], [ -58.424433695766133, -34.662394804836531 ], [ -58.424433695774127, -34.662394804842101 ], [ -58.424511634638101, -34.662444086483241 ], [ -58.424511634641, -34.662444086485017 ], [ -58.424542455718587, -34.662462268775144 ], [ -58.424610597091565, -34.662504532439876 ], [ -58.424798773649563, -34.662621243881865 ], [ -58.424829257689666, -34.662641934624645 ], [ -58.424829257695642, -34.662641934628411 ], [ -58.424861394242505, -34.66266083928501 ], [ -58.424861394245212, -34.662660839286538 ], [ -58.424949382508395, -34.662709354006978 ], [ -58.424949382513859, -34.662709354009785 ], [ -58.424997500304272, -34.662732623791427 ], [ -58.424997500307747, -34.66273262379304 ], [ -58.425036657753921, -34.662750006317822 ], [ -58.425090759570111, -34.662777522693332 ], [ -58.425096264203084, -34.662780322402895 ], [ -58.425153081784302, -34.662814097208894 ], [ -58.425206816031206, -34.662851156675913 ], [ -58.425407249406504, -34.663004544992184 ], [ -58.425407249407122, -34.66300454499266 ], [ -58.425773905060211, -34.663280838724262 ], [ -58.4257740096877, -34.663281045161703 ], [ -58.425774009687764, -34.663281045161824 ], [ -58.425820046834851, -34.663371482768007 ], [ -58.425820046842361, -34.663371482780093 ], [ -58.425820046851975, -34.663371482791128 ], [ -58.426068173151052, -34.663614828552056 ], [ -58.426068173155784, -34.663614828556405 ], [ -58.42620955500707, -34.663736506513949 ], [ -58.426209555022986, -34.66373650652524 ], [ -58.426209764429629, -34.663736628279707 ], [ -58.426336525273271, -34.663810479870733 ], [ -58.426337361611978, -34.663811390540246 ], [ -58.42661060781024, -34.66410868604688 ], [ -58.426610607827847, -34.664108686061994 ], [ -58.426610607849213, -34.664108686073348 ], [ -58.426611268845392, -34.664108953090491 ], [ -58.426728932774637, -34.664156421679543 ], [ -58.426729733049342, -34.664157478353673 ], [ -58.426850094317395, -34.664316252306911 ], [ -58.426850094331563, -34.664316252321854 ], [ -58.426948197509709, -34.664399756948136 ], [ -58.427398015194321, -34.664882521086042 ], [ -58.427596616878439, -34.665155571919762 ], [ -58.427596616882681, -34.665155571925155 ], [ -58.42786229155594, -34.665468005258525 ], [ -58.428043078769619, -34.665728557534663 ], [ -58.428043078774145, -34.665728557540653 ], [ -58.428182978819578, -34.6658978936861 ], [ -58.428182978832233, -34.665897893698762 ], [ -58.428182978847445, -34.665897893709314 ], [ -58.42818297886474, -34.665897893717407 ], [ -58.42818297888352, -34.665897893722786 ], [ -58.428182978903159, -34.665897893725266 ], [ -58.428182978923033, -34.665897893724747 ], [ -58.428183649851739, -34.665897825415428 ], [ -58.428201011364493, -34.66590979389472 ], [ -58.428201011370724, -34.66590979389872 ], [ -58.428229800254336, -34.66592688413472 ], [ -58.428321320404557, -34.666014150414242 ], [ -58.428367079657882, -34.666059918774401 ], [ -58.428398076817693, -34.666093481494869 ], [ -58.428398076822319, -34.666093481499551 ], [ -58.428502144925226, -34.666191732491399 ], [ -58.428521329887445, -34.666221631380587 ], [ -58.428521329889733, -34.666221631383983 ], [ -58.428548633313447, -34.666260073571905 ], [ -58.428548633313788, -34.666260073572381 ], [ -58.428569295550872, -34.666288752741451 ], [ -58.428581101240468, -34.666308278336899 ], [ -58.428581101248028, -34.666308278347515 ], [ -58.42860914499925, -34.666342145207217 ], [ -58.428667075819909, -34.666416285164829 ], [ -58.428714306133266, -34.66647669548658 ], [ -58.42877629246545, -34.666564563111898 ], [ -58.428776292466999, -34.666564563114036 ], [ -58.42898504498794, -34.66684257981472 ], [ -58.429129292974132, -34.667038188983717 ], [ -58.429129292990126, -34.667038189000515 ], [ -58.429131024882345, -34.667039620925109 ], [ -58.429360786685884, -34.667282169332552 ], [ -58.430086301049691, -34.668046791425887 ], [ -58.430098002174823, -34.668060048077521 ], [ -58.430117432814484, -34.668082057743327 ], [ -58.430671134343548, -34.668747458474719 ], [ -58.431349335047663, -34.669596578903857 ], [ -58.431349335049482, -34.669596578906052 ], [ -58.431440079784096, -34.669703212306977 ], [ -58.431440079785318, -34.669703212308377 ], [ -58.432302199881548, -34.670675793817253 ], [ -58.432302199884411, -34.670675793820351 ], [ -58.432465440584018, -34.670844191768737 ], [ -58.432629865992311, -34.671045900723051 ], [ -58.432634163829775, -34.671051173261056 ], [ -58.432668199756115, -34.671092926203009 ], [ -58.432680435684915, -34.671107937784953 ], [ -58.432904210016019, -34.671382452066453 ], [ -58.433088345048859, -34.671608339363097 ], [ -58.433125725089901, -34.671654194426083 ], [ -58.433220297556275, -34.671770209658419 ], [ -58.433297707884833, -34.671926441056598 ], [ -58.433297707898895, -34.671926441076934 ], [ -58.433370339468915, -34.672005523910016 ], [ -58.433400452611849, -34.672045063787024 ], [ -58.433400452618692, -34.672045063795004 ], [ -58.433441197923386, -34.672087534593253 ], [ -58.433450051558182, -34.67210803507583 ], [ -58.433450051564471, -34.672108035087639 ], [ -58.433531527159836, -34.672235437478157 ], [ -58.433531527169507, -34.672235437490649 ], [ -58.433588215674945, -34.672296946303774 ], [ -58.433588215682576, -34.672296946311185 ], [ -58.433653766852316, -34.672354064747722 ], [ -58.433692737111762, -34.672405320029675 ], [ -58.433692737117077, -34.672405320036042 ], [ -58.433752968711467, -34.672471222130021 ], [ -58.433752968714138, -34.67247122213282 ], [ -58.433841547442647, -34.672560557706895 ], [ -58.434025782989004, -34.672771442013499 ], [ -58.434178124673416, -34.672967676760713 ], [ -58.434178124681736, -34.672967676770064 ], [ -58.434497015380472, -34.673281084066588 ], [ -58.434543071954138, -34.673342589907335 ], [ -58.434543071961414, -34.673342589915904 ], [ -58.434624565066258, -34.673427530735573 ], [ -58.434670619800059, -34.673494893189606 ], [ -58.434670619804699, -34.673494893195794 ], [ -58.435124122968752, -34.674048453574237 ], [ -58.435124122969704, -34.674048453575395 ], [ -58.435173725908655, -34.674107031663013 ], [ -58.435216241921772, -34.674159751434132 ], [ -58.435216241923335, -34.674159751436029 ], [ -58.435637871224777, -34.674654735869211 ], [ -58.435637871227328, -34.674654735872075 ], [ -58.435683933294506, -34.674704527947661 ], [ -58.435891204603116, -34.674954947053678 ], [ -58.436210085537667, -34.675341558049858 ], [ -58.43621008553923, -34.675341558051706 ], [ -58.436282721433585, -34.675425031606686 ], [ -58.436808888410866, -34.676044489070371 ], [ -58.436815974746317, -34.676053275601497 ], [ -58.436815974747255, -34.676053275602648 ], [ -58.437267737493812, -34.676595114079461 ], [ -58.437267737494459, -34.676595114080222 ], [ -58.437322658520245, -34.676659549066258 ], [ -58.437880724721715, -34.677337575178278 ], [ -58.437880724722405, -34.677337575179109 ], [ -58.438454750069482, -34.678018530245026 ], [ -58.438607110934456, -34.678217687626208 ], [ -58.438607110938271, -34.67821768763087 ], [ -58.439299529067277, -34.679008798115902 ], [ -58.439533497843598, -34.679285600484071 ], [ -58.439616510459075, -34.679383810913059 ], [ -58.439691975056796, -34.679473090448248 ], [ -58.439748107846818, -34.67953949831486 ], [ -58.439782680261992, -34.67958039928665 ], [ -58.43978574534647, -34.679584101069743 ], [ -58.439785745347855, -34.679584101071399 ], [ -58.440500540346441, -34.680407470607541 ], [ -58.440902128869034, -34.680964903588801 ], [ -58.440902128870533, -34.680964903590827 ], [ -58.441173800528333, -34.681320257043822 ], [ -58.441173800532532, -34.681320257048917 ], [ -58.441944316854958, -34.682190274089706 ], [ -58.441949632546809, -34.682196692159458 ], [ -58.442053435441643, -34.68232201443594 ], [ -58.442059509291852, -34.682329347565457 ], [ -58.442059509292392, -34.682329347566082 ], [ -58.444039578008237, -34.684676606807209 ], [ -58.444110455973856, -34.684766420000244 ], [ -58.444176607504154, -34.684856232410439 ], [ -58.444176607504431, -34.684856232410809 ], [ -58.444233309122367, -34.684932377783461 ], [ -58.444233309127512, -34.68493237778975 ], [ -58.444306552604715, -34.685014382366852 ], [ -58.444306552606015, -34.685014382368273 ], [ -58.444448316039576, -34.685166677349521 ], [ -58.447257644875116, -34.688479991852283 ], [ -58.451245153003654, -34.693184889825723 ], [ -58.453987703672688, -34.696498439960131 ], [ -58.453987703673505, -34.69649843996109 ], [ -58.457915750653008, -34.701113708893779 ], [ -58.457915750653285, -34.701113708894113 ], [ -58.458875376523025, -34.702230412956922 ], [ -58.458875376524361, -34.70223041295845 ], [ -58.460293592609936, -34.703809795608549 ], [ -58.46029359261334, -34.703809795612152 ], [ -58.460326685096575, -34.703842984021598 ], [ -58.460326685098281, -34.703842984023254 ], [ -58.460402325285557, -34.703915217674627 ], [ -58.460402325285749, -34.703915217674805 ], [ -58.460449600472309, -34.703960119650795 ], [ -58.460461419122282, -34.703975737611259 ], [ -58.460485056314006, -34.7040108779657 ], [ -58.460485056322469, -34.704010877976401 ], [ -58.460537058902958, -34.704067493298645 ], [ -58.460612698654487, -34.704165105563341 ], [ -58.46061269866636, -34.704165105576017 ], [ -58.460754525412156, -34.704291514310114 ], [ -58.460863849468723, -34.704423778864701 ], [ -58.460863849468872, -34.704423778864879 ], [ -58.460960764079672, -34.704540425395351 ], [ -58.460960764086792, -34.70454042540301 ], [ -58.461003312330419, -34.704581422648992 ], [ -58.461034041514743, -34.704615586916063 ], [ -58.461071861724143, -34.704671225632069 ], [ -58.461071861726559, -34.704671225635458 ], [ -58.461585691268937, -34.705355483985315 ], [ -58.461585691281456, -34.705355483998922 ], [ -58.461585691296868, -34.705355484010319 ], [ -58.46158569131461, -34.70535548401913 ], [ -58.461585691334037, -34.705355484025006 ], [ -58.461585691354472, -34.705355484027741 ], [ -58.461585691375156, -34.705355484027258 ], [ -58.461585691395349, -34.705355484023549 ], [ -58.461585691414342, -34.705355484016764 ], [ -58.461716340745383, -34.705296071893272 ], [ -58.461716340765513, -34.705296071881492 ], [ -58.461716557974576, -34.705295911433907 ], [ -58.461745315791696, -34.705274640405293 ], [ -58.461753045809914, -34.705268922880101 ], [ -58.461753085103844, -34.705268894035676 ], [ -58.461753085104966, -34.705268894034845 ], [ -58.461842541294807, -34.705201371651192 ], [ -58.461873897915986, -34.705177702880682 ], [ -58.462105155720138, -34.705003143418118 ], [ -58.462196513811314, -34.704934183947636 ], [ -58.462382985355632, -34.704793430803875 ], [ -58.462383021374684, -34.704793403762018 ], [ -58.462383021374905, -34.704793403761855 ], [ -58.46412974099345, -34.703474893798109 ], [ -58.46657895364185, -34.701625995007745 ], [ -58.471994993908567, -34.697536985063387 ], [ -58.472535281563957, -34.697129041956856 ], [ -58.474065628924315, -34.695973522060363 ], [ -58.482163787142952, -34.68985797969539 ], [ -58.482163787144046, -34.689857979694544 ], [ -58.482163823149556, -34.689857951745743 ], [ -58.482791044777258, -34.689384231043697 ], [ -58.4833553534149, -34.688958024418774 ], [ -58.483359557324285, -34.688954852569196 ], [ -58.483372244338149, -34.688945294640902 ], [ -58.484003350865436, -34.688469848003201 ], [ -58.484261608970961, -34.688275286934037 ], [ -58.484764725685061, -34.687896254070758 ], [ -58.485555487844486, -34.687300506842774 ], [ -58.485673596208592, -34.687211525114407 ], [ -58.486555109934301, -34.686547388133079 ], [ -58.487099789247132, -34.686137015406537 ], [ -58.487395771477807, -34.685914013395802 ], [ -58.488800246867292, -34.68485581419678 ], [ -58.490061175448737, -34.683905732735191 ], [ -58.491452053489631, -34.682857696972754 ], [ -58.491534407664339, -34.682795641074279 ], [ -58.493258841448977, -34.6814962062113 ], [ -58.494236665010249, -34.680759345601693 ], [ -58.495023924031933, -34.680166072833146 ], [ -58.498745071164009, -34.67736166287596 ], [ -58.499016876317597, -34.677156807305884 ], [ -58.502485665391816, -34.674542288315401 ], [ -58.502525275113754, -34.674512432550614 ], [ -58.50252527511384, -34.674512432550536 ], [ -58.502525275113953, -34.674512432550458 ], [ -58.502615385982672, -34.674444170287138 ], [ -58.508274307091355, -34.670156978522925 ], [ -58.508743487718498, -34.669801495862593 ], [ -58.508922596153447, -34.669665789890388 ], [ -58.511207301275284, -34.667934666332464 ], [ -58.511986834242215, -34.66734398741626 ], [ -58.511986863685671, -34.66734396577106 ], [ -58.511986863686893, -34.667343965770144 ], [ -58.512218188947955, -34.667168680065075 ], [ -58.513245807800196, -34.666389991993974 ], [ -58.518030985043467, -34.662763670674785 ], [ -58.518341394130424, -34.662528417172325 ], [ -58.518365487153012, -34.662510153579881 ], [ -58.518387698176326, -34.662493324079847 ], [ -58.518756787980607, -34.662213594302159 ], [ -58.51991540012763, -34.661335475679543 ], [ -58.523043019257607, -34.658964888560654 ], [ -58.523043256939907, -34.658964708161449 ], [ -58.524772166585954, -34.657654183044649 ], [ -58.524772213466861, -34.657654147866026 ], [ -58.524772213467266, -34.657654147865721 ], [ -58.525771707097462, -34.656896496432836 ], [ -58.525771707097718, -34.65689649643263 ], [ -58.525772141008339, -34.656896165391629 ], [ -58.525880965965641, -34.656814029543149 ], [ -58.528790924165008, -34.654617580676984 ], [ -58.529150649187287, -34.654346045939036 ], [ -58.529167979587875, -34.654332966072317 ], [ -58.529207023931555, -34.654303493969088 ], [ -58.529207023931747, -34.654303493968946 ], [ -58.529207050095678, -34.654303474123672 ], [ -58.529207050109832, -34.654303474110606 ], [ -58.529207050120675, -34.654303474095514 ], [ -58.529207050127773, -34.654303474078993 ], [ -58.529207050130864, -34.654303474061642 ], [ -58.529208051158427, -34.654286502594942 ], [ -58.529209115664038, -34.654268419650094 ], [ -58.529211675285978, -34.65422503410084 ], [ -58.529850249765261, -34.64340086415018 ], [ -58.530080614044472, -34.639495387084175 ], [ -58.530083963634745, -34.639438596916548 ], [ -58.530098360463413, -34.639194494471965 ], [ -58.530269144939474, -34.636298813360192 ], [ -58.530289881061044, -34.63594721782313 ], [ -58.530296592591291, -34.635833425569906 ], [ -58.530305321425224, -34.635685427938412 ], [ -58.530317442540827, -34.635479909920576 ], [ -58.53032906005722, -34.635282902449717 ], [ -58.530354474718003, -34.634851989482179 ], [ -58.530357525900143, -34.634800226631114 ], [ -58.530357525900143, -34.634800226631114 ], [ -58.530372512893187, -34.634546106195039 ], [ -58.530383096245451, -34.634366635427469 ], [ -58.530393686016993, -34.634187066395739 ], [ -58.53039409935441, -34.634180315454962 ], [ -58.530408904113614, -34.633938516561152 ], [ -58.530427260865082, -34.633638704090224 ], [ -58.530446366647276, -34.633326658054813 ], [ -58.530788845451163, -34.627732850083746 ], [ -58.530800543032456, -34.627541775407821 ], [ -58.530801071414629, -34.627533085444021 ], [ -58.530801391044207, -34.627527850731674 ], [ -58.530801391044307, -34.62752785072972 ], [ -58.530801392109908, -34.627527820081845 ], [ -58.531517309478836, -34.615498981065599 ], [ -58.531517309477707, -34.615498981047544 ], [ -58.531517309472235, -34.615498981030008 ], [ -58.531072729523366, -34.614501702960425 ], [ -58.529467685005095, -34.610901061560142 ], [ -58.529467685004654, -34.610901061559375 ], [ -58.529467685004413, -34.610901061558636 ], [ -58.527832828764957, -34.607425213458789 ], [ -58.527829639030799, -34.607418432852675 ], [ -58.527780485943033, -34.607313923725656 ], [ -58.527334873821566, -34.606366456346471 ], [ -58.526776901914801, -34.605180053606304 ], [ -58.526235658704373, -34.604029188814067 ], [ -58.526232909269943, -34.604023342709517 ], [ -58.525769136062408, -34.603037175895494 ], [ -58.524870069262526, -34.601125330976352 ], [ -58.52367635326766, -34.5985867721446 ], [ -58.523285065898456, -34.59775462574224 ], [ -58.522626862273619, -34.5963547864582 ], [ -58.521768034230661, -34.59452819319371 ], [ -58.520954875587371, -34.592798649641146 ], [ -58.52005228015252, -34.590878789945577 ], [ -58.519513160166966, -34.589732011942182 ], [ -58.519513160166888, -34.589732011942012 ], [ -58.518891044929866, -34.588416797515478 ], [ -58.518653359637753, -34.587903034310798 ], [ -58.518653359637533, -34.587903034310351 ], [ -58.518124031424563, -34.58677699773763 ], [ -58.516978923447482, -34.584340904922939 ], [ -58.51565789050796, -34.581530359062612 ], [ -58.515657890507768, -34.581530359062221 ], [ -58.515578053157725, -34.581362858015218 ], [ -58.515535768675591, -34.581274147038769 ], [ -58.515535768675591, -34.581274147038762 ], [ -58.515396237174627, -34.580981406649457 ], [ -58.513823893910164, -34.577682413289018 ], [ -58.512710998496154, -34.575347232056508 ], [ -58.51105229045946, -34.571866519785274 ], [ -58.510334290170512, -34.570359736615089 ], [ -58.510318183287261, -34.570325393050346 ], [ -58.510318067638373, -34.570325147005349 ], [ -58.510294847261505, -34.570275637869358 ], [ -58.509921032680914, -34.569380839188341 ], [ -58.509879170146014, -34.569280631815282 ], [ -58.509875293242182, -34.569271350399582 ], [ -58.509875293240704, -34.569271350396264 ], [ -58.50981200789581, -34.569137156555563 ], [ -58.509396903540321, -34.568256932573291 ], [ -58.506365627604431, -34.561828532323226 ], [ -58.504943692932926, -34.558812678807918 ], [ -58.504454216198752, -34.557774468418899 ], [ -58.503955852870838, -34.556717380220178 ], [ -58.503576505629766, -34.555912718322418 ], [ -58.502921746252703, -34.554523823125571 ], [ -58.502130447325897, -34.55284522563953 ], [ -58.501879819074645, -34.552313550033496 ], [ -58.501727042929545, -34.551989451356903 ], [ -58.501497961088667, -34.551503471491934 ], [ -58.501311118877737, -34.55110709455122 ], [ -58.500996823118498, -34.550440325074092 ], [ -58.500843606722952, -34.550115276119968 ], [ -58.500674075650494, -34.549755612535051 ], [ -58.500552065826902, -34.549496762750202 ], [ -58.500551668892328, -34.549495920935726 ], [ -58.500551668883759, -34.549495920921444 ], [ -58.500551668872284, -34.549495920908626 ], [ -58.50055166885825, -34.549495920897691 ], [ -58.500551668842114, -34.549495920888965 ], [ -58.500551556606794, -34.54949587134454 ], [ -58.500522280627401, -34.549482951964364 ], [ -58.498281981848805, -34.548494281374808 ], [ -58.497512901597851, -34.548154862049465 ], [ -58.497512507152429, -34.548154688183949 ], [ -58.496449929331902, -34.547685727373086 ], [ -58.496449533801211, -34.547685552603006 ], [ -58.495933441795238, -34.547457773998282 ], [ -58.495933046266728, -34.54745759922654 ], [ -58.495092385224858, -34.547086565130847 ], [ -58.495087955998812, -34.547084610180164 ], [ -58.495015813578938, -34.547052768786202 ], [ -58.49501355592853, -34.547051772390653 ], [ -58.495011384356488, -34.547050813832769 ], [ -58.495009126706172, -34.547049817437113 ], [ -58.49500381817716, -34.547047474195288 ], [ -58.494999388955243, -34.547045519241379 ], [ -58.494979672655298, -34.547036817442653 ], [ -58.494975243434531, -34.547034862487891 ], [ -58.494913114509892, -34.547007440852248 ], [ -58.494908685292231, -34.547005485895028 ], [ -58.494811295946647, -34.546962501120746 ], [ -58.494806866733754, -34.546960546159831 ], [ -58.494302439033945, -34.546737904788927 ], [ -58.494294539496394, -34.546734418258794 ], [ -58.493422703721066, -34.546349604868652 ], [ -58.493400212586067, -34.546339677552915 ], [ -58.493001018164257, -34.546163475338673 ], [ -58.492978526039657, -34.546153547043737 ], [ -58.492495440775791, -34.545940315639648 ], [ -58.492487093575519, -34.545936631685819 ], [ -58.492470903647892, -34.545929485407811 ], [ -58.492462570613917, -34.545925806857511 ], [ -58.491993111899184, -34.545718587251066 ], [ -58.49197062001415, -34.545708659671078 ], [ -58.491483734058711, -34.545493741267464 ], [ -58.491461243384009, -34.545483813592973 ], [ -58.490877067356941, -34.545225946667514 ], [ -58.490854575736584, -34.545216017979584 ], [ -58.490282701146278, -34.544963576541498 ], [ -58.490260209667305, -34.54495364864502 ], [ -58.489287030934591, -34.544524052070628 ], [ -58.48926453969198, -34.544514123989927 ], [ -58.488029925416789, -34.54396910299301 ], [ -58.488007435562025, -34.543959174679486 ], [ -58.487137294084199, -34.543575037925621 ], [ -58.48711480335173, -34.543565108545785 ], [ -58.486583363161422, -34.543330491951345 ], [ -58.486560872560467, -34.543320562469013 ], [ -58.48589181694291, -34.543025187305261 ], [ -58.485869327595751, -34.543015258596213 ], [ -58.485157821751805, -34.542701134764307 ], [ -58.485135331489559, -34.542691205919674 ], [ -58.484384888871546, -34.542359885217984 ], [ -58.484362399882158, -34.54234995623019 ], [ -58.483580277291324, -34.542004640404684 ], [ -58.483557787403633, -34.541994711268245 ], [ -58.482581539889978, -34.541563676039509 ], [ -58.482559051328735, -34.541553746718179 ], [ -58.481961550667378, -34.541289930181833 ], [ -58.481939062253339, -34.541280000745807 ], [ -58.481447116186395, -34.54106278664613 ], [ -58.481424626805179, -34.541052857115126 ], [ -58.480782080755631, -34.54076914236628 ], [ -58.480759592621631, -34.540759212712118 ], [ -58.479752093309749, -34.540314342996602 ], [ -58.479749779372995, -34.540313321085165 ], [ -58.479677115905289, -34.540281236289196 ], [ -58.479128291128909, -34.540038891221919 ], [ -58.47905562813785, -34.540006805153133 ], [ -58.478135156639311, -34.539600343311477 ], [ -58.478062494410224, -34.539568256649218 ], [ -58.477415945847341, -34.539282746976816 ], [ -58.477343283080728, -34.539250659884935 ], [ -58.476091375551135, -34.538697815137446 ], [ -58.476055501119859, -34.538681972623493 ], [ -58.476027215331683, -34.538669481732477 ], [ -58.47602510737898, -34.538668550773302 ], [ -58.475982839397048, -34.538649884718723 ], [ -58.475954554719863, -34.538637392909337 ], [ -58.475954554719749, -34.53863739290928 ], [ -58.475881893074146, -34.538605303141317 ], [ -58.475340759479003, -34.538366327769928 ], [ -58.475268099393894, -34.538334239437987 ], [ -58.474709879329275, -34.53808771344282 ], [ -58.47463721972823, -34.538055624733929 ], [ -58.474126108359521, -34.537829899425113 ], [ -58.474053449206401, -34.537797810367493 ], [ -58.473407505369629, -34.537512532635603 ], [ -58.473334845678501, -34.537480442247279 ], [ -58.471198575457258, -34.536536934249071 ], [ -58.471125918550371, -34.536504842541007 ], [ -58.468426040294126, -34.535311916076097 ], [ -58.468355387635, -34.535280697919582 ], [ -58.468353389871673, -34.535279815500218 ], [ -58.468211167536047, -34.535217054583057 ], [ -58.468205863776902, -34.535214714678396 ], [ -58.468038130503722, -34.535140696595086 ], [ -58.468033624113957, -34.535138708210532 ], [ -58.467928520830512, -34.535092327244953 ], [ -58.467776566358964, -34.535025271765385 ], [ -58.467679601409834, -34.534982481591861 ], [ -58.467675345572708, -34.534980603159752 ], [ -58.467554490553042, -34.534927271490822 ], [ -58.46745587338944, -34.534883752839328 ], [ -58.467404889530322, -34.534861253914805 ], [ -58.467386567808319, -34.534853167781073 ], [ -58.466910732570703, -34.534642977800274 ], [ -58.466909098656195, -34.53464225580138 ], [ -58.466908411322805, -34.534641952039038 ], [ -58.46690790807714, -34.534641729400178 ], [ -58.466906777408269, -34.534641230040108 ], [ -58.466905587918554, -34.53464070454023 ], [ -58.46690512279757, -34.534640499027425 ], [ -58.466903422437248, -34.534639748184546 ], [ -58.466902800460545, -34.534639473266097 ], [ -58.466902379999866, -34.534639287583438 ], [ -58.466901564131945, -34.534638927034628 ], [ -58.466901101189563, -34.534638722423182 ], [ -58.46690062735432, -34.534638513304834 ], [ -58.466900057662876, -34.534638261822067 ], [ -58.466899753754809, -34.534638127517638 ], [ -58.466899241794998, -34.534637901273236 ], [ -58.466898580604301, -34.53463760922866 ], [ -58.466898580604152, -34.534637609228596 ], [ -58.466898306106671, -34.534637488444787 ], [ -58.466897432507189, -34.534637102657562 ], [ -58.466897355168697, -34.534637068405473 ], [ -58.466897355168591, -34.534637068405431 ], [ -58.466896259356723, -34.534636584368599 ], [ -58.466895871574387, -34.534636413107897 ], [ -58.466895033921027, -34.534636043545333 ], [ -58.46689385859203, -34.534635524354982 ], [ -58.466893549237689, -34.534635387346441 ], [ -58.466893549237554, -34.534635387346377 ], [ -58.466892699602191, -34.534635012375574 ], [ -58.466892299837852, -34.534634835706633 ], [ -58.466891536255282, -34.534634498593419 ], [ -58.466890382711838, -34.534633988416722 ], [ -58.466889978590345, -34.534633809944999 ], [ -58.46688840676488, -34.534633115888376 ], [ -58.466888062553721, -34.53463296355649 ], [ -58.466886958027693, -34.534632475914066 ], [ -58.466886085517586, -34.534632090126699 ], [ -58.466884976634475, -34.534631600681543 ], [ -58.466884976634375, -34.5346316006815 ], [ -58.466884636780286, -34.534631451053741 ], [ -58.466882826403598, -34.534630651536546 ], [ -58.466882826403449, -34.534630651536474 ], [ -58.466882654297962, -34.534630575821268 ], [ -58.466881634735635, -34.534630125135052 ], [ -58.466880504067177, -34.534629625774784 ], [ -58.46688005419616, -34.53462942657147 ], [ -58.466879313488413, -34.534629099373241 ], [ -58.466878684976137, -34.534628821750545 ], [ -58.466877732948959, -34.534628400809602 ], [ -58.466876791814457, -34.534627985276899 ], [ -58.466876791814343, -34.534627985276856 ], [ -58.466876621887309, -34.534627910462937 ], [ -58.466876363728971, -34.534627796890057 ], [ -58.46687532782763, -34.534627338992884 ], [ -58.466874469478157, -34.53462695951503 ], [ -58.466874469477993, -34.534626959514952 ], [ -58.466874299551044, -34.53462688470109 ], [ -58.466873453183688, -34.53462651063154 ], [ -58.466873005491209, -34.534626313230923 ], [ -58.466872151498919, -34.53462593645726 ], [ -58.466871131936735, -34.534625485770981 ], [ -58.466870615619925, -34.534625257723697 ], [ -58.466869830252023, -34.534624910695271 ], [ -58.466869219168196, -34.534624641184884 ], [ -58.466868294373043, -34.534624231961722 ], [ -58.466868294372695, -34.534624231961573 ], [ -58.466868095035416, -34.53462414452855 ], [ -58.466867956697598, -34.534624083235279 ], [ -58.466867956697484, -34.534624083235229 ], [ -58.466866897921314, -34.534623615422831 ], [ -58.46686598075118, -34.534623210706599 ], [ -58.466865773788854, -34.534623118766632 ], [ -58.466865773788747, -34.534623118766582 ], [ -58.466865635450716, -34.534623057473205 ], [ -58.466865635450574, -34.534623057473148 ], [ -58.466864743333659, -34.534622663573309 ], [ -58.466863659504234, -34.534622184944432 ], [ -58.466862855618686, -34.534621829803605 ], [ -58.466862422087871, -34.534621638713041 ], [ -58.466862394856932, -34.534621626094243 ], [ -58.466862394855099, -34.534621626093418 ], [ -58.466862069161607, -34.534621481873735 ], [ -58.466862069161493, -34.534621481873685 ], [ -58.46686080342301, -34.534620923022644 ], [ -58.466860534371968, -34.534620804041438 ], [ -58.466860534371868, -34.534620804041388 ], [ -58.466860072519083, -34.534620600331245 ], [ -58.466859746825627, -34.53462045611159 ], [ -58.466859746825513, -34.53462045611154 ], [ -58.46685848108708, -34.534619897260448 ], [ -58.466857645612542, -34.534619528599002 ], [ -58.466855324366016, -34.534618502836736 ], [ -58.466852749318186, -34.534617365304186 ], [ -58.466851697077885, -34.5346169001958 ], [ -58.466850428071673, -34.534616339541834 ], [ -58.466849375831409, -34.534615874433406 ], [ -58.466847534955534, -34.534615061394994 ], [ -58.466845212619887, -34.534614035632572 ], [ -58.466843178942355, -34.534613136963671 ], [ -58.46684085769607, -34.534612112102543 ], [ -58.466839737920829, -34.534611617248757 ], [ -58.466837416674664, -34.534610592387551 ], [ -58.466834136866126, -34.534609143880907 ], [ -58.466831815620111, -34.534608118118186 ], [ -58.466829466052957, -34.53460708063762 ], [ -58.466827801640122, -34.534606345116998 ], [ -58.466827801639937, -34.534606345116913 ], [ -58.466827715587321, -34.534606307259317 ], [ -58.46682714480707, -34.534606054874814 ], [ -58.466825480394228, -34.534605319354178 ], [ -58.46682548039405, -34.534605319354085 ], [ -58.46682539434137, -34.534605281496432 ], [ -58.466793632165988, -34.534591251616668 ], [ -58.466793528684924, -34.534591205646592 ], [ -58.466793528684377, -34.534591205646343 ], [ -58.466793436096225, -34.534591165084649 ], [ -58.466793342418853, -34.534591123621588 ], [ -58.46679321279526, -34.534591065933682 ], [ -58.466793212794585, -34.534591065933377 ], [ -58.466793118027681, -34.534591024470238 ], [ -58.46679303959997, -34.534590990218064 ], [ -58.466792918690615, -34.534590937037088 ], [ -58.466792755299643, -34.534590864927281 ], [ -58.466792627854637, -34.53459080814082 ], [ -58.466792627854488, -34.534590808140763 ], [ -58.466792508034239, -34.534590754959687 ], [ -58.466792508034011, -34.534590754959588 ], [ -58.466792442677502, -34.534590726115617 ], [ -58.466792442677296, -34.534590726115532 ], [ -58.466792389303137, -34.534590702679935 ], [ -58.466792290179406, -34.534590658512741 ], [ -58.466792235715729, -34.534590634175665 ], [ -58.466792235714699, -34.534590634175224 ], [ -58.466792173626494, -34.534590607134234 ], [ -58.466792088663475, -34.534590569276709 ], [ -58.466792088663091, -34.534590569276538 ], [ -58.466792006967488, -34.534590533221554 ], [ -58.466791923093261, -34.534590496265224 ], [ -58.466791923092728, -34.534590496264997 ], [ -58.466791858825864, -34.534590468322598 ], [ -58.46679174880942, -34.534590419648538 ], [ -58.466791748809115, -34.534590419648403 ], [ -58.466791642060329, -34.534590372777032 ], [ -58.466791532043949, -34.534590324103021 ], [ -58.466791465598398, -34.534590294357777 ], [ -58.466791465597481, -34.534590294357372 ], [ -58.466791352313777, -34.534590244782208 ], [ -58.466791310922183, -34.534590225853727 ], [ -58.466791310920527, -34.534590225852988 ], [ -58.466791239029178, -34.534590194305274 ], [ -58.466791207440991, -34.534590179883622 ], [ -58.466791207439158, -34.534590179882791 ], [ -58.466791126832938, -34.534590144729314 ], [ -58.466791057120076, -34.534590114082896 ], [ -58.466791021174529, -34.534590097858398 ], [ -58.466791021173741, -34.53459009785805 ], [ -58.466790974334906, -34.534590077126438 ], [ -58.46679097433455, -34.534590077126282 ], [ -58.466790883925015, -34.534590037465954 ], [ -58.466790796783279, -34.534589998706998 ], [ -58.466790796782846, -34.534589998706807 ], [ -58.466790710730123, -34.53458996084909 ], [ -58.46679071072991, -34.534589960848997 ], [ -58.466790597446021, -34.534589911273791 ], [ -58.466790551697173, -34.534589890542463 ], [ -58.466790551695702, -34.534589890541803 ], [ -58.466790434054261, -34.534589839163644 ], [ -58.466790356716047, -34.534589804911569 ], [ -58.46679035671503, -34.534589804911121 ], [ -58.466790306608672, -34.534589783278335 ], [ -58.466790269574027, -34.534589767053873 ], [ -58.466790186789467, -34.534589730097714 ], [ -58.46679018678789, -34.534589730097025 ], [ -58.466790157378483, -34.534589717478227 ], [ -58.466790121433405, -34.534589701253928 ], [ -58.466790121432588, -34.534589701253573 ], [ -58.466790058254638, -34.534589673310975 ], [ -58.466790058254205, -34.534589673310784 ], [ -58.466789963487329, -34.534589631847602 ], [ -58.466789963486796, -34.534589631847375 ], [ -58.466789913380488, -34.534589610214582 ], [ -58.466789860006351, -34.534589586779006 ], [ -58.466789767418192, -34.534589546217305 ], [ -58.466789678097896, -34.534589506556941 ], [ -58.466789678097797, -34.534589506556898 ], [ -58.466789600759263, -34.534589472304688 ], [ -58.466789600757906, -34.534589472304098 ], [ -58.466789569169549, -34.534589458783749 ], [ -58.466789536491959, -34.534589444362069 ], [ -58.466789459153503, -34.534589410109916 ], [ -58.466789459153361, -34.534589410109845 ], [ -58.466789426475145, -34.534589395687846 ], [ -58.466789426474946, -34.534589395687753 ], [ -58.466789319726288, -34.534589348816446 ], [ -58.466789220602536, -34.534589304649245 ], [ -58.466789220602294, -34.534589304649145 ], [ -58.46678914326376, -34.534589270396928 ], [ -58.466789143263277, -34.534589270396708 ], [ -58.466789029979083, -34.534589220821324 ], [ -58.466788916694824, -34.534589170344525 ], [ -58.466788815392171, -34.534589125275801 ], [ -58.466788815391858, -34.534589125275666 ], [ -58.466788733696241, -34.534589089220681 ], [ -58.466788652000794, -34.534589053165838 ], [ -58.466788552876963, -34.534589008998537 ], [ -58.46678855287616, -34.534589008998175 ], [ -58.466788474448379, -34.534588974746022 ], [ -58.466788379681716, -34.534588933282969 ], [ -58.466788228272641, -34.534588866581345 ], [ -58.466788034381771, -34.534588780950855 ], [ -58.466788034381551, -34.534588780950763 ], [ -58.46678794615061, -34.53458874219185 ], [ -58.46678783504484, -34.534588692616389 ], [ -58.466787726117396, -34.534588643942172 ], [ -58.466787726116706, -34.534588643941873 ], [ -58.466787637885453, -34.534588605182819 ], [ -58.466787637885346, -34.534588605182769 ], [ -58.466787545297059, -34.534588564620996 ], [ -58.466787475584084, -34.534588533974535 ], [ -58.466787439638502, -34.534588517750009 ], [ -58.466787439637649, -34.534588517749633 ], [ -58.466787343781441, -34.534588475385064 ], [ -58.466787280603526, -34.534588447442488 ], [ -58.466787247925453, -34.534588433020559 ], [ -58.46678719346194, -34.534588408683554 ], [ -58.466787193461151, -34.534588408683206 ], [ -58.466787137908732, -34.534588384346392 ], [ -58.466787101963249, -34.534588368121895 ], [ -58.466787101962481, -34.534588368121561 ], [ -58.466787024623947, -34.534588333869358 ], [ -58.466786947285712, -34.534588299617269 ], [ -58.466786909161371, -34.534588282491249 ], [ -58.466786909160426, -34.534588282490844 ], [ -58.466786837268337, -34.534588250942811 ], [ -58.466786669520161, -34.534588177030201 ], [ -58.466786310059454, -34.534588018388412 ], [ -58.466785924456168, -34.53458784802875 ], [ -58.466785154339149, -34.534587508210919 ], [ -58.466785104232883, -34.534587485676724 ], [ -58.466785104231938, -34.534587485676298 ], [ -58.466785016000948, -34.534587446917357 ], [ -58.466784959358932, -34.534587421679007 ], [ -58.466784872216842, -34.53458738291986 ], [ -58.466784872216714, -34.53458738291981 ], [ -58.466784780717639, -34.534587342357945 ], [ -58.466784703379076, -34.534587308105742 ], [ -58.466784626040543, -34.534587273853532 ], [ -58.466784516023722, -34.534587225179308 ], [ -58.466784516023559, -34.53458722517923 ], [ -58.46678434827534, -34.534587151266599 ], [ -58.466784071599612, -34.534587028679759 ], [ -58.466784071598923, -34.534587028679461 ], [ -58.466783988814328, -34.534586992624661 ], [ -58.466783603211319, -34.534586822265098 ], [ -58.46678277863019, -34.534586458109985 ], [ -58.466781749265465, -34.534586002916107 ], [ -58.466781749264662, -34.534586002915759 ], [ -58.466781703515508, -34.534585983085705 ], [ -58.466779382271149, -34.534584957322146 ], [ -58.466778544618712, -34.534584587758772 ], [ -58.466776216838461, -34.534583559290901 ], [ -58.466774939119091, -34.534582995030689 ], [ -58.466773889058253, -34.534582531724418 ], [ -58.466772616785285, -34.534581969266853 ], [ -58.466770043918288, -34.534580832633935 ], [ -58.466767722673808, -34.534579806870013 ], [ -58.466764480992246, -34.534578374586218 ], [ -58.466762159747937, -34.53457734972357 ], [ -58.466757676293561, -34.534575369403981 ], [ -58.466755353960131, -34.534574343639804 ], [ -58.46675243579358, -34.534573054674254 ], [ -58.466752256063259, -34.534572975353292 ], [ -58.466752053458137, -34.534572886117203 ], [ -58.4667517876752, -34.534572768938538 ], [ -58.466751476142832, -34.534572631028269 ], [ -58.466751476142612, -34.534572631028176 ], [ -58.466751203824032, -34.534572511145413 ], [ -58.466750708204223, -34.534572292111427 ], [ -58.466750113460257, -34.534572029811429 ], [ -58.46675011346013, -34.534572029811379 ], [ -58.466750078603468, -34.534572014488042 ], [ -58.466749933730043, -34.534571950490495 ], [ -58.466749732214332, -34.534571861254427 ], [ -58.466749551394884, -34.534571781032106 ], [ -58.466749466431587, -34.534571743174432 ], [ -58.466749466431203, -34.534571743174261 ], [ -58.466749155987969, -34.534571606165315 ], [ -58.466749023096526, -34.534571547575993 ], [ -58.466748882580163, -34.534571485381178 ], [ -58.466748386960205, -34.534571266347093 ], [ -58.466747757359485, -34.534570988723701 ], [ -58.466747372845788, -34.534570819265419 ], [ -58.466747231240319, -34.534570756169238 ], [ -58.4667472312399, -34.53457075616906 ], [ -58.466746701852514, -34.53457052271304 ], [ -58.466745437204942, -34.534569963860783 ], [ -58.466745051601769, -34.534569793500964 ], [ -58.466743115961073, -34.534568938096378 ], [ -58.466743115960824, -34.534568938096257 ], [ -58.466742955837567, -34.534568867789098 ], [ -58.466740668361979, -34.534567857348335 ], [ -58.466740634594991, -34.534567842025197 ], [ -58.466740634593911, -34.534567842024707 ], [ -58.466738347117676, -34.534566831583597 ], [ -58.466737391824047, -34.534566409740201 ], [ -58.466735070580391, -34.534565383975639 ], [ -58.466733057601417, -34.534564495220032 ], [ -58.466730735268584, -34.534563469455435 ], [ -58.466727627569085, -34.534562096661389 ], [ -58.466725306325664, -34.534561070896636 ], [ -58.466723686574873, -34.534560355204874 ], [ -58.466721365331551, -34.534559329440057 ], [ -58.466715336199059, -34.534556665876543 ], [ -58.466715336198867, -34.534556665876458 ], [ -58.466715266485359, -34.53455663522972 ], [ -58.466715170629435, -34.534556592865165 ], [ -58.466715170629229, -34.534556592865073 ], [ -58.466715066059081, -34.534556546895011 ], [ -58.466714913560857, -34.534556479291943 ], [ -58.466714791562161, -34.534556425209416 ], [ -58.466714791562048, -34.53455642520936 ], [ -58.466713994213372, -34.534556072771679 ], [ -58.466713014955957, -34.534555640111563 ], [ -58.466713014955765, -34.534555640111478 ], [ -58.466712945242357, -34.534555609464782 ], [ -58.466712849386305, -34.53455556710017 ], [ -58.466712849386099, -34.534555567100064 ], [ -58.466712744815901, -34.534555521130009 ], [ -58.466712592317727, -34.534555453526949 ], [ -58.466712470319031, -34.534555399444429 ], [ -58.466712470318917, -34.534555399444379 ], [ -58.466711672970284, -34.534555047006648 ], [ -58.466710996530992, -34.534554748651445 ], [ -58.466708675288068, -34.534553722886379 ], [ -58.466707142679446, -34.534553045953523 ], [ -58.466704821436565, -34.53455202108983 ], [ -58.466684356158915, -34.534542981194797 ], [ -58.466682034916573, -34.534541955429212 ], [ -58.466680201668851, -34.534541145993778 ], [ -58.466677879337347, -34.534540120228201 ], [ -58.466670349188625, -34.534536794151251 ], [ -58.466668027946639, -34.534535768385417 ], [ -58.466665340708758, -34.534534581273242 ], [ -58.46666301946685, -34.534533555507309 ], [ -58.466654137531002, -34.534529631817016 ], [ -58.46665181628935, -34.534528606952279 ], [ -58.466581821785873, -34.534497687924514 ], [ -58.466579500546011, -34.534496662156982 ], [ -58.466504841834436, -34.534463682535993 ], [ -58.46650252059645, -34.534462657668406 ], [ -58.466424952503289, -34.534428392632236 ], [ -58.466424270619783, -34.5344280915713 ], [ -58.466422631267271, -34.534427367763122 ], [ -58.466421949383786, -34.534427066702207 ], [ -58.466129220305866, -34.534297754361916 ], [ -58.466127367462072, -34.534296935904322 ], [ -58.466125510261243, -34.534296114742517 ], [ -58.466123650882082, -34.534295293580797 ], [ -58.466121802395428, -34.534294469714503 ], [ -58.46611995390861, -34.534293644946672 ], [ -58.466076398471536, -34.534274222783367 ], [ -58.466075820070813, -34.534273964986895 ], [ -58.466059011594652, -34.534266469958396 ], [ -58.466055632689361, -34.534264962839913 ], [ -58.466022943802081, -34.534250385610292 ], [ -58.466021942766361, -34.534249939423617 ], [ -58.46602146131066, -34.534249724893478 ], [ -58.46602123692184, -34.534249624839497 ], [ -58.466007842215383, -34.53424365134552 ], [ -58.465964689858602, -34.534224406715438 ], [ -58.465962841374882, -34.534223582846636 ], [ -58.465840147667393, -34.534168868520304 ], [ -58.465838908084869, -34.534168315968103 ], [ -58.465838506146518, -34.534168135690095 ], [ -58.465838506146213, -34.53416813568996 ], [ -58.465837831891754, -34.534167835527008 ], [ -58.465836591219926, -34.53416728207339 ], [ -58.465836035695226, -34.534167034191036 ], [ -58.465834796112624, -34.534166481638771 ], [ -58.465834796112446, -34.534166481638685 ], [ -58.465834119679506, -34.534166181475769 ], [ -58.465834119679187, -34.534166181475626 ], [ -58.465832876829054, -34.534165634331998 ], [ -58.465796912609122, -34.534149782484285 ], [ -58.465793192774321, -34.534148142854939 ], [ -58.465747909924524, -34.534128186059945 ], [ -58.465744190091669, -34.534126546429086 ], [ -58.465734635077958, -34.534122335128252 ], [ -58.465730915245615, -34.534120695496981 ], [ -58.46571019747045, -34.534111565299845 ], [ -58.465706477639053, -34.534109925667842 ], [ -58.465697025019828, -34.534105759433658 ], [ -58.46569330518895, -34.534104119801235 ], [ -58.465665338383126, -34.534091794160773 ], [ -58.465661618553504, -34.534090154527412 ], [ -58.465632718259833, -34.534077417844365 ], [ -58.465628998431484, -34.534075778209996 ], [ -58.46560339752007, -34.534064495467334 ], [ -58.465599677692879, -34.534062855832062 ], [ -58.465580433716497, -34.53405437461636 ], [ -58.465576713890208, -34.534052734980364 ], [ -58.465556792398289, -34.534043955399433 ], [ -58.465553072572916, -34.534042315762747 ], [ -58.465536410153362, -34.53403497209996 ], [ -58.465532690328793, -34.534033332462641 ], [ -58.465518217326007, -34.534026954191283 ], [ -58.465514497502134, -34.534025314553446 ], [ -58.465384604394032, -34.533968067774587 ], [ -58.46538088457541, -34.533966428132615 ], [ -58.465331204587052, -34.533944533177831 ], [ -58.465327484770512, -34.53394289353426 ], [ -58.465284359962268, -34.533923887541938 ], [ -58.465280640147583, -34.533922247896918 ], [ -58.465232061450536, -34.533900837854368 ], [ -58.465228341637882, -34.533899198207756 ], [ -58.465173777503807, -34.533875150645272 ], [ -58.465170057693442, -34.533873510996877 ], [ -58.465129970891226, -34.53385584353029 ], [ -58.46512625108258, -34.533854203880558 ], [ -58.465065298525801, -34.533827341191603 ], [ -58.465061578719684, -34.533825701539897 ], [ -58.46484809259222, -34.533731612923859 ], [ -58.46484437279463, -34.533729973265508 ], [ -58.464800024975837, -34.533710428060402 ], [ -58.464796305180137, -34.533708788400595 ], [ -58.464678842493697, -34.533657019621096 ], [ -58.464672799331169, -34.533654355956536 ], [ -58.464658982188297, -34.533648266033964 ], [ -58.464650750723081, -34.533644637860007 ], [ -58.464618648342515, -34.533630457778543 ], [ -58.464618616754898, -34.53363044335628 ], [ -58.464618616753562, -34.533630443355676 ], [ -58.464612608451468, -34.533627789603798 ], [ -58.464612576863878, -34.533627775181493 ], [ -58.46461257686255, -34.533627775180882 ], [ -58.464599525470845, -34.533622009759007 ], [ -58.46459348558102, -34.533619341583297 ], [ -58.464565979851422, -34.53360719056311 ], [ -58.464559939963742, -34.533604522385737 ], [ -58.464507188723069, -34.533581219088717 ], [ -58.464501148839169, -34.53357855090843 ], [ -58.464450085965737, -34.533555993956028 ], [ -58.46444404608544, -34.533553325772893 ], [ -58.46438119431896, -34.533525560425119 ], [ -58.464375154443069, -34.533522892238643 ], [ -58.464304964469108, -34.533491885364981 ], [ -58.464298924598069, -34.533489217174619 ], [ -58.46424475203721, -34.533465285477057 ], [ -58.464238712170051, -34.533462617283703 ], [ -58.464171464347558, -34.533432910175918 ], [ -58.464165424485039, -34.533430241978941 ], [ -58.464143711482023, -34.533420649988692 ], [ -58.464138582229658, -34.533418383822948 ], [ -58.46413767162128, -34.533417981790322 ], [ -58.464132542369285, -34.533415715624351 ], [ -58.464115414002585, -34.533408149116298 ], [ -58.464109374143646, -34.533405480916564 ], [ -58.463806696556006, -34.533271767668531 ], [ -58.463804425489265, -34.533270764383659 ], [ -58.463803640146779, -34.533270417335387 ], [ -58.463800657805983, -34.533269100354858 ], [ -58.463799404090132, -34.533268545979098 ], [ -58.463798386739569, -34.533268097069957 ], [ -58.463797602504883, -34.53326774822704 ], [ -58.463797579646794, -34.533267725707113 ], [ -58.463786024938663, -34.533254453966755 ], [ -58.463763875152722, -34.533229012023973 ], [ -58.463193789938295, -34.532574196980192 ], [ -58.463158038255798, -34.532533131283451 ], [ -58.463158038255735, -34.532533131283358 ], [ -58.463157797536802, -34.532532855444721 ], [ -58.463095011337217, -34.532460736245099 ], [ -58.462928618574367, -34.532269610515236 ], [ -58.462826978232691, -34.532152861122825 ], [ -58.462665215842193, -34.531967051691851 ], [ -58.462516928745465, -34.531796719726621 ], [ -58.46234803563852, -34.53160271849999 ], [ -58.462341886005866, -34.531595653924043 ], [ -58.462224183805404, -34.531460452464145 ], [ -58.462220484888995, -34.531456203077781 ], [ -58.461713480931792, -34.530873815204558 ], [ -58.461688114962712, -34.530844677860529 ], [ -58.461687937426021, -34.530844474134348 ], [ -58.461468221756434, -34.53059208517562 ], [ -58.461398979671408, -34.530512547093181 ], [ -58.461380287282687, -34.530491074670635 ], [ -58.461374651902965, -34.530484601392686 ], [ -58.461277401985207, -34.530372888853776 ], [ -58.461260422922052, -34.530353385170109 ], [ -58.461134899651704, -34.530209194314715 ], [ -58.461123574510808, -34.530196185535516 ], [ -58.461111156941158, -34.530181921039642 ], [ -58.461109094063133, -34.530179552037026 ], [ -58.461106295999137, -34.530176337477144 ], [ -58.461102420751594, -34.530171886131882 ], [ -58.461100489662968, -34.530169667670798 ], [ -58.461078051793024, -34.530143893495513 ], [ -58.461072893516516, -34.53013796738491 ], [ -58.461072169229737, -34.530136962277361 ], [ -58.461060808238457, -34.530121204121201 ], [ -58.461055218688976, -34.530113449892838 ], [ -58.4610405237988, -34.530093067322667 ], [ -58.461008671461776, -34.530048883897003 ], [ -58.46100419068209, -34.53004266753311 ], [ -58.461004136225817, -34.530042584602171 ], [ -58.461002367447605, -34.530039839705999 ], [ -58.460995010245441, -34.530028426525334 ], [ -58.46099344840583, -34.530026004345629 ], [ -58.460953399341776, -34.529963876826407 ], [ -58.460947014761217, -34.529953971758665 ], [ -58.460942957688872, -34.529947678777226 ], [ -58.460941151883709, -34.52994487618777 ], [ -58.460941076733867, -34.529944757199061 ], [ -58.460938469331907, -34.529940202209715 ], [ -58.460929746406258, -34.529924957007225 ], [ -58.460925634902281, -34.529917770704088 ], [ -58.460916194238308, -34.529901270691916 ], [ -58.460907414685543, -34.529885925427521 ], [ -58.460890094110972, -34.529855653166301 ], [ -58.460888442977172, -34.529852767646901 ], [ -58.460885958652746, -34.529848425395372 ], [ -58.460884387026333, -34.529845678698166 ], [ -58.460883718295712, -34.529844509526775 ], [ -58.460883691068425, -34.529844460850889 ], [ -58.460883534234547, -34.529844147150854 ], [ -58.460883534234227, -34.529844147150229 ], [ -58.460883412251626, -34.529843908268305 ], [ -58.460880022877774, -34.529837167285933 ], [ -58.460875345063393, -34.529827865306679 ], [ -58.460834180341564, -34.529746006258371 ], [ -58.460832544471366, -34.529742753855267 ], [ -58.46083218614865, -34.529742041716752 ], [ -58.460832169812747, -34.529742007463966 ], [ -58.460831856147252, -34.529741289016812 ], [ -58.460830985941925, -34.529739294128134 ], [ -58.460827802450069, -34.529731997865433 ], [ -58.460822751122016, -34.529720420659665 ], [ -58.460786629484204, -34.529637632318803 ], [ -58.460725223114416, -34.529495831125537 ], [ -58.460725223112746, -34.529495831121906 ], [ -58.460656497543027, -34.529356348221846 ], [ -58.460656497541152, -34.529356348218286 ], [ -58.460580581317799, -34.529219443214942 ], [ -58.460580581315746, -34.52921944321146 ], [ -58.460497614963224, -34.529085369397443 ], [ -58.460497614960993, -34.529085369394018 ], [ -58.460407750981538, -34.528954376455829 ], [ -58.46040775097913, -34.528954376452482 ], [ -58.460311158209464, -34.528826705963183 ], [ -58.460311158207922, -34.528826705961201 ], [ -58.46005716286021, -34.528509709627222 ], [ -58.460057162859655, -34.52850970962654 ], [ -58.459799665490337, -34.528194655236035 ], [ -58.459799665488937, -34.528194655234358 ], [ -58.459737795987238, -34.528122527072178 ], [ -58.459737795984907, -34.528122527069556 ], [ -58.459672822373932, -34.528052292694156 ], [ -58.459672822372582, -34.528052292692742 ], [ -58.459665689722542, -34.528044893518462 ], [ -58.45960016964451, -34.527970791943041 ], [ -58.459541592212688, -34.527892808975501 ], [ -58.459506669481591, -34.527837382383979 ], [ -58.459486267845726, -34.527775654318425 ], [ -58.459473171330913, -34.527712582436017 ], [ -58.459467502971371, -34.527648758989642 ], [ -58.459469316091997, -34.527584779829276 ], [ -58.459478594311371, -34.52752124620563 ], [ -58.459478594311641, -34.527521246203591 ], [ -58.459481183161905, -34.527499353174491 ], [ -58.459481183162332, -34.527499353161694 ], [ -58.459479995889318, -34.527477377983935 ], [ -58.459479995887527, -34.527477377971202 ], [ -58.459475056435572, -34.527455763249264 ], [ -58.459475056431614, -34.527455763236873 ], [ -58.459466463897144, -34.527434947069956 ], [ -58.459466463891118, -34.527434947058161 ], [ -58.459454392523185, -34.527415349518868 ], [ -58.459454392518872, -34.527415349512509 ], [ -58.459298788563927, -34.527206413907152 ], [ -58.459298788561142, -34.527206413903592 ], [ -58.459281170264923, -34.527185072792541 ], [ -58.459253813295412, -34.527151936101497 ], [ -58.459253813290594, -34.527151936096097 ], [ -58.459204065252969, -34.527100378761041 ], [ -58.459204065247675, -34.527100378755968 ], [ -58.45915065859797, -34.527052773159753 ], [ -58.459149870083351, -34.52705207001496 ], [ -58.459149870081362, -34.527052070013241 ], [ -58.459149819982287, -34.527052027644181 ], [ -58.459149819978556, -34.527052027641169 ], [ -58.459147076497317, -34.527049919095312 ], [ -58.459140773787922, -34.52704507908517 ], [ -58.459133685827389, -34.527039635989034 ], [ -58.459099552975665, -34.527013424743799 ], [ -58.459093409282545, -34.527008705528743 ], [ -58.459093215420168, -34.527008556785518 ], [ -58.459091423827459, -34.527007181136511 ], [ -58.4590914238251, -34.527007181134771 ], [ -58.459091380260475, -34.527007149583099 ], [ -58.45909138025668, -34.527007149580484 ], [ -58.459073426116312, -34.526995289703294 ], [ -58.459031101850684, -34.526967334782846 ], [ -58.459029069554767, -34.526965992477535 ], [ -58.459029069553097, -34.526965992476455 ], [ -58.459029036879478, -34.526965971742328 ], [ -58.459027113492823, -34.526964752937111 ], [ -58.459019338262856, -34.526959827232986 ], [ -58.459014730195356, -34.526956907328781 ], [ -58.459014687719794, -34.526956880284359 ], [ -58.459014687719595, -34.526956880284231 ], [ -58.45900461553699, -34.526950498683668 ], [ -58.458945746448606, -34.526913200695063 ], [ -58.458944939411381, -34.526912689553548 ], [ -58.458908481162197, -34.526889589919442 ], [ -58.458906699364753, -34.526888461260953 ], [ -58.458906406393453, -34.526888272851743 ], [ -58.458904997078697, -34.526887318183917 ], [ -58.458901192797626, -34.526884732736079 ], [ -58.458900177741789, -34.526884043102996 ], [ -58.458886227261111, -34.52687456222484 ], [ -58.45881006329008, -34.526822803651278 ], [ -58.458809627644392, -34.526822507965122 ], [ -58.458788918144378, -34.526808434024019 ], [ -58.45878701219533, -34.526807140396642 ], [ -58.458787012193916, -34.526807140395704 ], [ -58.458786686548528, -34.526806926743966 ], [ -58.458786686548173, -34.526806926743731 ], [ -58.458778510559767, -34.526801608885798 ], [ -58.458755436569042, -34.526786600064995 ], [ -58.458739482128152, -34.526776222169211 ], [ -58.458739326384901, -34.526776120301484 ], [ -58.458739326384666, -34.526776120301342 ], [ -58.458710146834328, -34.526757140429694 ], [ -58.458708149399186, -34.526755841389082 ], [ -58.458708149393601, -34.526755841385679 ], [ -58.458708114541778, -34.526755821552847 ], [ -58.458708114540613, -34.526755821552193 ], [ -58.458652486676762, -34.526725043610611 ], [ -58.45862666584727, -34.526710758511733 ], [ -58.458624762067934, -34.526709704663276 ], [ -58.458624762060794, -34.526709704659638 ], [ -58.458574686333193, -34.526686388960506 ], [ -58.458553588927124, -34.526676566124124 ], [ -58.458539410723702, -34.526669965276945 ], [ -58.458537407826718, -34.526669032215302 ], [ -58.45853740782448, -34.526669032214279 ], [ -58.458537340298761, -34.526669002464352 ], [ -58.458537340293546, -34.526669002462185 ], [ -58.458523829662994, -34.52666379705812 ], [ -58.458511856882303, -34.52665918485603 ], [ -58.4584586900408, -34.526638704897465 ], [ -58.458446402509452, -34.526633973687275 ], [ -58.458446402503576, -34.526633973685179 ], [ -58.458446209727455, -34.526633910577161 ], [ -58.458446209726475, -34.526633910576841 ], [ -58.458440562581274, -34.526632113795507 ], [ -58.458322811218366, -34.526594649086952 ], [ -58.458322811212156, -34.526594649085148 ], [ -58.458196578473888, -34.526561567579499 ], [ -58.458196578467565, -34.526561567578021 ], [ -58.458068164953119, -34.526534847264024 ], [ -58.458068164946702, -34.526534847262852 ], [ -58.457938037867855, -34.526514587311901 ], [ -58.457938037861354, -34.526514587311063 ], [ -58.45780667096453, -34.526500858952268 ], [ -58.457806670957069, -34.5265008589517 ], [ -58.457712684178397, -34.526496438566028 ], [ -58.457712684169969, -34.526496438565907 ], [ -58.457618566294542, -34.526498037874276 ], [ -58.457618566286143, -34.526498037874681 ], [ -58.45752487929547, -34.526505646987559 ], [ -58.457524879287121, -34.526505646988511 ], [ -58.457432180809015, -34.526519221763429 ], [ -58.457432180800794, -34.526519221764907 ], [ -58.457341026288226, -34.526538680200744 ], [ -58.457341026280154, -34.526538680202734 ], [ -58.457251959209486, -34.526563906044892 ], [ -58.457251959201642, -34.526563906047393 ], [ -58.457165512166782, -34.526594748786046 ], [ -58.457042751530807, -34.526627561043625 ], [ -58.457042751524853, -34.52662756104538 ], [ -58.456922500836924, -34.526666215501706 ], [ -58.456922500831091, -34.526666215503738 ], [ -58.456805163070769, -34.526710583281179 ], [ -58.456805163064914, -34.526710583283574 ], [ -58.456719457971509, -34.526748288359322 ], [ -58.456719457965647, -34.5267482883621 ], [ -58.456715423582331, -34.526750338004213 ], [ -58.456636738909168, -34.526790314110606 ], [ -58.456636738903534, -34.526790314113676 ], [ -58.456557325010799, -34.526836500103428 ], [ -58.456557325008063, -34.52683650010507 ], [ -58.456125503671544, -34.527104554572361 ], [ -58.455993724941081, -34.527184920359119 ], [ -58.455639039195283, -34.527401225490955 ], [ -58.455609599012902, -34.527414798322027 ], [ -58.455609599000155, -34.527414798328905 ], [ -58.455582730011862, -34.527431634506598 ], [ -58.455582730000415, -34.527431634514883 ], [ -58.455558958306263, -34.527451405048289 ], [ -58.455558958296301, -34.527451405057825 ], [ -58.455538747914943, -34.527473724164835 ], [ -58.455538747911042, -34.527473724169447 ], [ -58.455444215947274, -34.527592970536382 ], [ -58.455067103557056, -34.528061056369602 ], [ -58.455048091947418, -34.528084654607611 ], [ -58.455047636618815, -34.528085217972468 ], [ -58.45492464868888, -34.528236731504101 ], [ -58.454839142376613, -34.528342068892904 ], [ -58.454766400404694, -34.528431681611373 ], [ -58.454714038245157, -34.528496187201178 ], [ -58.454686916512308, -34.528529599614792 ], [ -58.454673544089204, -34.528546073262824 ], [ -58.454654423345083, -34.528569628161186 ], [ -58.454642920174642, -34.528583799677911 ], [ -58.454639811267924, -34.528587629646765 ], [ -58.454639305825431, -34.52858825250123 ], [ -58.454638667486364, -34.528589039407095 ], [ -58.454637711067264, -34.528590217512253 ], [ -58.454637218699794, -34.528590821433873 ], [ -58.45463697470219, -34.528591066603006 ], [ -58.454624107866138, -34.52860393474532 ], [ -58.454624107860212, -34.528603934751828 ], [ -58.454374271860118, -34.52890562950796 ], [ -58.45437427185955, -34.528905629508671 ], [ -58.454049962216054, -34.529305310686375 ], [ -58.45357561854135, -34.52947090591892 ], [ -58.452634899783575, -34.52978152275827 ], [ -58.452125701714643, -34.529940396118278 ], [ -58.452125701700176, -34.52994039612382 ], [ -58.451950930619041, -34.530020732252879 ], [ -58.45195093060061, -34.530020732263559 ], [ -58.45188619821154, -34.530067151971949 ], [ -58.451886198193229, -34.530067151988845 ], [ -58.451823619350463, -34.530142141551025 ], [ -58.451823619343344, -34.530142141560852 ], [ -58.451691980270397, -34.530352830551621 ], [ -58.451691980262623, -34.530352830567693 ], [ -58.451666079556496, -34.530426037920854 ], [ -58.451666079552609, -34.53042603793758 ], [ -58.451666079552581, -34.530426037954598 ], [ -58.451679008950855, -34.530540317923453 ], [ -58.451679008957228, -34.530540317946517 ], [ -58.4517199897737, -34.530631387706734 ], [ -58.451719989776933, -34.530631387713157 ], [ -58.451855882262073, -34.530874242829569 ], [ -58.451855882264489, -34.530874242833605 ], [ -58.451989622320703, -34.531084956697931 ], [ -58.452042395925901, -34.531168808451298 ], [ -58.452042395932253, -34.531168808460109 ], [ -58.452085829884602, -34.531222021016404 ], [ -58.452171741563106, -34.53132727474997 ], [ -58.45218395509179, -34.531342238743747 ], [ -58.452215905224598, -34.531381381855553 ], [ -58.452262346121273, -34.531438278183259 ], [ -58.452270138187657, -34.531447824157901 ], [ -58.452270207886052, -34.531447909800278 ], [ -58.45227020788613, -34.531447909800377 ], [ -58.452284606061248, -34.531465550334723 ], [ -58.452289885720383, -34.531472018590328 ], [ -58.45229971756298, -34.531484064419814 ], [ -58.452302062264089, -34.531486936595506 ], [ -58.452302741824006, -34.531487769580025 ], [ -58.452302766870318, -34.531487801130574 ], [ -58.452304510388373, -34.531490184674148 ], [ -58.452344656002062, -34.531545090940696 ], [ -58.452385416965711, -34.5316008382852 ], [ -58.452490275771673, -34.531744250222651 ], [ -58.452533333687008, -34.531803139212045 ], [ -58.452572572440424, -34.531856804949641 ], [ -58.452600653048059, -34.531895209344235 ], [ -58.452638395559795, -34.531946827775322 ], [ -58.452668718544089, -34.531988299023197 ], [ -58.452684450700325, -34.532009815785131 ], [ -58.45269080084833, -34.532018499837221 ], [ -58.452690991429051, -34.532018760367826 ], [ -58.452694248725528, -34.532023214629241 ], [ -58.452698586342756, -34.532029147333802 ], [ -58.452699992284117, -34.53203107021158 ], [ -58.452700379979447, -34.532031600287091 ], [ -58.45270039849143, -34.53203162642815 ], [ -58.452700646784322, -34.532032010458458 ], [ -58.452712136914116, -34.532049764268827 ], [ -58.452728210689003, -34.532074602833667 ], [ -58.453219044774684, -34.532833045674138 ], [ -58.453219044775821, -34.532833045675858 ], [ -58.454135352152903, -34.534178283057408 ], [ -58.454135352157152, -34.534178283063135 ], [ -58.454411986125066, -34.534521749192557 ], [ -58.45451982863581, -34.534751625805896 ], [ -58.45451982864482, -34.534751625820824 ], [ -58.45466751049625, -34.534948402769878 ], [ -58.454667510510639, -34.534948402785133 ], [ -58.454912459658772, -34.53515711127811 ], [ -58.454898045030951, -34.535204811323091 ], [ -58.45489804502791, -34.535204811339362 ], [ -58.454898045028479, -34.535204811355825 ], [ -58.454898045032678, -34.535204811371919 ], [ -58.454898045040338, -34.535204811387111 ], [ -58.454898045051216, -34.535204811400909 ], [ -58.45496648611352, -34.535276367265631 ], [ -58.454966486127638, -34.535276367277852 ], [ -58.454966486144251, -34.535276367287658 ], [ -58.454966486162803, -34.535276367294728 ], [ -58.455099775564555, -34.535315133387428 ], [ -58.455195392438689, -34.535369558318877 ], [ -58.45519539245398, -34.535369558326146 ], [ -58.455195392470486, -34.535369558331269 ], [ -58.455259948459286, -34.535384826544615 ], [ -58.45538905690362, -34.535453524088929 ], [ -58.455437470648533, -34.535497412526915 ], [ -58.455437470660236, -34.53549741253606 ], [ -58.455508796818108, -34.535545432788901 ], [ -58.455508796841819, -34.535545432801058 ], [ -58.455547148603266, -34.535559838321205 ], [ -58.455604350951106, -34.535589281806402 ], [ -58.455604350951397, -34.535589281806566 ], [ -58.456753925956207, -34.536176750796571 ], [ -58.456880731170394, -34.536241629982136 ], [ -58.45688073117482, -34.536241629984275 ], [ -58.458727892805406, -34.537090110183549 ], [ -58.458745946203237, -34.537098422059813 ], [ -58.458768158401305, -34.537108648729088 ], [ -58.458771435986293, -34.5371101578476 ], [ -58.458776650276832, -34.537112558553851 ], [ -58.458776650277102, -34.537112558553986 ], [ -58.458776691668987, -34.537112577485594 ], [ -58.458776691670074, -34.53711257748607 ], [ -58.458822032054698, -34.537132769366572 ], [ -58.458559708760582, -34.537325750479951 ], [ -58.458486581838478, -34.537281843425063 ], [ -58.458483495986684, -34.537279990860931 ], [ -58.458482414359167, -34.537279341787375 ], [ -58.45847853444274, -34.537277012334386 ], [ -58.4584780322974, -34.537276711236316 ], [ -58.458478032283431, -34.537276711229204 ], [ -58.458477861269117, -34.537276638206457 ], [ -58.458477861268861, -34.53727663820635 ], [ -58.458476303622433, -34.537275977395311 ], [ -58.458471907355992, -34.537274113961956 ], [ -58.45841402283726, -34.537249571079606 ], [ -58.458403980926256, -34.537245313214882 ], [ -58.458384568092775, -34.537237082362374 ], [ -58.458368156179979, -34.537230124449763 ], [ -58.45834750813065, -34.537221369809629 ], [ -58.458334165763432, -34.537215712782995 ], [ -58.458323278593511, -34.537211097008807 ], [ -58.458315200630111, -34.537207672139779 ], [ -58.458309493989461, -34.537205252463636 ], [ -58.458301262441331, -34.537201762684333 ], [ -58.458296472959468, -34.537199731562282 ], [ -58.458288120504449, -34.537196190395491 ], [ -58.458284805882776, -34.537194784927173 ], [ -58.458276747529204, -34.537191368169282 ], [ -58.458270896019052, -34.537188887188037 ], [ -58.458265212255434, -34.537186477426523 ], [ -58.458259637418209, -34.537184113642276 ], [ -58.458256051571503, -34.537182593680136 ], [ -58.458157704439969, -34.537140894749896 ], [ -58.457881784443721, -34.537023905810415 ], [ -58.45784170960922, -34.537006914739379 ], [ -58.457793874933053, -34.536986633079231 ], [ -58.457751959292885, -34.536968861255673 ], [ -58.457680604385871, -34.536938606840756 ], [ -58.45766064271065, -34.536930143278113 ], [ -58.457607421762894, -34.53690757706746 ], [ -58.457520978630917, -34.536870925294039 ], [ -58.457456213865314, -34.536843464596707 ], [ -58.457371051825106, -34.536807356341541 ], [ -58.457309564712205, -34.536781285733177 ], [ -58.45689790953903, -34.536606741317776 ], [ -58.456546192692528, -34.536457609304591 ], [ -58.456468194287226, -34.536424536836364 ], [ -58.456435608556752, -34.536410720564376 ], [ -58.45643427314765, -34.536410154390055 ], [ -58.456275525158134, -34.536342843550372 ], [ -58.456270191155227, -34.536340581550647 ], [ -58.456265584764537, -34.536338628783959 ], [ -58.45626532116944, -34.53633851428711 ], [ -58.456265321168488, -34.536338514286697 ], [ -58.456265276515239, -34.536338495356432 ], [ -58.456265201364992, -34.536338453889769 ], [ -58.456263460786111, -34.536337436073509 ], [ -58.456249770330032, -34.536329430568045 ], [ -58.456230370166445, -34.536318085826608 ], [ -58.456229407292852, -34.536317522375882 ], [ -58.456127628137864, -34.53625800570461 ], [ -58.455999583670661, -34.536183128782397 ], [ -58.455900475606683, -34.536125173360382 ], [ -58.455888773043611, -34.536118329880438 ], [ -58.455747984083963, -34.536035999780225 ], [ -58.455747432940427, -34.53603567793489 ], [ -58.455747432932043, -34.536035677930457 ], [ -58.455745974457415, -34.536034981934733 ], [ -58.455735901288861, -34.536030173974304 ], [ -58.455693645840874, -34.536010006315685 ], [ -58.455693412746569, -34.536009894523609 ], [ -58.455693412746378, -34.536009894523517 ], [ -58.455652134354111, -34.535990192951594 ], [ -58.455541522475038, -34.535937399016738 ], [ -58.45544843524381, -34.535892969595608 ], [ -58.455448435243696, -34.535892969595551 ], [ -58.455448181454706, -34.535892848787363 ], [ -58.455178402012464, -34.535764085014193 ], [ -58.455176654903852, -34.535763252876194 ], [ -58.455119021041483, -34.535735744534144 ], [ -58.45507446764006, -34.535714478562028 ], [ -58.45503548778931, -34.535695873076939 ], [ -58.454991807982573, -34.535675025398163 ], [ -58.454978243959474, -34.535668551290968 ], [ -58.454976298620977, -34.535667622684997 ], [ -58.454869810090322, -34.535607875676206 ], [ -58.454561009777862, -34.535434618553708 ], [ -58.454137635965701, -34.535197076386794 ], [ -58.454137635951327, -34.535197076379987 ], [ -58.454063011623781, -34.535167730045835 ], [ -58.45399230827811, -34.535132354287974 ], [ -58.453926236078409, -34.535091302526972 ], [ -58.453866515921753, -34.535045794537901 ], [ -58.453865457255262, -34.535044987677416 ], [ -58.453810581744207, -34.534993874031834 ], [ -58.453762158472202, -34.534938473654407 ], [ -58.453720675357992, -34.534879342774538 ], [ -58.453686547331472, -34.534817073672706 ], [ -58.453660117428846, -34.534752292889884 ], [ -58.453665903744451, -34.534675046032582 ], [ -58.453665903743698, -34.534675046015032 ], [ -58.453665903738838, -34.534675045997936 ], [ -58.453665903730077, -34.534675045981949 ], [ -58.453618748951975, -34.534607446561061 ], [ -58.453562563672996, -34.534489382426827 ], [ -58.453540957129441, -34.534424984190245 ], [ -58.453513283654985, -34.534340510562124 ], [ -58.453513283647474, -34.534340510545739 ], [ -58.453471806560067, -34.534271142903343 ], [ -58.453471806555498, -34.534271142896472 ], [ -58.453423210906308, -34.534205017115639 ], [ -58.453423210901043, -34.53420501710913 ], [ -58.453367862630493, -34.534142630802521 ], [ -58.45333193223987, -34.534100512965523 ], [ -58.45323529051354, -34.533929765367269 ], [ -58.453247737396453, -34.533921428568114 ], [ -58.453247737410841, -34.533921428556496 ], [ -58.453247737422423, -34.533921428542897 ], [ -58.453247737430765, -34.533921428527762 ], [ -58.453247737435618, -34.533921428511633 ], [ -58.453247737436797, -34.53392142849502 ], [ -58.453247737434282, -34.533921428478514 ], [ -58.453247737428136, -34.533921428462683 ], [ -58.453247737418579, -34.533921428448053 ], [ -58.453195545016683, -34.533856618429972 ], [ -58.453175052107547, -34.533818523848034 ], [ -58.453175052099368, -34.533818523835578 ], [ -58.453137658912667, -34.533770904617789 ], [ -58.453111772116834, -34.533731619168961 ], [ -58.453111772113694, -34.533731619164499 ], [ -58.453031233715102, -34.533624476160497 ], [ -58.452980898312461, -34.533549476536251 ], [ -58.452980898310869, -34.533549476533956 ], [ -58.452917618877038, -34.533461381354066 ], [ -58.452917618875993, -34.533461381352652 ], [ -58.452854339130752, -34.533376857349275 ], [ -58.452752230768318, -34.533225667398895 ], [ -58.452710525113048, -34.533160191626358 ], [ -58.452710525108436, -34.533160191619807 ], [ -58.452641492771328, -34.533070905392911 ], [ -58.452575339685971, -34.532963763333342 ], [ -58.452575339683676, -34.532963763329832 ], [ -58.452497680290854, -34.532850668197895 ], [ -58.452436560897716, -34.532751859331654 ], [ -58.452413555116856, -34.532685194718937 ], [ -58.452413555109054, -34.532685194702559 ], [ -58.45235603115372, -34.532592338119755 ], [ -58.452356031152981, -34.532592338118604 ], [ -58.45230713553152, -34.532516147927915 ], [ -58.452307135530027, -34.532516147925691 ], [ -58.452235229406867, -34.532411385962483 ], [ -58.4522208495342, -34.532380434191552 ], [ -58.452205037112513, -34.532305437365892 ], [ -58.452205037111725, -34.53230543736251 ], [ -58.452192098187354, -34.532255439256708 ], [ -58.45218491206456, -34.532211393688783 ], [ -58.45218491206105, -34.53221139367524 ], [ -58.452173409180787, -34.53217925174178 ], [ -58.452173409177121, -34.532179251733176 ], [ -58.452150401063051, -34.532132823910395 ], [ -58.452150401058546, -34.53213282390243 ], [ -58.452111572565478, -34.532072109788146 ], [ -58.452111572564043, -34.53207210978595 ], [ -58.452092877135676, -34.532044728797928 ], [ -58.452092877135115, -34.532044728797125 ], [ -58.45206123859812, -34.531999490567472 ], [ -58.45206123859375, -34.531999490561738 ], [ -58.452005150514616, -34.531931632403371 ], [ -58.452005150510708, -34.531931632398923 ], [ -58.451954814139008, -34.531878059587513 ], [ -58.4519548141336, -34.531878059582198 ], [ -58.451886139606216, -34.531815557018021 ], [ -58.451853282233799, -34.531773801369567 ], [ -58.451848197472415, -34.531766786021208 ], [ -58.451848197462496, -34.531766786009669 ], [ -58.451826987811934, -34.53174584193588 ], [ -58.451826290806814, -34.531745154077285 ], [ -58.451826290794841, -34.531745154067188 ], [ -58.451800560569758, -34.531726629009199 ], [ -58.451800560556002, -34.531726629000779 ], [ -58.451772524789106, -34.531712124759274 ], [ -58.45177030530899, -34.531710526840847 ], [ -58.451770305291561, -34.531710526830594 ], [ -58.451770305272056, -34.531710526823368 ], [ -58.451761288206605, -34.531708030703811 ], [ -58.451740248707161, -34.531700639504415 ], [ -58.451740248690939, -34.531700639499924 ], [ -58.451718063395681, -34.531696065126035 ], [ -58.451705816696752, -34.531692674967204 ], [ -58.451705816671648, -34.531692674962891 ], [ -58.451671839612537, -34.531690224454252 ], [ -58.4516718396046, -34.531690224453918 ], [ -58.451595602875067, -34.531689346738496 ], [ -58.451595602857573, -34.531689346739462 ], [ -58.451526559173196, -34.531697821725125 ], [ -58.451461832337934, -34.531694244259114 ], [ -58.451461832319168, -34.53169424425942 ], [ -58.451461832300758, -34.531694244262376 ], [ -58.451363659174916, -34.531717447570955 ], [ -58.45136365915684, -34.531717447576717 ], [ -58.451363659140284, -34.531717447585024 ], [ -58.451306478312937, -34.531752261275088 ], [ -58.451155438011298, -34.531819206529782 ], [ -58.451155438006985, -34.531819206531807 ], [ -58.451104731196267, -34.531844199947386 ], [ -58.451104731193468, -34.531844199948821 ], [ -58.451055642408896, -34.531870086307926 ], [ -58.451055642395943, -34.531870086315941 ], [ -58.450943436152201, -34.531950873634898 ], [ -58.450943436137202, -34.531950873648107 ], [ -58.450909988214953, -34.531987028757484 ], [ -58.450909988204749, -34.531987028770779 ], [ -58.450864668151738, -34.532059341158615 ], [ -58.450793991737605, -34.532162452617605 ], [ -58.450793991726144, -34.532162452642062 ], [ -58.450766467465947, -34.5322624436876 ], [ -58.4507664674654, -34.53226244368971 ], [ -58.450749196139185, -34.532332973302204 ], [ -58.450731926125293, -34.532394574887981 ], [ -58.450731926123318, -34.532394574897154 ], [ -58.45071248840928, -34.532523136433511 ], [ -58.450712488408492, -34.532523136441633 ], [ -58.450708157350263, -34.532628486666034 ], [ -58.45070275810108, -34.532663305395545 ], [ -58.450702758100391, -34.532663305401556 ], [ -58.450694109926836, -34.532781154411843 ], [ -58.450683309775535, -34.532861505500925 ], [ -58.450683309774988, -34.532861505506695 ], [ -58.450678982973486, -34.53293828604636 ], [ -58.450650920810467, -34.533025777755427 ], [ -58.450616384116422, -34.533123982420825 ], [ -58.450616384115825, -34.53312398242263 ], [ -58.450577528846267, -34.533243613879989 ], [ -58.450542992793942, -34.533336461705474 ], [ -58.450508458578341, -34.533416810285033 ], [ -58.450463137269992, -34.533490015302597 ], [ -58.450413501176357, -34.533559648643887 ], [ -58.450413501175326, -34.533559648645372 ], [ -58.450337967094356, -34.533670348122001 ], [ -58.450337967089567, -34.533670348129881 ], [ -58.450296960196994, -34.533747124756843 ], [ -58.450296960193583, -34.533747124764041 ], [ -58.450271058883537, -34.533809618154336 ], [ -58.450271058882883, -34.533809618155971 ], [ -58.450226402631031, -34.53392449148712 ], [ -58.450226402628296, -34.533924491495519 ], [ -58.450217226169187, -34.533959313820773 ], [ -58.450205030509892, -34.534005593195602 ], [ -58.450195505364796, -34.534041738622513 ], [ -58.450176982288397, -34.53406993562956 ], [ -58.450154495897721, -34.534104165816579 ], [ -58.450141551478907, -34.534123870603928 ], [ -58.450141551468576, -34.534123870626331 ], [ -58.450131459580014, -34.534159344911743 ], [ -58.450124280777317, -34.534184579307016 ], [ -58.45012428077505, -34.53418457931793 ], [ -58.45012220658176, -34.534200352377553 ], [ -58.450119078828294, -34.534224137151682 ], [ -58.450114658624742, -34.534257750245231 ], [ -58.450112131150426, -34.534276747553804 ], [ -58.450108612476399, -34.534302923994893 ], [ -58.450105843682152, -34.534323521850062 ], [ -58.450103437466993, -34.534341422366957 ], [ -58.45010051852941, -34.534363137161023 ], [ -58.450096268334327, -34.534376117519813 ], [ -58.45009103616345, -34.534392096887672 ], [ -58.450084455126145, -34.534412195766507 ], [ -58.450077859887095, -34.534432338008223 ], [ -58.450072455565355, -34.534448843111996 ], [ -58.450059142738709, -34.534478577820451 ], [ -58.450050871436559, -34.534497052079281 ], [ -58.450050871430747, -34.534497052098523 ], [ -58.450047787914919, -34.534515916935682 ], [ -58.450045779102339, -34.534528206773004 ], [ -58.450043399543134, -34.534542764819058 ], [ -58.450040072704155, -34.534563118275344 ], [ -58.450038185039915, -34.534571391820592 ], [ -58.450033223465255, -34.534593138164972 ], [ -58.45002918594426, -34.534610834417869 ], [ -58.450021877074995, -34.534642868807332 ], [ -58.450018481153926, -34.53465775294211 ], [ -58.450018481153762, -34.534657752942856 ], [ -58.45001397605926, -34.534678449936607 ], [ -58.450010177111992, -34.534695902789437 ], [ -58.450006067275744, -34.534714783897897 ], [ -58.450002054001196, -34.534733221381259 ], [ -58.449999048063653, -34.534747031027422 ], [ -58.449996921842569, -34.534754592747149 ], [ -58.449993321803994, -34.534767395966909 ], [ -58.449988311546356, -34.534785214499692 ], [ -58.449982590979879, -34.534805559172703 ], [ -58.449977459263728, -34.534823809644479 ], [ -58.449977459262314, -34.534823809650412 ], [ -58.449969988722899, -34.534861755445661 ], [ -58.449965242951023, -34.53488586106117 ], [ -58.449962343405154, -34.534900588972022 ], [ -58.44996234340374, -34.534900588985323 ], [ -58.449962343404721, -34.534900588998681 ], [ -58.449964881081002, -34.534916004860165 ], [ -58.449966838261311, -34.534927894324134 ], [ -58.449968810125753, -34.534939872987771 ], [ -58.449969630618583, -34.534957588101456 ], [ -58.449970483061918, -34.534975993044959 ], [ -58.449970960388598, -34.534986298911562 ], [ -58.449969535192388, -34.534993134283333 ], [ -58.449966762429234, -34.535006432706354 ], [ -58.449963420293024, -34.53502246188846 ], [ -58.449960163815497, -34.535038080237769 ], [ -58.449960163814197, -34.535038080259746 ], [ -58.44996120474643, -34.535049730534077 ], [ -58.449963041184567, -34.535070284225611 ], [ -58.449964471456447, -34.535086292036262 ], [ -58.449964471459865, -34.535086292052959 ], [ -58.449964471466977, -34.535086292068804 ], [ -58.449973088821416, -34.535101069235026 ], [ -58.449984903724427, -34.535121329595 ], [ -58.449994670550673, -34.535138077876191 ], [ -58.449994670556158, -34.535138077884447 ], [ -58.449999884463494, -34.535145050049223 ], [ -58.449999884477528, -34.535145050064202 ], [ -58.449999884495028, -34.535145050076423 ], [ -58.449999884515236, -34.53514505008534 ], [ -58.449999884537242, -34.535145050090563 ], [ -58.449999884560093, -34.535145050091877 ], [ -58.450000960628316, -34.535145017504149 ], [ -58.450001066120116, -34.535146630168271 ], [ -58.450001066122596, -34.535146630183142 ], [ -58.450001066128024, -34.53514663019746 ], [ -58.450001066136259, -34.535146630210839 ], [ -58.450022714270915, -34.535175578611167 ], [ -58.450039969667237, -34.535213078159543 ], [ -58.450039969676318, -34.535213078174806 ], [ -58.450039969688724, -34.535213078188377 ], [ -58.450069633390733, -34.535239865453896 ], [ -58.450087429293511, -34.535270669035192 ], [ -58.450087429303132, -34.5352706690487 ], [ -58.450103608874173, -34.535289419638666 ], [ -58.450103608885783, -34.535289419650006 ], [ -58.450113856486077, -34.535297902375241 ], [ -58.450113856491463, -34.535297902379398 ], [ -58.450123513227631, -34.535304882739752 ], [ -58.450135159598517, -34.535322610361177 ], [ -58.450135159604763, -34.535322610369555 ], [ -58.450160524322897, -34.535352821817412 ], [ -58.450178690486446, -34.535374459182954 ], [ -58.450178690497083, -34.53537445919374 ], [ -58.450221625510729, -34.535411707590754 ], [ -58.450246345368399, -34.535433153353779 ], [ -58.450246342214804, -34.535433429644684 ], [ -58.450246342216715, -34.535433429662326 ], [ -58.450246342222755, -34.535433429679337 ], [ -58.450246342232695, -34.535433429695026 ], [ -58.450246342246153, -34.535433429708803 ], [ -58.450246342262602, -34.535433429720143 ], [ -58.450247719358813, -34.535434202330713 ], [ -58.450321003339418, -34.535488067098967 ], [ -58.450321003346403, -34.535488067103685 ], [ -58.450399416498918, -34.535536733814453 ], [ -58.45039941650635, -34.535536733818688 ], [ -58.450482422950991, -34.535579869773734 ], [ -58.450482422958814, -34.535579869777436 ], [ -58.450569454133223, -34.535617179238479 ], [ -58.450569454141394, -34.53561717924164 ], [ -58.450659914241221, -34.535648407934694 ], [ -58.45065991424967, -34.535648407937273 ], [ -58.450753184586588, -34.535673340348943 ], [ -58.450753184595278, -34.535673340350939 ], [ -58.450848625774917, -34.535691806940513 ], [ -58.450848625783777, -34.535691806941905 ], [ -58.450945585331702, -34.535703681437788 ], [ -58.450945585340655, -34.535703681438555 ], [ -58.451043398792109, -34.535708882641664 ], [ -58.451043398801119, -34.535708882641842 ], [ -58.451141397326708, -34.535707374426181 ], [ -58.451141397335704, -34.535707374425726 ], [ -58.45123890992042, -34.535699166640413 ], [ -58.451238909929351, -34.535699166639347 ], [ -58.451335268819911, -34.535684316010276 ], [ -58.451335268828686, -34.535684316008606 ], [ -58.451429814980514, -34.535662924336258 ], [ -58.451429814989105, -34.535662924333998 ], [ -58.451521899134399, -34.535635138499998 ], [ -58.451600635731296, -34.535640388149673 ], [ -58.451600635751959, -34.535640388149424 ], [ -58.451600635772188, -34.535640388145943 ], [ -58.451600635791259, -34.53564038813937 ], [ -58.451600635808482, -34.535640388129956 ], [ -58.451600635823254, -34.535640388117997 ], [ -58.451600635835021, -34.53564038810395 ], [ -58.451600635843391, -34.535640388088325 ], [ -58.451601219225658, -34.535638939717863 ], [ -58.451698386974385, -34.535644785975052 ], [ -58.451836520656038, -34.535653096880374 ], [ -58.451935226247457, -34.535659035471596 ], [ -58.452017233609617, -34.535663969357685 ], [ -58.452022490631599, -34.535664285638958 ], [ -58.452022490654613, -34.535664285638326 ], [ -58.452022490676953, -34.535664285633686 ], [ -58.452022490697615, -34.535664285625288 ], [ -58.452026247498523, -34.53566232461408 ], [ -58.452792288118957, -34.535711575959631 ], [ -58.452864134331001, -34.535718849464693 ], [ -58.452934747858848, -34.535732011877229 ], [ -58.453003425067884, -34.535750930629966 ], [ -58.453069481932083, -34.535775419072301 ], [ -58.453132261661963, -34.535805232865755 ], [ -58.453191140149599, -34.535840074491055 ], [ -58.453245529235758, -34.53587959775556 ], [ -58.453246615120079, -34.535880561472503 ], [ -58.453294888694955, -34.535923409599889 ], [ -58.453294888699205, -34.535923409603456 ], [ -58.453295986581388, -34.535924281378136 ], [ -58.454071818200944, -34.536539766303065 ], [ -58.454281628081866, -34.536758828123588 ], [ -58.454453089922374, -34.536965146871857 ], [ -58.454453089926524, -34.536965146876504 ], [ -58.454780350388781, -34.537309408935535 ], [ -58.454803223376388, -34.537340815501857 ], [ -58.454820370824464, -34.537374627586189 ], [ -58.454831432244667, -34.537410135740082 ], [ -58.454836174596835, -34.537446594465187 ], [ -58.454834499914213, -34.53748323753868 ], [ -58.454826442033628, -34.537519296044401 ], [ -58.454682792130548, -34.537957318723656 ], [ -58.454629526014607, -34.538119739415208 ], [ -58.454233174728948, -34.538676617794117 ], [ -58.454086173076917, -34.538791088590422 ], [ -58.452901330317154, -34.539374893029319 ], [ -58.452789131325815, -34.539430175426965 ], [ -58.452414432781481, -34.539567282778812 ], [ -58.452357557610327, -34.539581028129149 ], [ -58.452324016655169, -34.539587180090962 ], [ -58.45228971377901, -34.539588756310188 ], [ -58.452255554212172, -34.539585715403028 ], [ -58.452222440989068, -34.539578138578932 ], [ -58.452170418058529, -34.539564195024766 ], [ -58.452131029050534, -34.539509487186407 ], [ -58.451973633548761, -34.539290881858513 ], [ -58.451957777182372, -34.539268858414601 ], [ -58.45192968031828, -34.539229834633645 ], [ -58.451910800626209, -34.5392036120586 ], [ -58.45191167434394, -34.539194952116112 ], [ -58.451911674344295, -34.539194952109867 ], [ -58.451912364019314, -34.539153935244208 ], [ -58.451922745706817, -34.539110051827699 ], [ -58.45193312738521, -34.539066167501538 ], [ -58.451944661545276, -34.539022284182764 ], [ -58.451944661547707, -34.539022284166542 ], [ -58.451944661546548, -34.539022284150199 ], [ -58.451944661541859, -34.539022284134312 ], [ -58.451931983914456, -34.538991754171896 ], [ -58.451931983907023, -34.538991754157976 ], [ -58.45193198389687, -34.538991754145265 ], [ -58.451931983884279, -34.53899175413418 ], [ -58.451874319388139, -34.538948827994908 ], [ -58.451833591571607, -34.538905811474507 ], [ -58.451828239472171, -34.538900158995808 ], [ -58.451828239466856, -34.538900158990621 ], [ -58.451783828354671, -34.538859920316852 ], [ -58.45162716243145, -34.538681856479165 ], [ -58.451627162427442, -34.538681856474867 ], [ -58.451415535680276, -34.538469419109887 ], [ -58.451379884122296, -34.538428990936488 ], [ -58.451356830894461, -34.538400368230626 ], [ -58.451356830879718, -34.53840036821596 ], [ -58.451356830861563, -34.538400368204186 ], [ -58.451333776348761, -34.538388440006472 ], [ -58.451333776330529, -34.538388439998904 ], [ -58.451295236387736, -34.538376025318925 ], [ -58.451280873507145, -34.538348670904213 ], [ -58.451271401796056, -34.538319894482534 ], [ -58.45126701725502, -34.538290291958127 ], [ -58.451280468358547, -34.53824208112642 ], [ -58.451280468361333, -34.53824208110683 ], [ -58.451280468358917, -34.538242081087219 ], [ -58.451280468351399, -34.53824208106851 ], [ -58.451280468339135, -34.538242081051592 ], [ -58.451196072683956, -34.538150164543957 ], [ -58.451194918206482, -34.538148907833744 ], [ -58.451194918192478, -34.53814890782116 ], [ -58.451194918175851, -34.538148907811006 ], [ -58.451194918157213, -34.538148907803638 ], [ -58.451103402376084, -34.53812119319474 ], [ -58.451103369698593, -34.53812118327577 ], [ -58.451103369689513, -34.538121183273368 ], [ -58.451076724086832, -34.538115222146736 ], [ -58.45106399725865, -34.538111406915966 ], [ -58.451012078024725, -34.538095842991687 ], [ -58.451012077998072, -34.538095842986699 ], [ -58.45098210407815, -34.53809345477967 ], [ -58.450937763680074, -34.538081635236843 ], [ -58.450937723393452, -34.538081624419853 ], [ -58.450835702991078, -34.53802188879861 ], [ -58.450678930945088, -34.537928378903572 ], [ -58.450678930938317, -34.537928378899849 ], [ -58.450643194893047, -34.53791024921285 ], [ -58.450463366712995, -34.537812920888882 ], [ -58.450242042458832, -34.537679334992923 ], [ -58.45020515683651, -34.537644031884611 ], [ -58.45020515683138, -34.537644031880049 ], [ -58.449952121178626, -34.537433264159958 ], [ -58.449880367768365, -34.53736273278188 ], [ -58.449880080267533, -34.537362450628358 ], [ -58.449884604915752, -34.537228291963579 ], [ -58.449884604915781, -34.53722829195938 ], [ -58.449880133487142, -34.53703078054042 ], [ -58.449880156808341, -34.536885441789209 ], [ -58.449910039840702, -34.536731488622216 ], [ -58.449938748641301, -34.536583592029757 ], [ -58.449957249464632, -34.536491839099263 ], [ -58.450032242062974, -34.536120734039038 ], [ -58.450032242064438, -34.536120734022056 ], [ -58.450032242062008, -34.536120734005152 ], [ -58.450032242055784, -34.536120733988923 ], [ -58.450032242045992, -34.536120733973959 ], [ -58.450032242032975, -34.536120733960772 ], [ -58.450032242017187, -34.536120733949858 ], [ -58.449674587770133, -34.535917510893782 ], [ -58.449662944531845, -34.535910894887458 ], [ -58.449497560452457, -34.535804676798804 ], [ -58.449497560447355, -34.535804676795721 ], [ -58.449457276471506, -34.535781773158021 ], [ -58.449159355887389, -34.535612383381171 ], [ -58.449125496459693, -34.535590317809259 ], [ -58.44912549644912, -34.53559031780317 ], [ -58.449099559940876, -34.535577197151142 ], [ -58.449067140830536, -34.535559902107764 ], [ -58.44906714081101, -34.535559902099521 ], [ -58.449067140789893, -34.535559902094676 ], [ -58.4490462044891, -34.535556937547774 ], [ -58.449027641907406, -34.535552777976235 ], [ -58.449027641891036, -34.53555277797367 ], [ -58.449005324243238, -34.535550714689663 ], [ -58.449005324225283, -34.535550714689236 ], [ -58.448982901484747, -34.535551713553666 ], [ -58.448982901466955, -34.535551713555698 ], [ -58.448965633855138, -34.53555489178251 ], [ -58.448960981451826, -34.535555747595907 ], [ -58.448947761861554, -34.535557175713834 ], [ -58.44894776184578, -34.535557175716519 ], [ -58.448934940647774, -34.535560201217969 ], [ -58.448934940632647, -34.535560201222573 ], [ -58.448922798873241, -34.535564759237239 ], [ -58.448922798859108, -34.535564759243613 ], [ -58.448911602336587, -34.535570747941136 ], [ -58.448911602323733, -34.535570747949194 ], [ -58.448901596145149, -34.535578038453941 ], [ -58.448901596133894, -34.535578038463449 ], [ -58.448892997091065, -34.53558647034631 ], [ -58.44886466808353, -34.535614137359808 ], [ -58.448864668078187, -34.535614137365457 ], [ -58.448858301129171, -34.535621466156826 ], [ -58.448779878834578, -34.535711733475878 ], [ -58.44877987882326, -34.535711733492313 ], [ -58.448779878816325, -34.535711733510354 ], [ -58.448779878814101, -34.53571173352919 ], [ -58.44877987881668, -34.535711733547998 ], [ -58.448779878823949, -34.535711733565947 ], [ -58.448779878835573, -34.535711733582239 ], [ -58.448779878851056, -34.535711733596159 ], [ -58.448801491538269, -34.535727477837234 ], [ -58.44879082019478, -34.535770168340328 ], [ -58.448790820192535, -34.535770168356855 ], [ -58.448790820193992, -34.535770168373418 ], [ -58.448800336579389, -34.535817431585556 ], [ -58.448800336586594, -34.535817431605999 ], [ -58.448804902358575, -34.535826322070761 ], [ -58.448804902358575, -34.535826322070761 ], [ -58.44880490236585, -34.535826322082478 ], [ -58.448810983426739, -34.535834567301499 ], [ -58.448810983435997, -34.5358345673122 ], [ -58.448818451282463, -34.535841991490763 ], [ -58.448818451293498, -34.535841991500234 ], [ -58.448827144740854, -34.535848436868378 ], [ -58.448827144753452, -34.535848436876421 ], [ -58.448836880827969, -34.535853765493187 ], [ -58.448836880841853, -34.535853765499631 ], [ -58.448847451502608, -34.535857863755936 ], [ -58.449299439223694, -34.536131085455338 ], [ -58.449327816381611, -34.536154381700143 ], [ -58.449350417283242, -34.536176742492309 ], [ -58.449368154109386, -34.536201929611991 ], [ -58.449380521555838, -34.53622922546738 ], [ -58.449389336578591, -34.536264896121629 ], [ -58.449391827155459, -34.536301246642928 ], [ -58.449391827156255, -34.536301246649899 ], [ -58.449395178714084, -34.536321776226501 ], [ -58.449384997886774, -34.536357196813128 ], [ -58.44936873587384, -34.536391027491113 ], [ -58.449346735910318, -34.53642255706167 ], [ -58.449202919740465, -34.536608698857336 ], [ -58.448894910643354, -34.536992110406125 ], [ -58.448875912683484, -34.537015759029138 ], [ -58.448827273387764, -34.537068875553082 ], [ -58.448815074331954, -34.537082197269534 ], [ -58.448815074328401, -34.537082197273641 ], [ -58.448800887693309, -34.537099642803561 ], [ -58.448761248759695, -34.537148389326426 ], [ -58.448726657045093, -34.537187499230775 ], [ -58.44872665704105, -34.537187499235678 ], [ -58.448699271540391, -34.537223176439333 ], [ -58.448699271530899, -34.537223176454802 ], [ -58.44869408133053, -34.537234147160959 ], [ -58.448694081324305, -34.537234147180065 ], [ -58.448694081323275, -34.537234147199833 ], [ -58.448694081327488, -34.537234147219316 ], [ -58.448704451729668, -34.537263245775954 ], [ -58.448710623586209, -34.537282314499656 ], [ -58.448713669774861, -34.537291724899859 ], [ -58.448714242406417, -34.537312379451535 ], [ -58.448707529924143, -34.537332729350737 ], [ -58.448694363581588, -34.537352001274328 ], [ -58.448677709662611, -34.537369328395393 ], [ -58.448657977829171, -34.537384279864874 ], [ -58.448613781165797, -34.537395493769992 ], [ -58.448567984273751, -34.537400711147782 ], [ -58.448544894651377, -34.537400253137335 ], [ -58.448521769082646, -34.537399795118162 ], [ -58.44852101423281, -34.537399678743455 ], [ -58.448476327282656, -34.537392771065377 ], [ -58.448432828749667, -34.537379819418909 ], [ -58.44839239540201, -34.537361272946093 ], [ -58.448356618542356, -34.537337970171436 ], [ -58.448356069610931, -34.537337612240478 ], [ -58.447992594637434, -34.537006884169841 ], [ -58.447991302958989, -34.537005708540796 ], [ -58.447991302941269, -34.537005708527822 ], [ -58.447980336098368, -34.536999294370084 ], [ -58.447972069613655, -34.536992788605019 ], [ -58.447970604740647, -34.53699163639574 ], [ -58.447962312528617, -34.536982895081557 ], [ -58.44795563480394, -34.536973252539426 ], [ -58.447949948846848, -34.536960788641956 ], [ -58.447946954628286, -34.536947698588868 ], [ -58.44794674357405, -34.536934377217889 ], [ -58.447949322144972, -34.536921225666561 ], [ -58.447954611840956, -34.536908643251742 ], [ -58.447964726842422, -34.536885424539086 ], [ -58.447964726846827, -34.536885424525934 ], [ -58.4479704903342, -34.536861208282112 ], [ -58.447970490336147, -34.536861208268562 ], [ -58.447971772586207, -34.536836549760359 ], [ -58.447971772585667, -34.536836549746717 ], [ -58.447968542998971, -34.536812013266776 ], [ -58.447968542995945, -34.53681201325336 ], [ -58.447960874455283, -34.536788161304031 ], [ -58.447960874449848, -34.536788161291149 ], [ -58.447948944411735, -34.536765540161575 ], [ -58.447948944404025, -34.536765540149524 ], [ -58.447933026186156, -34.536744668196263 ], [ -58.447933026178994, -34.536744668187964 ], [ -58.447866949779964, -34.536676515209386 ], [ -58.447866949774628, -34.536676515204299 ], [ -58.447835306961203, -34.536648459541773 ], [ -58.447795809562997, -34.53661344021387 ], [ -58.447794905608134, -34.536612638726133 ], [ -58.447794905602358, -34.536612638721401 ], [ -58.447717294459757, -34.536553395751383 ], [ -58.447717294453575, -34.536553395746992 ], [ -58.447634551983867, -34.536499116254689 ], [ -58.447634551977302, -34.536499116250702 ], [ -58.447547139972698, -34.536450104969298 ], [ -58.447547139965792, -34.536450104965738 ], [ -58.447455548541605, -34.536406635082827 ], [ -58.447455548534393, -34.536406635079693 ], [ -58.447360287414462, -34.536368950940592 ], [ -58.447360287410746, -34.536368950939199 ], [ -58.447142079814149, -34.536290781634186 ], [ -58.447132236699133, -34.536287255732475 ], [ -58.446780620091822, -34.536161294856086 ], [ -58.446718167069911, -34.536136400560217 ], [ -58.446717811994326, -34.536136258987192 ], [ -58.446717811992862, -34.536136258986616 ], [ -58.44671776733599, -34.536136241853356 ], [ -58.446717767309352, -34.536136241846407 ], [ -58.446705703954997, -34.536134457177191 ], [ -58.446611006995639, -34.536100533309707 ], [ -58.446539270338413, -34.536064027211594 ], [ -58.446539270328863, -34.536064027207267 ], [ -58.446463488024818, -34.536033630411872 ], [ -58.446463488014807, -34.536033630408348 ], [ -58.446384418131281, -34.53600964679913 ], [ -58.446384418120878, -34.536009646796458 ], [ -58.446302849227642, -34.535992315356452 ], [ -58.446302849216977, -34.535992315354648 ], [ -58.446219597126294, -34.535981809267867 ], [ -58.446219597115451, -34.535981809266957 ], [ -58.446135493990404, -34.535978234114509 ], [ -58.446135493982979, -34.53597823411441 ], [ -58.445943548276873, -34.535980929310348 ], [ -58.445943548272886, -34.535980929310462 ], [ -58.44590163375009, -34.535982789310594 ], [ -58.445751849689813, -34.53598943396954 ], [ -58.445751849685827, -34.535989433969775 ], [ -58.445560656346331, -34.536003735510519 ], [ -58.445560656342373, -34.536003735510874 ], [ -58.445370222011611, -34.536023815944205 ], [ -58.445370222007668, -34.536023815944681 ], [ -58.445180802632088, -34.536049647367776 ], [ -58.445180802630126, -34.536049647368067 ], [ -58.444690839378808, -34.536124105890657 ], [ -58.444690839360568, -34.536124105894814 ], [ -58.444481535977594, -34.536188404515222 ], [ -58.444186445734438, -34.536279056261222 ], [ -58.443664769117348, -34.536335351757039 ], [ -58.443664339995351, -34.536335397654199 ], [ -58.443646188868748, -34.53631475656595 ], [ -58.44388606702443, -34.536170297246549 ], [ -58.443886067040381, -34.536170297234797 ], [ -58.443886067053256, -34.536170297220693 ], [ -58.443886067062557, -34.536170297204791 ], [ -58.443886067067936, -34.536170297187695 ], [ -58.443886067069172, -34.536170297170038 ], [ -58.443886067066231, -34.536170297152552 ], [ -58.443886067059225, -34.536170297135854 ], [ -58.44388606704841, -34.536170297120613 ], [ -58.44386510839135, -34.53614646262983 ], [ -58.44386368726294, -34.536144846136132 ], [ -58.443863687248744, -34.536144846122923 ], [ -58.443863687231712, -34.536144846112265 ], [ -58.443863687212485, -34.53614484610457 ], [ -58.443863687191815, -34.536144846100122 ], [ -58.443863687170506, -34.536144846099084 ], [ -58.443863687149346, -34.536144846101521 ], [ -58.443863687129181, -34.536144846107327 ], [ -58.443863687110763, -34.536144846116279 ], [ -58.443623300136949, -34.536289611850229 ], [ -58.443623116105734, -34.536289722646927 ], [ -58.443618072913452, -34.536284690106186 ], [ -58.443616518880198, -34.536283139392729 ], [ -58.443616518865021, -34.536283139380302 ], [ -58.443616518847193, -34.536283139370568 ], [ -58.443616518827426, -34.536283139363881 ], [ -58.443616518806472, -34.536283139360528 ], [ -58.443616518785113, -34.536283139360613 ], [ -58.443616518764195, -34.536283139364159 ], [ -58.443616518744498, -34.536283139371001 ], [ -58.44361651872682, -34.536283139380899 ], [ -58.443455818769749, -34.536393421599357 ], [ -58.443299445786295, -34.536482238513855 ], [ -58.443179104417155, -34.536545422642455 ], [ -58.443113686237929, -34.536574002561125 ], [ -58.443113686230689, -34.536574002564592 ], [ -58.443051111130522, -34.536606651984897 ], [ -58.443051111123616, -34.536606651988805 ], [ -58.442991747324399, -34.53664317896952 ], [ -58.442991747321088, -34.536643178971644 ], [ -58.442817065586546, -34.536759539078993 ], [ -58.442817065566608, -34.536759539096373 ], [ -58.442728030841685, -34.536861348072911 ], [ -58.442723552622823, -34.536866468352912 ], [ -58.442660236433682, -34.536938868785882 ], [ -58.442288622858527, -34.537301227829857 ], [ -58.442195493728121, -34.537263732070151 ], [ -58.442193415672527, -34.537262895221723 ], [ -58.442320633585375, -34.537046505076376 ], [ -58.442320983395696, -34.537045910191452 ], [ -58.442320983403107, -34.537045910174889 ], [ -58.442320983406482, -34.537045910157431 ], [ -58.442320983405665, -34.537045910139767 ], [ -58.442320983400705, -34.537045910122586 ], [ -58.442320983391788, -34.537045910106535 ], [ -58.442320983379254, -34.53704591009221 ], [ -58.442320983363594, -34.537045910080209 ], [ -58.442320983345404, -34.537045910070951 ], [ -58.442289587826892, -34.537033270204823 ], [ -58.442289587806869, -34.537033270198705 ], [ -58.442289587785773, -34.537033270195913 ], [ -58.442289587764442, -34.537033270196588 ], [ -58.442289587743666, -34.537033270200681 ], [ -58.442289587724261, -34.53703327020807 ], [ -58.442289587706973, -34.537033270218437 ], [ -58.442289587692457, -34.537033270231404 ], [ -58.442289587681287, -34.537033270246461 ], [ -58.442161366040914, -34.537251368399474 ], [ -58.442151760672282, -34.537247501436262 ], [ -58.442151760652258, -34.537247501430144 ], [ -58.442151760631162, -34.537247501427352 ], [ -58.442151760609825, -34.537247501428027 ], [ -58.442151760589056, -34.537247501432127 ], [ -58.442151760569651, -34.537247501439516 ], [ -58.442151760552363, -34.537247501449876 ], [ -58.442151760537847, -34.537247501462844 ], [ -58.442151760526677, -34.537247501477893 ], [ -58.441765011048098, -34.537905330279337 ], [ -58.441564300528533, -34.537871070978433 ], [ -58.441562299684158, -34.537870729899268 ], [ -58.4416213192765, -34.53763393706577 ], [ -58.441621590793311, -34.537632847282978 ], [ -58.441621590795549, -34.5376328472654 ], [ -58.441621590793602, -34.537632847247806 ], [ -58.441621590787548, -34.537632847230853 ], [ -58.441621590777615, -34.537632847215214 ], [ -58.441621590764193, -34.537632847201472 ], [ -58.441621590747779, -34.537632847190167 ], [ -58.441621590729014, -34.53763284718174 ], [ -58.441621590708635, -34.537632847176489 ], [ -58.441584261151029, -34.537626475534587 ], [ -58.441584261129783, -34.53762647553274 ], [ -58.441584261108524, -34.537626475534346 ], [ -58.441584261088039, -34.537626475539362 ], [ -58.441584261069131, -34.537626475547576 ], [ -58.441584261052547, -34.537626475558696 ], [ -58.441584261038884, -34.537626475572267 ], [ -58.44158426102868, -34.5376264755878 ], [ -58.441584261022328, -34.537626475604668 ], [ -58.441525095212398, -34.53786385252225 ], [ -58.44151293058534, -34.537861776176435 ], [ -58.44151293058534, -34.537861776176435 ], [ -58.441512930564095, -34.537861776174594 ], [ -58.441512930542835, -34.537861776176186 ], [ -58.441512930522357, -34.537861776181209 ], [ -58.44151293050345, -34.537861776189423 ], [ -58.441512930486859, -34.537861776200536 ], [ -58.441512930473195, -34.537861776214115 ], [ -58.441512930462991, -34.53786177622964 ], [ -58.441512930456646, -34.537861776246515 ], [ -58.441371938150894, -34.538427438151189 ], [ -58.441370426783827, -34.538433503613277 ], [ -58.441339489522839, -34.538557625175905 ], [ -58.441327244067189, -34.538576483569912 ], [ -58.441123153158543, -34.538582958617795 ], [ -58.441121493149694, -34.538583011497323 ], [ -58.441110276527937, -34.538340919268151 ], [ -58.441110208295498, -34.538339435499282 ], [ -58.441110208292592, -34.538339435481767 ], [ -58.441110208285622, -34.538339435465069 ], [ -58.44111020827485, -34.538339435449807 ], [ -58.441110208260675, -34.53833943543659 ], [ -58.44111020824365, -34.538339435425911 ], [ -58.441110208224458, -34.538339435418173 ], [ -58.441110208203796, -34.53833943541369 ], [ -58.441110208182472, -34.538339435412645 ], [ -58.441077969967424, -34.538340458084058 ], [ -58.441077969946271, -34.538340458086473 ], [ -58.441077969926091, -34.538340458092243 ], [ -58.44107796990766, -34.53834045810116 ], [ -58.44107796989168, -34.538340458112891 ], [ -58.441077969878776, -34.538340458126967 ], [ -58.44107796986944, -34.538340458142862 ], [ -58.441077969864018, -34.538340458159951 ], [ -58.441077969862746, -34.538340458177593 ], [ -58.441088958937662, -34.538577651087543 ], [ -58.441072618217092, -34.538578170039813 ], [ -58.441072618195932, -34.538578170042214 ], [ -58.441072618175745, -34.538578170047998 ], [ -58.441072618157321, -34.538578170056923 ], [ -58.441072618141341, -34.538578170068632 ], [ -58.441072618128445, -34.538578170082715 ], [ -58.441072618119101, -34.53857817009861 ], [ -58.441072618113687, -34.538578170115713 ], [ -58.441072618112415, -34.538578170133327 ], [ -58.441087778221949, -34.538905411488734 ], [ -58.441095663218569, -34.539075600495451 ], [ -58.441098608181449, -34.539139182602753 ], [ -58.441098778227492, -34.539142844158349 ], [ -58.441094461349728, -34.539142974979107 ], [ -58.440846252555104, -34.539150511534366 ], [ -58.44083679505156, -34.539150798253175 ], [ -58.440836795030378, -34.539150798255548 ], [ -58.440836795010178, -34.539150798261304 ], [ -58.440836794991718, -34.539150798270214 ], [ -58.440836794975709, -34.539150798281931 ], [ -58.440836794962777, -34.539150798295999 ], [ -58.440836794953412, -34.539150798311901 ], [ -58.440836794947977, -34.539150798329011 ], [ -58.440836794946691, -34.539150798346661 ], [ -58.440877826359923, -34.540051922748859 ], [ -58.440877826360008, -34.540051922750436 ], [ -58.440888303918378, -34.540208860234458 ], [ -58.440784519700955, -34.540304720003611 ], [ -58.440738643494868, -34.540281491605377 ], [ -58.440738643482362, -34.540281491599934 ], [ -58.440689519643037, -34.540263373659727 ], [ -58.440689519629778, -34.540263373655677 ], [ -58.440637974945211, -34.540250671947518 ], [ -58.440637974924236, -34.54025067194415 ], [ -58.440601994064544, -34.540247896064521 ], [ -58.440601994047114, -34.540247896064344 ], [ -58.440565938903745, -34.540249905859412 ], [ -58.440565938886493, -34.540249905861529 ], [ -58.440530733217926, -34.540256650121826 ], [ -58.440530733204355, -34.540256650125222 ], [ -58.4405095646745, -34.540263196878129 ], [ -58.440509564664502, -34.54026319688171 ], [ -58.440489294359146, -34.540271461025498 ], [ -58.44048929435273, -34.540271461028325 ], [ -58.440482749899303, -34.540274594082526 ], [ -58.440450523333254, -34.540290025970286 ], [ -58.440450523332679, -34.54029002597057 ], [ -58.440424822715457, -34.540302506850331 ], [ -58.440335705524539, -34.540232239822302 ], [ -58.440334053384902, -34.540230937855668 ], [ -58.440321217208783, -34.540209479603725 ], [ -58.440314304176034, -34.539972270258787 ], [ -58.440314106692135, -34.53996549416177 ], [ -58.440295344785206, -34.539321735183094 ], [ -58.440309761403839, -34.539299676284529 ], [ -58.440309761407654, -34.539299676278098 ], [ -58.440314604820713, -34.539290610591742 ], [ -58.44031460482644, -34.53929061057822 ], [ -58.440317652099644, -34.53928102352625 ], [ -58.440317652102699, -34.53928102351216 ], [ -58.440318824739087, -34.539271158466391 ], [ -58.440318824739407, -34.539271158452074 ], [ -58.440318095438514, -34.539261263301121 ], [ -58.440318095436091, -34.539261263286924 ], [ -58.440315480469259, -34.539251589533258 ], [ -58.44031548046415, -34.539251589519573 ], [ -58.440311047302636, -34.539242380562207 ], [ -58.440311047294976, -34.539242380549368 ], [ -58.440304908074808, -34.539233868978584 ], [ -58.440304908064782, -34.539233868966903 ], [ -58.440297920916336, -34.539226965389908 ], [ -58.440297216320843, -34.539226269352064 ], [ -58.440297216308707, -34.539226269341853 ], [ -58.44028816697562, -34.539219773724319 ], [ -58.440288166961572, -34.539219773715764 ], [ -58.440278571447827, -34.539214859105464 ], [ -58.440278571432167, -34.53921485909882 ], [ -58.440268144402289, -34.539211287463914 ], [ -58.440268144385563, -34.539211287459445 ], [ -58.440257159232132, -34.539209149895889 ], [ -58.440257159214738, -34.539209149893708 ], [ -58.440245902411419, -34.539208503245533 ], [ -58.440245902393826, -34.53920850324571 ], [ -58.440234664782366, -34.539209364695147 ], [ -58.44023466476505, -34.539209364697648 ], [ -58.440223742645074, -34.539211710863334 ], [ -58.440223742628469, -34.539211710868123 ], [ -58.440213418148879, -34.539215480506165 ], [ -58.440213418133411, -34.5392154805131 ], [ -58.440203961470793, -34.539220576320183 ], [ -58.440203961456874, -34.539220576329079 ], [ -58.440195619922385, -34.539226864940296 ], [ -58.440195619910369, -34.53922686495094 ], [ -58.440188609233417, -34.539234183248233 ], [ -58.44018860922364, -34.539234183260326 ], [ -58.44018311246262, -34.539242338372254 ], [ -58.44018311246262, -34.539242338372254 ], [ -58.440183112455315, -34.539242338385499 ], [ -58.440179273458241, -34.539251120305948 ], [ -58.440179273453623, -34.539251120319989 ], [ -58.44017719250175, -34.539260298301649 ], [ -58.440177192499924, -34.539260298315853 ], [ -58.440176865096738, -34.539270378060976 ], [ -58.440176865097591, -34.539270378074967 ], [ -58.440178427679591, -34.539280377950561 ], [ -58.440178427683065, -34.539280377964289 ], [ -58.440181843280975, -34.539290056379585 ], [ -58.440181843286972, -34.53929005639268 ], [ -58.44018702917738, -34.539299181663971 ], [ -58.440187029185758, -34.539299181676142 ], [ -58.44019386015939, -34.539307531125985 ], [ -58.44019386016992, -34.539307531136942 ], [ -58.440202170706144, -34.539314904615907 ], [ -58.440202170718578, -34.539314904625343 ], [ -58.440202599832283, -34.539315183248867 ], [ -58.440211761480512, -34.539321123585246 ], [ -58.440211763572997, -34.539321434535893 ], [ -58.440213544330874, -34.539657822056476 ], [ -58.440214254562449, -34.539792002965051 ], [ -58.440214500935603, -34.539838678165609 ], [ -58.440148917324365, -34.539857951853783 ], [ -58.439528897764781, -34.540040157154387 ], [ -58.439528897759438, -34.540040157156085 ], [ -58.439279015508333, -34.540126051626949 ], [ -58.4392370037463, -34.540136373756063 ], [ -58.43919355023926, -34.540141074261577 ], [ -58.439149744353671, -34.540140035270618 ], [ -58.439106686310602, -34.540133284043726 ], [ -58.439065458859126, -34.540120987560755 ], [ -58.439042931074539, -34.540111495527142 ], [ -58.439021544296608, -34.540100340573076 ], [ -58.439021544282205, -34.540100340566759 ], [ -58.438992782551445, -34.540089921509825 ], [ -58.438992782545618, -34.540089921507885 ], [ -58.438882122330746, -34.540055977666583 ], [ -58.438882122324806, -34.540055977664927 ], [ -58.438769284163001, -34.540027366153829 ], [ -58.438769284156947, -34.540027366152458 ], [ -58.438654640550482, -34.540004180789616 ], [ -58.438654640544335, -34.540004180788529 ], [ -58.438538572712915, -34.539986500070775 ], [ -58.438538572706705, -34.539986500069986 ], [ -58.438421468411455, -34.539974381763926 ], [ -58.438282956665994, -34.53995886417129 ], [ -58.438199084745136, -34.539949467566736 ], [ -58.438199084730542, -34.539949467565933 ], [ -58.437933923513654, -34.539949412775044 ], [ -58.437933923504211, -34.539949412775378 ], [ -58.437562690887653, -34.539976047216065 ], [ -58.437562690877336, -34.539976047217216 ], [ -58.437405981900888, -34.53999992545819 ], [ -58.437402153046023, -34.540000508727346 ], [ -58.437438256171745, -34.539965873662425 ], [ -58.437482803114044, -34.539923137241679 ], [ -58.437488060172498, -34.539923047309237 ], [ -58.437542793560496, -34.539922115067235 ], [ -58.437572519198319, -34.539921608418886 ], [ -58.437572519222101, -34.539921608416314 ], [ -58.437572519244618, -34.539921608409472 ], [ -58.437572519264783, -34.539921608398721 ], [ -58.437572519281616, -34.539921608384589 ], [ -58.437625668196922, -34.539865839896095 ], [ -58.437638617888425, -34.539852250835104 ], [ -58.437638818388308, -34.53985204084379 ], [ -58.43763881839994, -34.539852040828755 ], [ -58.437638818407763, -34.539852040812136 ], [ -58.437638818411479, -34.53985204079455 ], [ -58.437638818410932, -34.539852040776708 ], [ -58.43763881840615, -34.539852040759307 ], [ -58.437638818397318, -34.539852040743028 ], [ -58.437638818384784, -34.539852040728512 ], [ -58.437638818369038, -34.539852040716319 ], [ -58.437560439395575, -34.539802415745704 ], [ -58.437560439378018, -34.539802415736645 ], [ -58.43756043935872, -34.539802415730485 ], [ -58.437560439338348, -34.539802415727458 ], [ -58.43756043931765, -34.539802415727678 ], [ -58.437560439297386, -34.539802415731124 ], [ -58.437560439278279, -34.539802415737697 ], [ -58.437560439261013, -34.539802415747133 ], [ -58.437560439246205, -34.539802415759091 ], [ -58.437436248281152, -34.539923929517016 ], [ -58.437349834290934, -34.540008480749414 ], [ -58.437237566385974, -34.540025586735652 ], [ -58.437237566379544, -34.540025586736796 ], [ -58.437004670998228, -34.540073237854642 ], [ -58.437004670984386, -34.540073237858309 ], [ -58.436967898084355, -34.54008524421198 ], [ -58.436794276341764, -34.540141931923792 ], [ -58.436656952438895, -34.540183124496252 ], [ -58.436656952433104, -34.540183124498142 ], [ -58.436522693885969, -34.540230737582696 ], [ -58.43652269388032, -34.540230737584871 ], [ -58.436462783792749, -34.540255423652503 ], [ -58.436454113768484, -34.540258995922137 ], [ -58.436391939714099, -34.540284616241479 ], [ -58.436391939708614, -34.540284616243902 ], [ -58.436265115893512, -34.540344584795015 ], [ -58.436265079950878, -34.540344595601631 ], [ -58.436265079929939, -34.540344595610129 ], [ -58.4362265928456, -34.540364698918204 ], [ -58.436172802414937, -34.540392798117153 ], [ -58.436172802400073, -34.540392798126476 ], [ -58.436023856800098, -34.540504107041485 ], [ -58.436023856797405, -34.540504107043574 ], [ -58.435888548081188, -34.540612348561645 ], [ -58.435888548078658, -34.540612348563727 ], [ -58.435757612587665, -34.540724211064287 ], [ -58.435757612585206, -34.54072421106644 ], [ -58.435631190883676, -34.540839575606284 ], [ -58.435631190881324, -34.540839575608516 ], [ -58.435509418092188, -34.540958315130396 ], [ -58.435509418089261, -34.540958315133373 ], [ -58.435419385071654, -34.541054074384377 ], [ -58.435419385068286, -34.541054074388164 ], [ -58.435335504273006, -34.541153585835509 ], [ -58.435335504269879, -34.541153585839439 ], [ -58.43525800455965, -34.54125658002026 ], [ -58.435258004556772, -34.541256580024303 ], [ -58.435187097372548, -34.541362775752759 ], [ -58.435187097369941, -34.54136277575693 ], [ -58.435122973460913, -34.541471885531784 ], [ -58.435122973458554, -34.541471885536055 ], [ -58.435079827655791, -34.541556209866734 ], [ -58.435079827654356, -34.541556209869682 ], [ -58.435040300170279, -34.541641729417648 ], [ -58.435040300169639, -34.541641729419084 ], [ -58.435015756791394, -34.541697651228979 ], [ -58.435015756789589, -34.541697651233434 ], [ -58.434972955144104, -34.541813695161146 ], [ -58.434972955142591, -34.541813695165686 ], [ -58.434944154096854, -34.541909385241638 ], [ -58.434505059000223, -34.54191227073489 ], [ -58.434505058999498, -34.54191227073489 ], [ -58.434394162682231, -34.54191361200585 ], [ -58.434392492808122, -34.541913632342194 ], [ -58.434390430846811, -34.541862712803628 ], [ -58.43439037144212, -34.541861238949714 ], [ -58.434390371439321, -34.541861238932228 ], [ -58.434390371432471, -34.54186123891553 ], [ -58.434390371421813, -34.541861238900246 ], [ -58.434390371407765, -34.541861238886973 ], [ -58.434390371390876, -34.54186123887623 ], [ -58.434390371371762, -34.541861238868407 ], [ -58.434390371351192, -34.541861238863802 ], [ -58.434390371329918, -34.541861238862623 ], [ -58.434203024436322, -34.541865964739529 ], [ -58.434203024415361, -34.54186596474176 ], [ -58.434203024395309, -34.541865964747302 ], [ -58.43420302437692, -34.541865964755928 ], [ -58.43420302436089, -34.541865964767339 ], [ -58.434203024347838, -34.54186596478111 ], [ -58.434203024338245, -34.541865964796685 ], [ -58.434203024332461, -34.541865964813518 ], [ -58.434203024330714, -34.541865964830954 ], [ -58.434205851045306, -34.542026061469933 ], [ -58.434205851047686, -34.542026061487384 ], [ -58.434205851054095, -34.54202606150411 ], [ -58.434205851064313, -34.542026061519501 ], [ -58.434205851077941, -34.542026061532958 ], [ -58.434205851094454, -34.542026061543979 ], [ -58.434205851113227, -34.542026061552129 ], [ -58.434205851133569, -34.542026061557124 ], [ -58.434205851154694, -34.542026061558765 ], [ -58.434207554902834, -34.542026055654688 ], [ -58.434390890847844, -34.542025389768582 ], [ -58.434390890869594, -34.542025389766678 ], [ -58.434390890890462, -34.542025389761221 ], [ -58.434390890909597, -34.542025389752425 ], [ -58.434390890926196, -34.542025389740637 ], [ -58.434390890939632, -34.542025389726341 ], [ -58.434390890949338, -34.542025389710112 ], [ -58.434396083462595, -34.542013942821285 ], [ -58.434920928147797, -34.542002072385763 ], [ -58.434920581258218, -34.542003550541779 ], [ -58.434909547608505, -34.542050526057636 ], [ -58.434889196706628, -34.542132790428091 ], [ -58.434861741483246, -34.54221362797464 ], [ -58.434827322587651, -34.542292620464103 ], [ -58.434786120975346, -34.542369357781787 ], [ -58.434738349192038, -34.542443440636738 ], [ -58.434684254640487, -34.542514485069766 ], [ -58.43462411958118, -34.542582121552101 ], [ -58.434573340714927, -34.542631371015943 ], [ -58.434573340712802, -34.542631371018068 ], [ -58.434567455321464, -34.542637445292065 ], [ -58.434558255683285, -34.542646001294919 ], [ -58.434472581748352, -34.542722263793003 ], [ -58.434381489614907, -34.542794099821272 ], [ -58.434285313808246, -34.542861244427868 ], [ -58.434184405192674, -34.542923452495394 ], [ -58.434079134241962, -34.542980496037281 ], [ -58.433699937631843, -34.543133934619689 ], [ -58.433537187944012, -34.543199788759061 ], [ -58.43353718794171, -34.54319978876002 ], [ -58.433393711535537, -34.543261362000898 ], [ -58.433393711531018, -34.543261362002951 ], [ -58.433253909542451, -34.543328473468677 ], [ -58.43325390953806, -34.543328473470908 ], [ -58.433118094650879, -34.54340097451508 ], [ -58.433118094646623, -34.543400974517482 ], [ -58.432986569748834, -34.543478702970859 ], [ -58.432986569747257, -34.543478702971825 ], [ -58.432746646324723, -34.543625968528374 ], [ -58.432704655743784, -34.543651741641106 ], [ -58.432614761141757, -34.543706919103016 ], [ -58.43223988519744, -34.543931673621387 ], [ -58.432239885195585, -34.543931673622538 ], [ -58.432142746769607, -34.5439925540472 ], [ -58.432142746765052, -34.543992554050227 ], [ -58.432049691788102, -34.544057655039559 ], [ -58.432049691783739, -34.544057655042778 ], [ -58.431960988308063, -34.544126790979995 ], [ -58.431960988303913, -34.544126790983398 ], [ -58.431876890228175, -34.544199761825524 ], [ -58.43187689022426, -34.544199761829105 ], [ -58.431797640559665, -34.544276358516335 ], [ -58.431797640555985, -34.544276358520086 ], [ -58.43172346706978, -34.544356360270044 ], [ -58.431723467066362, -34.544356360273952 ], [ -58.431654583370452, -34.5444395363849 ], [ -58.431654583370296, -34.544439536385099 ], [ -58.431588074234028, -34.544520268390791 ], [ -58.431516890385396, -34.544598222734294 ], [ -58.431441201829507, -34.544673215563506 ], [ -58.431441201828576, -34.54467321556443 ], [ -58.431387772816777, -34.544727617377355 ], [ -58.431387772811831, -34.54472761738279 ], [ -58.431339457189118, -34.544785200757623 ], [ -58.431339457184691, -34.544785200763357 ], [ -58.431296531786671, -34.544845636756548 ], [ -58.431296531782763, -34.544845636762545 ], [ -58.431259238594151, -34.544908581094859 ], [ -58.431170499701793, -34.54504315218766 ], [ -58.431170499698993, -34.545043152192228 ], [ -58.431053686278204, -34.545247042131798 ], [ -58.431053686274105, -34.545247042139934 ], [ -58.430993184131175, -34.545386446809204 ], [ -58.430962339288449, -34.545450451030788 ], [ -58.430951121483666, -34.545473727503811 ], [ -58.430946727686987, -34.545482845211303 ], [ -58.43094672768504, -34.545482845215659 ], [ -58.430906330736697, -34.545581094943053 ], [ -58.430906330735603, -34.545581094945888 ], [ -58.430831535259699, -34.545784809197947 ], [ -58.430831535258598, -34.545784809201187 ], [ -58.430823694528911, -34.545809431085473 ], [ -58.430819710575172, -34.545814573602904 ], [ -58.430819710568969, -34.545814573612049 ], [ -58.430802710991699, -34.545843430821307 ], [ -58.430802710989305, -34.545843430825649 ], [ -58.430796293951289, -34.545855970041451 ], [ -58.430772687665979, -34.545893412037671 ], [ -58.430772687661843, -34.545893412045018 ], [ -58.430738602529246, -34.545961844566342 ], [ -58.430738602528827, -34.545961844567188 ], [ -58.43071959813669, -34.546001120970537 ], [ -58.430702893414697, -34.546035644609262 ], [ -58.430681948379728, -34.546068488102954 ], [ -58.430681948379259, -34.546068488103693 ], [ -58.430637365601775, -34.546139976027945 ], [ -58.430637365601164, -34.54613997602894 ], [ -58.430605521915517, -34.546192631664539 ], [ -58.430577366592459, -34.546238080316556 ], [ -58.430545241723244, -34.546288143426423 ], [ -58.430513604626647, -34.546332776048203 ], [ -58.430513604615605, -34.546332776069782 ], [ -58.430499988346625, -34.546373539588075 ], [ -58.430454472222458, -34.546416366237402 ], [ -58.430454472209568, -34.546416366252359 ], [ -58.430428704494354, -34.546453848898999 ], [ -58.430399430194768, -34.546493182547209 ], [ -58.43037052934875, -34.546526271457424 ], [ -58.430370529347925, -34.54652627145839 ], [ -58.430340639115542, -34.54656145297561 ], [ -58.43034063911491, -34.546561452976356 ], [ -58.430311677612032, -34.546596285526 ], [ -58.430285848131966, -34.546627351101861 ], [ -58.430260387779704, -34.546656824650732 ], [ -58.430240212212716, -34.546680180379575 ], [ -58.430204946244288, -34.54671902114864 ], [ -58.430147189404906, -34.546776211961422 ], [ -58.430125536440372, -34.546796106209229 ], [ -58.430125536437352, -34.546796106212106 ], [ -58.430096554656615, -34.546825113565156 ], [ -58.430096554653865, -34.546825113568019 ], [ -58.430075563554261, -34.546847951898258 ], [ -58.430048959281073, -34.546876897341861 ], [ -58.430036805259789, -34.546885765083111 ], [ -58.430016159211469, -34.546900828717099 ], [ -58.429993800305979, -34.546917142064572 ], [ -58.42999380030102, -34.54691714206843 ], [ -58.42997757650069, -34.546930557505107 ], [ -58.429750881514501, -34.546778371771225 ], [ -58.429533314248879, -34.546620435343328 ], [ -58.429533314231143, -34.546620435332848 ], [ -58.429533314211248, -34.546620435325501 ], [ -58.429533314189975, -34.546620435321579 ], [ -58.429533314168182, -34.546620435321245 ], [ -58.429533314146759, -34.546620435324492 ], [ -58.42953331412653, -34.546620435331214 ], [ -58.429533314108326, -34.546620435341126 ], [ -58.429533314092879, -34.546620435353859 ], [ -58.429495996434248, -34.546658000807525 ], [ -58.429495996422531, -34.546658000821949 ], [ -58.429495996414389, -34.546658000837972 ], [ -58.429495996410104, -34.546658000854983 ], [ -58.429495996409848, -34.546658000872362 ], [ -58.429495996413642, -34.546658000889465 ], [ -58.429495996421309, -34.546658000905651 ], [ -58.4294959964326, -34.546658000920303 ], [ -58.429495996447073, -34.546658000932908 ], [ -58.429930527103032, -34.546969462555992 ], [ -58.429914244871753, -34.546985080366618 ], [ -58.429898688016607, -34.547000002393609 ], [ -58.429898688011704, -34.547000002398676 ], [ -58.429880556387154, -34.547020156644905 ], [ -58.429880556383644, -34.547020156649047 ], [ -58.429868662089987, -34.547035057817325 ], [ -58.429854597299325, -34.547052678175326 ], [ -58.429845947884239, -34.547063514150814 ], [ -58.429836417250343, -34.547075454112047 ], [ -58.429836417241908, -34.547075454124709 ], [ -58.429821773828209, -34.547102356041307 ], [ -58.429807202343852, -34.547129125794974 ], [ -58.429807202340733, -34.547129125801348 ], [ -58.42979661710487, -34.547153355421521 ], [ -58.429796617104358, -34.547153355422715 ], [ -58.429781866569861, -34.547188674867094 ], [ -58.429781866568817, -34.547188674869723 ], [ -58.429771444802533, -34.54721636055006 ], [ -58.429771444801951, -34.547216360551687 ], [ -58.429759548617369, -34.547250177892998 ], [ -58.429759548616424, -34.547250177895855 ], [ -58.429752108806397, -34.547274255546597 ], [ -58.429743880998679, -34.547300883398037 ], [ -58.429743880996554, -34.547300883406635 ], [ -58.429736250934447, -34.547341830125738 ], [ -58.429736250933644, -34.547341830131039 ], [ -58.429732635993815, -34.547373691770524 ], [ -58.429732635993538, -34.547373691773508 ], [ -58.429730579351599, -34.547401897462741 ], [ -58.429729236298421, -34.54742031667282 ], [ -58.429729236298243, -34.547420316676615 ], [ -58.429728679497209, -34.547445645479925 ], [ -58.429728035576623, -34.547474937320921 ], [ -58.429727584256845, -34.547495467770212 ], [ -58.429727584257023, -34.547495467777161 ], [ -58.42972889779994, -34.547513866789402 ], [ -58.429730013034046, -34.547529488051218 ], [ -58.429731124143188, -34.547545051527806 ], [ -58.429732422635261, -34.547563239698817 ], [ -58.429732422636022, -34.547563239705397 ], [ -58.429736707479314, -34.547589898104981 ], [ -58.429742719771738, -34.547627303899993 ], [ -58.429745365234595, -34.547643762776325 ], [ -58.429745365238631, -34.547643762791395 ], [ -58.429756619758209, -34.547673480618656 ], [ -58.429766090309862, -34.547698487818806 ], [ -58.429766090311283, -34.547698487822316 ], [ -58.429777651836986, -34.547725116250717 ], [ -58.429777651838656, -34.547725116254306 ], [ -58.429791471762556, -34.547753139086261 ], [ -58.429798672306902, -34.547767739711666 ], [ -58.429807860414357, -34.547786370533252 ], [ -58.429818283648146, -34.547807505822497 ], [ -58.429818283654129, -34.547807505832722 ], [ -58.429840550647683, -34.54784016877128 ], [ -58.429852045407245, -34.547857030156905 ], [ -58.429861960862198, -34.547871574892341 ], [ -58.42987501581451, -34.547890724869788 ], [ -58.429875015825274, -34.547890724882784 ], [ -58.429896168557441, -34.547911992240728 ], [ -58.429920409993912, -34.547936365022579 ], [ -58.429920410000065, -34.547936365028264 ], [ -58.429947583658915, -34.547959399987015 ], [ -58.42997265763259, -34.547980655037655 ], [ -58.429988505623207, -34.547994089271924 ], [ -58.430013997946105, -34.548016475617764 ], [ -58.430042008676281, -34.548041073508919 ], [ -58.43000306933758, -34.54807729661345 ], [ -58.430003069334198, -34.548077296616746 ], [ -58.42998272862431, -34.548098152438484 ], [ -58.429962505879544, -34.548118887294009 ], [ -58.429962505876695, -34.548118887297072 ], [ -58.429927148714512, -34.548158496596997 ], [ -58.429927148714285, -34.548158496597253 ], [ -58.429896931615964, -34.548192602204622 ], [ -58.429896931615737, -34.548192602204871 ], [ -58.429860281561403, -34.548234270637089 ], [ -58.429860281557318, -34.548234270642084 ], [ -58.429827184516938, -34.548277733341564 ], [ -58.429827184514089, -34.548277733345529 ], [ -58.429788699465711, -34.548334533496046 ], [ -58.429788699462989, -34.548334533500309 ], [ -58.429764245772198, -34.548375630510627 ], [ -58.429748899295618, -34.54840100569465 ], [ -58.429730452125206, -34.548431507809383 ], [ -58.429707816407884, -34.54846737683124 ], [ -58.429691502152849, -34.548493228712488 ], [ -58.42969150214735, -34.548493228722691 ], [ -58.429671284898085, -34.548538045472718 ], [ -58.429664910227743, -34.548552176563803 ], [ -58.429664910227089, -34.548552176565259 ], [ -58.429650902895567, -34.548584959583422 ], [ -58.429650902895197, -34.548584959584311 ], [ -58.429632048573637, -34.54863059148736 ], [ -58.429618460448843, -34.548634788665836 ], [ -58.42961846044598, -34.54863478866676 ], [ -58.429592506787273, -34.548643504442303 ], [ -58.429576325103902, -34.54864219820815 ], [ -58.429534120844657, -34.548638791342995 ], [ -58.429517605213341, -34.548633797181758 ], [ -58.4294830377127, -34.548623344307167 ], [ -58.429444812704929, -34.548608646812852 ], [ -58.429414929147008, -34.548597156589402 ], [ -58.429414929130012, -34.548597156584243 ], [ -58.429382494440738, -34.548589766626897 ], [ -58.429329791656585, -34.54856895110894 ], [ -58.429278758375887, -34.548547343197612 ], [ -58.429217493915587, -34.548519502225552 ], [ -58.429171373102953, -34.548498543087973 ], [ -58.429086704106616, -34.548460066044704 ], [ -58.429044032465463, -34.548440674275824 ], [ -58.428996330900432, -34.548418996671899 ], [ -58.428996330896823, -34.548418996670321 ], [ -58.428938726795344, -34.548395098660102 ], [ -58.428938726791785, -34.548395098658688 ], [ -58.428882066026432, -34.548373686261385 ], [ -58.428829670483388, -34.548353885680527 ], [ -58.428765730514613, -34.548329722350708 ], [ -58.428728613882036, -34.548315695712191 ], [ -58.428677981355889, -34.548296561295842 ], [ -58.428644494900098, -34.548283906493396 ], [ -58.428603964581427, -34.548268589740779 ], [ -58.428559030937862, -34.548251016052284 ], [ -58.428510733292484, -34.548231315713835 ], [ -58.42845108736018, -34.548206986433605 ], [ -58.428400919632615, -34.548186523232467 ], [ -58.428349802696282, -34.548165672821618 ], [ -58.4283498026901, -34.548165672819295 ], [ -58.4283058059168, -34.548150469740392 ], [ -58.428305805908302, -34.548150469737799 ], [ -58.428249352858067, -34.548135383778892 ], [ -58.428208546758754, -34.548124479137869 ], [ -58.428166672267587, -34.548113288972623 ], [ -58.428127244773393, -34.54810275270512 ], [ -58.428127244771417, -34.548102752704608 ], [ -58.428070229375194, -34.548088497527878 ], [ -58.428070229371599, -34.54808849752704 ], [ -58.4279994189517, -34.548072966302279 ], [ -58.427999418947479, -34.548072966301433 ], [ -58.427936804076069, -34.548061421398302 ], [ -58.427936804069631, -34.548061421397279 ], [ -58.427876395620395, -34.548053406010375 ], [ -58.427824958732167, -34.548046581003888 ], [ -58.427824958730987, -34.548046581003732 ], [ -58.42775884199083, -34.54803842156555 ], [ -58.427758841986403, -34.548038421565082 ], [ -58.427700153262528, -34.548033201309487 ], [ -58.427640425612822, -34.548027888613703 ], [ -58.427640425608082, -34.548027888613362 ], [ -58.427588307014766, -34.548025149658869 ], [ -58.427550553672162, -34.548023165617977 ], [ -58.427550553665299, -34.548023165617799 ], [ -58.42748105360814, -34.548023145250013 ], [ -58.427430326091716, -34.548023130358757 ], [ -58.427383104329429, -34.548023116477694 ], [ -58.427308496245658, -34.548019236098341 ], [ -58.427262013725176, -34.548016818511179 ], [ -58.427262013705445, -34.548016818511641 ], [ -58.427240267856959, -34.548018965036469 ], [ -58.427205374658485, -34.548022409323139 ], [ -58.427151322124004, -34.548027744796087 ], [ -58.427151322118739, -34.548027744796705 ], [ -58.427060289884949, -34.548040483660323 ], [ -58.427060289873495, -34.548040483662454 ], [ -58.427002429067493, -34.548054007662024 ], [ -58.427002429061567, -34.548054007663559 ], [ -58.42696011491374, -34.54806609334814 ], [ -58.426922342164119, -34.54807688191206 ], [ -58.426922342158271, -34.548076881913886 ], [ -58.426868268583618, -34.548095259828067 ], [ -58.42686826858214, -34.548095259828578 ], [ -58.42681016900881, -34.548115842205938 ], [ -58.42674680056902, -34.548138291090787 ], [ -58.426746800559584, -34.548138291094588 ], [ -58.426701011348129, -34.548159033195503 ], [ -58.426701011344164, -34.548159033197393 ], [ -58.426653390204955, -34.548182811699412 ], [ -58.426653390204393, -34.548182811699697 ], [ -58.426603270767856, -34.548208177241101 ], [ -58.426603270767572, -34.548208177241243 ], [ -58.426555225783588, -34.548232656811642 ], [ -58.426555225779317, -34.548232656813937 ], [ -58.426534256857821, -34.548244492500586 ], [ -58.426507502413237, -34.548259593754672 ], [ -58.426469069485741, -34.54828128678097 ], [ -58.426469069483502, -34.548281286782277 ], [ -58.42642359576179, -34.548308364491952 ], [ -58.426342289323287, -34.548356558581894 ], [ -58.426294837541093, -34.548383221172976 ], [ -58.426294837538677, -34.548383221174383 ], [ -58.426242172250923, -34.548414570333456 ], [ -58.426242172248934, -34.548414570334664 ], [ -58.426184757296767, -34.548450405934219 ], [ -58.426119628262107, -34.548490836330529 ], [ -58.426053654129383, -34.548530383905465 ], [ -58.425994074379744, -34.548562822330389 ], [ -58.425994074367679, -34.548562822337999 ], [ -58.425962618212736, -34.548585709646972 ], [ -58.425946756600005, -34.548597250453057 ], [ -58.425946756583379, -34.548597250468262 ], [ -58.425946756571335, -34.548597250486189 ], [ -58.4259467565645, -34.548597250505892 ], [ -58.425942963977398, -34.548616036207939 ], [ -58.425942963975913, -34.548616036223244 ], [ -58.425942963977576, -34.548616036238542 ], [ -58.425946782486733, -34.548633841337931 ], [ -58.425949521017095, -34.548646610663617 ], [ -58.4257852474366, -34.548741394684249 ], [ -58.425772155921059, -34.54872633349315 ], [ -58.425755252023016, -34.548706886319849 ], [ -58.425731796072832, -34.548679901286718 ], [ -58.425709234709942, -34.548653945415886 ], [ -58.425701146353681, -34.548638967684248 ], [ -58.425695023049329, -34.548613013607316 ], [ -58.425694659489693, -34.548588583612023 ], [ -58.425701246635363, -34.54857152818159 ], [ -58.425708235516922, -34.54855587515663 ], [ -58.425719215969394, -34.548540174320713 ], [ -58.425734295796836, -34.548527023197764 ], [ -58.425774336860385, -34.548502779133372 ], [ -58.425817647258526, -34.548478476483915 ], [ -58.425857177819609, -34.548456294778603 ], [ -58.425895092606879, -34.548435019706083 ], [ -58.425914020828095, -34.548424398530791 ], [ -58.425930323335294, -34.548415250715493 ], [ -58.425930323350755, -34.548415250704991 ], [ -58.42593032336363, -34.548415250692315 ], [ -58.425930323373485, -34.548415250677913 ], [ -58.425936410425841, -34.54840406927655 ], [ -58.425936410432406, -34.548404069260698 ], [ -58.425936410435305, -34.548404069244107 ], [ -58.425936410434453, -34.548404069227352 ], [ -58.425936410429863, -34.548404069211024 ], [ -58.425936410421677, -34.548404069195691 ], [ -58.425936410410216, -34.548404069181856 ], [ -58.425929655572865, -34.548397357156212 ], [ -58.425929655557844, -34.548397357143934 ], [ -58.425929655540244, -34.548397357134277 ], [ -58.425929655520733, -34.548397357127612 ], [ -58.42592965550002, -34.548397357124202 ], [ -58.425922897913672, -34.548396795892621 ], [ -58.42592289788962, -34.548396795892835 ], [ -58.425922897866194, -34.548396795897403 ], [ -58.425913435645015, -34.548399588816658 ], [ -58.425913435619684, -34.548399588827401 ], [ -58.425883279664923, -34.548416830060212 ], [ -58.425851297207707, -34.548435115553573 ], [ -58.425815204288433, -34.548455751122653 ], [ -58.425767756874421, -34.548482878416813 ], [ -58.425714028155916, -34.548513596901913 ], [ -58.425714028136269, -34.548513596916322 ], [ -58.425698478551844, -34.548528130371977 ], [ -58.425698478537456, -34.548528130389052 ], [ -58.425678867192865, -34.548558319160641 ], [ -58.425678867186328, -34.548558319172798 ], [ -58.425678867182015, -34.548558319185616 ], [ -58.425673450835468, -34.548580684044317 ], [ -58.425673450833379, -34.548580684059459 ], [ -58.425672423690607, -34.548610598973539 ], [ -58.42567242369099, -34.548610598984048 ], [ -58.425675115507431, -34.548635762156906 ], [ -58.425675115512426, -34.548635762177035 ], [ -58.425682203209, -34.548653657582733 ], [ -58.425682203216496, -34.548653657597228 ], [ -58.425694696574055, -34.548672952575316 ], [ -58.42569469657726, -34.548672952579935 ], [ -58.425730829199118, -34.548721610819705 ], [ -58.425676739992554, -34.54874697213647 ], [ -58.425640254794835, -34.54876407927317 ], [ -58.425640254784071, -34.548764079278939 ], [ -58.425623625281098, -34.548774180530749 ], [ -58.425574009528802, -34.548804318577631 ], [ -58.425574009521561, -34.548804318582434 ], [ -58.425530745011059, -34.548835618344846 ], [ -58.425530744999108, -34.548835618354971 ], [ -58.425496940468769, -34.548869157683669 ], [ -58.425496940456654, -34.548869157698434 ], [ -58.425496940448312, -34.54886915771489 ], [ -58.425496940444035, -34.548869157732369 ], [ -58.425496940444006, -34.548869157750211 ], [ -58.42549694044822, -34.548869157767719 ], [ -58.425496940456526, -34.548869157784182 ], [ -58.425498715834763, -34.548871883082896 ], [ -58.425496971642694, -34.548872520761421 ], [ -58.425496971625506, -34.548872520769315 ], [ -58.425496971610301, -34.548872520779639 ], [ -58.425496971597596, -34.548872520792052 ], [ -58.425496971587783, -34.548872520806142 ], [ -58.425465827405716, -34.548928419362142 ], [ -58.425465827398796, -34.548928419378605 ], [ -58.425454998084653, -34.548965320790906 ], [ -58.425454998083993, -34.548965320793243 ], [ -58.425446874450294, -34.548996631396371 ], [ -58.425411712176093, -34.549043590175415 ], [ -58.425371147608473, -34.549081600660912 ], [ -58.425338701619097, -34.549099483789718 ], [ -58.425279220054591, -34.549126305067489 ], [ -58.425189971898213, -34.548984428070462 ], [ -58.425190090336208, -34.548963001797205 ], [ -58.425196902878078, -34.548955809907788 ], [ -58.425196902888715, -34.548955809894188 ], [ -58.425196902896246, -34.548955809879239 ], [ -58.425196902900431, -34.548955809863415 ], [ -58.425196902901106, -34.548955809847229 ], [ -58.425195462996093, -34.548934155679923 ], [ -58.425195462993585, -34.54893415566503 ], [ -58.425195462988128, -34.548934155650713 ], [ -58.425195462979872, -34.548934155637333 ], [ -58.425187755399328, -34.548923884904106 ], [ -58.425187755386503, -34.548923884890243 ], [ -58.425187755370686, -34.548923884878661 ], [ -58.425187755352454, -34.548923884869829 ], [ -58.425171686523079, -34.548917742290548 ], [ -58.425171686503724, -34.548917742284914 ], [ -58.425171686483438, -34.548917742282377 ], [ -58.425171686462924, -34.548917742283038 ], [ -58.425149471192341, -34.548920204939684 ], [ -58.425149471172325, -34.548920204943528 ], [ -58.425149471153539, -34.548920204950392 ], [ -58.425149471136642, -34.548920204960069 ], [ -58.425135280290618, -34.548930090854945 ], [ -58.425135280275327, -34.54893009086797 ], [ -58.425135280263525, -34.548930090883303 ], [ -58.425128348750853, -34.548941456814227 ], [ -58.425128348743115, -34.548941456830768 ], [ -58.425128348739463, -34.548941456848254 ], [ -58.425128348739996, -34.54894145686599 ], [ -58.425130978332042, -34.548958916753591 ], [ -58.425130978339162, -34.548958916776265 ], [ -58.425136958723627, -34.548971141027671 ], [ -58.425215189465646, -34.549131349008661 ], [ -58.425212989256792, -34.549133553596249 ], [ -58.425141343874664, -34.549159252711938 ], [ -58.4251048538448, -34.549153649681308 ], [ -58.425085938401104, -34.549139105539155 ], [ -58.425085938377528, -34.549139105525356 ], [ -58.425057560859308, -34.549126795059799 ], [ -58.425044522942947, -34.549114294291229 ], [ -58.425031892141533, -34.549102183860022 ], [ -58.42501298336326, -34.549073101457729 ], [ -58.425012983351095, -34.549073101442815 ], [ -58.425012983335591, -34.549073101430182 ], [ -58.425012983317359, -34.549073101420369 ], [ -58.42501298329713, -34.549073101413732 ], [ -58.425012983275721, -34.549073101410563 ], [ -58.425004198273712, -34.54907253949245 ], [ -58.425004198254882, -34.549072539492592 ], [ -58.425004198236373, -34.54907253949542 ], [ -58.425004198218716, -34.549072539500841 ], [ -58.424952829014138, -34.549092653251961 ], [ -58.424952828994194, -34.549092653262072 ], [ -58.424952828977311, -34.549092653275466 ], [ -58.424952828964273, -34.549092653291545 ], [ -58.424952828955696, -34.549092653309557 ], [ -58.424952828951952, -34.549092653328671 ], [ -58.424951467627068, -34.549113901083864 ], [ -58.4249095327446, -34.54919217072203 ], [ -58.42486490644751, -34.549244718001816 ], [ -58.424798655811372, -34.549295021804312 ], [ -58.424798655800814, -34.549295021813549 ], [ -58.424743215157825, -34.549350920631376 ], [ -58.424743215145305, -34.549350920647107 ], [ -58.424743215136999, -34.549350920664644 ], [ -58.424743215133297, -34.549350920683239 ], [ -58.424741854781487, -34.549369931799617 ], [ -58.424741854782198, -34.549369931816543 ], [ -58.424741854786724, -34.54936993183307 ], [ -58.424741854794924, -34.549369931848595 ], [ -58.424772919813584, -34.549416352192914 ], [ -58.424772919825735, -34.549416352207473 ], [ -58.424772919841061, -34.549416352219794 ], [ -58.424772919859016, -34.549416352229393 ], [ -58.424772919878883, -34.549416352235902 ], [ -58.424772919899915, -34.549416352239085 ], [ -58.424772919921288, -34.549416352238801 ], [ -58.424772919942178, -34.549416352235085 ], [ -58.425014882823035, -34.549352124599018 ], [ -58.425022989712836, -34.549357718740083 ], [ -58.425022989730564, -34.549357718750045 ], [ -58.425022989750303, -34.549357718756944 ], [ -58.425022989771293, -34.549357718760511 ], [ -58.425022989792716, -34.549357718760611 ], [ -58.425022989813762, -34.549357718757243 ], [ -58.425127073355597, -34.549332029857098 ], [ -58.425162194039224, -34.54937677381799 ], [ -58.425268873957492, -34.549585934086352 ], [ -58.425268873968342, -34.549585934102659 ], [ -58.425268873983001, -34.549585934116777 ], [ -58.425268874000849, -34.549585934128118 ], [ -58.425387786202442, -34.549646360711762 ], [ -58.425433714827562, -34.549702291249147 ], [ -58.425665981573907, -34.550160876721129 ], [ -58.425652457587418, -34.550178765729825 ], [ -58.425652457577293, -34.550178765747063 ], [ -58.425652457571793, -34.550178765765679 ], [ -58.425652457571189, -34.550178765784842 ], [ -58.425652457575488, -34.550178765803672 ], [ -58.425678558069549, -34.550250294363366 ], [ -58.425678558072875, -34.550250294371132 ], [ -58.425703762901662, -34.55030179748789 ], [ -58.425703762913415, -34.550301797505774 ], [ -58.425703762929729, -34.55030179752103 ], [ -58.425730785715707, -34.550321935612359 ], [ -58.425633455673527, -34.55035545535295 ], [ -58.425633455653568, -34.550355455361967 ], [ -58.425633455636287, -34.550355455374202 ], [ -58.42563345562246, -34.550355455389138 ], [ -58.425633455612676, -34.550355455406134 ], [ -58.425633455607382, -34.550355455424452 ], [ -58.425633455606786, -34.550355455443253 ], [ -58.425633455610921, -34.550355455461755 ], [ -58.425655053975653, -34.550415851668156 ], [ -58.425625310775565, -34.5504337356736 ], [ -58.425625310760175, -34.550433735684834 ], [ -58.425625310747606, -34.550433735698249 ], [ -58.42562531073829, -34.550433735713369 ], [ -58.425625310732578, -34.550433735729683 ], [ -58.425625310730673, -34.550433735746587 ], [ -58.42562531073262, -34.550433735763477 ], [ -58.425625310738354, -34.550433735779791 ], [ -58.425709031495607, -34.550608220442982 ], [ -58.425709031505512, -34.550608220458855 ], [ -58.425709031519027, -34.550608220472796 ], [ -58.42570903153559, -34.550608220484264 ], [ -58.425709031554575, -34.550608220492784 ], [ -58.425709031575209, -34.55060822049807 ], [ -58.425709031596696, -34.550608220499861 ], [ -58.425709031618183, -34.550608220498127 ], [ -58.425736065599793, -34.550603755528705 ], [ -58.42577927670213, -34.550693234825189 ], [ -58.425779276714685, -34.550693234844175 ], [ -58.425779276732371, -34.550693234860162 ], [ -58.425798193173115, -34.550706660583479 ], [ -58.425798193189323, -34.550706660593001 ], [ -58.425798193207363, -34.550706660599928 ], [ -58.425798193226626, -34.550706660604028 ], [ -58.425798193246472, -34.550706660605179 ], [ -58.425798193266232, -34.550706660603304 ], [ -58.425798193285253, -34.5507066605985 ], [ -58.425857672804888, -34.550686549018408 ], [ -58.425973808858508, -34.550914722992687 ], [ -58.425973808868356, -34.550914723007814 ], [ -58.425973808881501, -34.55091472302113 ], [ -58.425973808897453, -34.550914723032122 ], [ -58.42597380891565, -34.550914723040414 ], [ -58.425973808935403, -34.550914723045715 ], [ -58.425973808956016, -34.550914723047811 ], [ -58.425973808976742, -34.550914723046624 ], [ -58.425973808996815, -34.550914723042212 ], [ -58.42606843440781, -34.55088567548804 ], [ -58.426286888021856, -34.551318666367933 ], [ -58.42628688802251, -34.551318666369198 ], [ -58.426508682314548, -34.551740209757405 ], [ -58.426470829118323, -34.551758091518117 ], [ -58.426470829101653, -34.551758091527802 ], [ -58.426470829087457, -34.551758091539881 ], [ -58.426470829076237, -34.551758091553943 ], [ -58.426470829068357, -34.551758091569489 ], [ -58.426470829064122, -34.551758091585974 ], [ -58.426470829063668, -34.551758091602814 ], [ -58.426470829067014, -34.551758091619455 ], [ -58.426470829074034, -34.551758091635271 ], [ -58.42650054205405, -34.55180954349823 ], [ -58.426303417741792, -34.551885031417967 ], [ -58.426081008501789, -34.55196746784592 ], [ -58.426020105997992, -34.551858291748694 ], [ -58.426020105987661, -34.551858291734 ], [ -58.426020105974182, -34.551858291721167 ], [ -58.426020105958031, -34.551858291710658 ], [ -58.426020105939777, -34.55185829170285 ], [ -58.426020105920081, -34.551858291698018 ], [ -58.426020105899624, -34.55185829169632 ], [ -58.426020105879168, -34.551858291697833 ], [ -58.426020105859408, -34.551858291702509 ], [ -58.425668022743558, -34.551972187251579 ], [ -58.425582712956015, -34.551854466336628 ], [ -58.424522458206496, -34.549764959903207 ], [ -58.424323232369353, -34.549364839085264 ], [ -58.424463446264625, -34.549273285510466 ], [ -58.424463446280122, -34.549273285498103 ], [ -58.424463446292386, -34.549273285483444 ], [ -58.424463446300919, -34.549273285467109 ], [ -58.42446344630541, -34.549273285449679 ], [ -58.424465044665602, -34.549261424348558 ], [ -58.424731123148376, -34.549105989298326 ], [ -58.424731123160754, -34.549105989289899 ], [ -58.424731123171505, -34.549105989280058 ], [ -58.424753434037811, -34.549082273025164 ], [ -58.424753434049272, -34.549082273010143 ], [ -58.424762998449147, -34.549066460495602 ], [ -58.42476299845773, -34.549066460475998 ], [ -58.424762998460658, -34.549066460455286 ], [ -58.424763003928824, -34.549054598806833 ], [ -58.424763003926685, -34.549054598789013 ], [ -58.424763003920326, -34.549054598771889 ], [ -58.424763003909995, -34.549054598756136 ], [ -58.424735940643522, -34.549021641183302 ], [ -58.424735940643522, -34.549021641183302 ], [ -58.424735940629979, -34.549021641169823 ], [ -58.424735940613523, -34.549021641158788 ], [ -58.424735940594815, -34.549021641150588 ], [ -58.424735940574536, -34.549021641145522 ], [ -58.424735940553454, -34.54902164114381 ], [ -58.424723197750758, -34.549021637118557 ], [ -58.424723197727786, -34.549021637120575 ], [ -58.424723197705823, -34.549021637126565 ], [ -58.424723197685907, -34.549021637136256 ], [ -58.424415689983903, -34.54921000798771 ], [ -58.424398176017, -34.549194186935701 ], [ -58.424398176001247, -34.549194186924005 ], [ -58.424398175983058, -34.549194186915031 ], [ -58.42439817596312, -34.549194186909148 ], [ -58.42438543436122, -34.549191546926814 ], [ -58.424385434342071, -34.54919154692432 ], [ -58.424385434322694, -34.549191546924668 ], [ -58.424385434303701, -34.549191546927865 ], [ -58.424385434285689, -34.549191546933777 ], [ -58.42438543426924, -34.549191546942239 ], [ -58.424269122225866, -34.549263997608008 ], [ -58.424261165390952, -34.549248179638496 ], [ -58.424261165383179, -34.549248179625913 ], [ -58.424261165373117, -34.549248179614501 ], [ -58.424251612554727, -34.549238950832255 ], [ -58.424251612539244, -34.549238950819998 ], [ -58.424251612521161, -34.549238950810462 ], [ -58.42425161250118, -34.54923895080406 ], [ -58.424222944201162, -34.549232351827136 ], [ -58.424222944201162, -34.549232351827136 ], [ -58.424222944179981, -34.549232351824088 ], [ -58.424222944158494, -34.549232351824536 ], [ -58.424210200707428, -34.549233665706623 ], [ -58.424210200685302, -34.549233665710879 ], [ -58.424210200664731, -34.549233665718845 ], [ -58.424210200646584, -34.549233665730156 ], [ -58.4241862991977, -34.549252109531281 ], [ -58.424186299183738, -34.549252109544355 ], [ -58.424186299173094, -34.549252109559404 ], [ -58.424181516600079, -34.549260674774352 ], [ -58.424181516593173, -34.549260674790709 ], [ -58.424181516590167, -34.54926067480784 ], [ -58.424180713686759, -34.549274513141988 ], [ -58.424180713688159, -34.549274513161393 ], [ -58.424180713694568, -34.549274513180102 ], [ -58.424188452374594, -34.549290350637541 ], [ -58.424188452383127, -34.549290350651425 ], [ -58.424188452394425, -34.549290350663881 ], [ -58.424188452408139, -34.549290350674546 ], [ -58.42420459422766, -34.549300880087152 ], [ -58.424204594248195, -34.549300880097718 ], [ -58.424204594271046, -34.549300880104276 ], [ -58.424204594295077, -34.5493008801065 ], [ -58.424222115640902, -34.549300885715311 ], [ -58.42423340589206, -34.549318985434709 ], [ -58.425202508557668, -34.551203709977834 ], [ -58.425202508557938, -34.551203709978353 ], [ -58.42570454200353, -34.552163635652313 ], [ -58.424237065410679, -34.552650412918339 ], [ -58.42369317502861, -34.552801072987656 ], [ -58.423692443883411, -34.552801275572136 ], [ -58.423428684398175, -34.552874337118709 ], [ -58.423325955564877, -34.552902792304728 ], [ -58.423134909256213, -34.552955711122017 ], [ -58.422886978119131, -34.553024385809771 ], [ -58.422833283390254, -34.552876050523146 ], [ -58.42283328338236, -34.552876050507109 ], [ -58.422833283370892, -34.552876050492621 ], [ -58.42283328335629, -34.552876050480222 ], [ -58.422833283339088, -34.552876050470346 ], [ -58.422833283319932, -34.552876050463382 ], [ -58.422833283299525, -34.552876050459574 ], [ -58.422833283278592, -34.552876050459076 ], [ -58.422833283257944, -34.552876050461869 ], [ -58.422317958591144, -34.552989168426805 ], [ -58.422317958571021, -34.552989168433044 ], [ -58.422317958552753, -34.552989168442416 ], [ -58.422317958537079, -34.552989168454587 ], [ -58.422317958524594, -34.552989168469068 ], [ -58.422317958515784, -34.55298916848529 ], [ -58.422317958510995, -34.552989168502627 ], [ -58.422317958510412, -34.552989168520405 ], [ -58.422317958514064, -34.552989168537934 ], [ -58.422329556582682, -34.553023916224106 ], [ -58.422329556585318, -34.55302391623092 ], [ -58.42237928236846, -34.553137037869178 ], [ -58.422363965914961, -34.553140985381305 ], [ -58.422361710992938, -34.553136343759959 ], [ -58.422361710982223, -34.55313634374324 ], [ -58.422361710967543, -34.553136343728745 ], [ -58.422361710949517, -34.5531363437171 ], [ -58.422361710928961, -34.553136343708822 ], [ -58.422361710906756, -34.553136343704281 ], [ -58.422361710883912, -34.553136343703677 ], [ -58.422361710861402, -34.553136343707017 ], [ -58.422024661477288, -34.553217510161687 ], [ -58.422024661476563, -34.553217510161858 ], [ -58.421686928108635, -34.553300933227419 ], [ -58.421313033411998, -34.553391680698624 ], [ -58.421313033411352, -34.553391680698795 ], [ -58.420909115895327, -34.553492012150251 ], [ -58.420909115895164, -34.553492012150286 ], [ -58.420674406460279, -34.553550632603589 ], [ -58.420403535630506, -34.553617142106773 ], [ -58.420363981479397, -34.553590034926167 ], [ -58.420363981463566, -34.553590034917143 ], [ -58.420363981446087, -34.553590034910563 ], [ -58.420363981427478, -34.553590034906627 ], [ -58.420363981408315, -34.55359003490544 ], [ -58.420272564869691, -34.553591131611633 ], [ -58.42027256484549, -34.553591131614183 ], [ -58.420160670974298, -34.553613669887461 ], [ -58.42016067096894, -34.553613669888655 ], [ -58.420027728543729, -34.553646473845291 ], [ -58.419906856711286, -34.553673274127569 ], [ -58.419681710312084, -34.553709455183103 ], [ -58.419474310310271, -34.55372518534287 ], [ -58.419474310303322, -34.553725185343581 ], [ -58.419275208092508, -34.553751036697555 ], [ -58.41927520809233, -34.553751036697591 ], [ -58.418995704201052, -34.553787742676455 ], [ -58.418995704200313, -34.553787742676555 ], [ -58.418704722916132, -34.553827635467684 ], [ -58.418704722913837, -34.553827635468011 ], [ -58.418429086817099, -34.553870432216684 ], [ -58.418429086816253, -34.553870432216819 ], [ -58.418137074927763, -34.553917737837565 ], [ -58.418137074925568, -34.553917737837956 ], [ -58.417861434561054, -34.553967306629019 ], [ -58.417629107787988, -34.554005397404161 ], [ -58.417462987025473, -34.554032633183127 ], [ -58.417462987021146, -34.554032633183915 ], [ -58.417031406616545, -34.554118623525611 ], [ -58.4170314066155, -34.554118623525817 ], [ -58.416635561280835, -34.554200929723628 ], [ -58.416635561279186, -34.55420092972399 ], [ -58.416490039854736, -34.55423320605729 ], [ -58.41649003985205, -34.554233206057908 ], [ -58.416245773610953, -34.554292943211522 ], [ -58.416077928546898, -34.554329002800266 ], [ -58.41602338590247, -34.554268021806713 ], [ -58.416023385888472, -34.55426802179386 ], [ -58.415959285255354, -34.554219454785574 ], [ -58.41595928523887, -34.554219454775293 ], [ -58.415959285220346, -34.554219454767754 ], [ -58.415959285200437, -34.554219454763249 ], [ -58.415959285179845, -34.554219454761927 ], [ -58.415959285159325, -34.554219454763853 ], [ -58.415959285139621, -34.554219454768933 ], [ -58.415959285121431, -34.554219454776998 ], [ -58.415959285105401, -34.554219454787763 ], [ -58.415959285092114, -34.554219454800844 ], [ -58.415959285082039, -34.554219454815758 ], [ -58.415959285075552, -34.554219454831973 ], [ -58.415941511057646, -34.554283794537533 ], [ -58.415941511054925, -34.554283794556298 ], [ -58.415940101209891, -34.554363944974618 ], [ -58.415871866977454, -34.554386496217724 ], [ -58.415772737549936, -34.554412730887606 ], [ -58.415668836197071, -34.554440228346579 ], [ -58.415590751831061, -34.554460893278218 ], [ -58.415590751828823, -34.554460893278829 ], [ -58.415484802230672, -34.554491040692234 ], [ -58.415345114017946, -34.554530788080939 ], [ -58.415171897504599, -34.554579740331221 ], [ -58.415171897503086, -34.554579740331654 ], [ -58.414969088564426, -34.554639819557075 ], [ -58.414969088561293, -34.554639819558048 ], [ -58.414863111744069, -34.554674284056965 ], [ -58.414777410462364, -34.554702154703151 ], [ -58.414656881678653, -34.554736152366964 ], [ -58.414553606200215, -34.554765283258405 ], [ -58.414553606196691, -34.554765283259449 ], [ -58.414492767780693, -34.554784393456735 ], [ -58.414399415346928, -34.554813716685636 ], [ -58.414291586094564, -34.554847587159259 ], [ -58.41429158609067, -34.554847587160559 ], [ -58.414233387447986, -34.554868023950469 ], [ -58.414182408598954, -34.554885925437027 ], [ -58.414144230271248, -34.554841883515564 ], [ -58.414144230256277, -34.554841883501595 ], [ -58.414096496207627, -34.554805739871789 ], [ -58.414096496192414, -34.554805739862147 ], [ -58.414055575720198, -34.554784274500392 ], [ -58.414055575700445, -34.554784274492221 ], [ -58.414055575679107, -34.554784274487524 ], [ -58.414055575657059, -34.554784274486465 ], [ -58.414055575635203, -34.554784274489123 ], [ -58.414055575614455, -34.554784274495361 ], [ -58.414055575595654, -34.554784274504932 ], [ -58.41405557557956, -34.554784274517445 ], [ -58.414055575566863, -34.554784274532395 ], [ -58.414055575558059, -34.554784274549149 ], [ -58.414046009865331, -34.554809106217391 ], [ -58.414046009861373, -34.554809106231517 ], [ -58.414040534148612, -34.554839583986961 ], [ -58.414040534148612, -34.554839583986961 ], [ -58.414040534147453, -34.554839584002259 ], [ -58.41404186997552, -34.554888126706622 ], [ -58.414041869977289, -34.554888126720869 ], [ -58.414051395751962, -34.554931028219762 ], [ -58.413879875532409, -34.554991021324327 ], [ -58.413879875531045, -34.55499102132481 ], [ -58.413738269566515, -34.555042450151959 ], [ -58.413548359091088, -34.555110304326924 ], [ -58.4135483590874, -34.555110304328302 ], [ -58.413329399910999, -34.555196658830482 ], [ -58.413329399907155, -34.555196658832081 ], [ -58.413139059488074, -34.555279505359856 ], [ -58.413139059487698, -34.555279505360019 ], [ -58.412954326649192, -34.555360681881432 ], [ -58.412791716372361, -34.555430610745638 ], [ -58.412791716371395, -34.555430610746072 ], [ -58.412586994494951, -34.555520836879126 ], [ -58.412586994489288, -34.555520836881797 ], [ -58.412491738624176, -34.555569073268444 ], [ -58.412308560870407, -34.555661831840517 ], [ -58.412308560868475, -34.555661831841533 ], [ -58.412198004448612, -34.555720487762954 ], [ -58.412198004448165, -34.555720487763189 ], [ -58.412019202373195, -34.555816368221627 ], [ -58.411830848703033, -34.555912244390321 ], [ -58.411830848700475, -34.555912244391671 ], [ -58.41159744867376, -34.556038581159143 ], [ -58.411459592294406, -34.55611302926556 ], [ -58.411350440594184, -34.556167724005533 ], [ -58.411180473281995, -34.556252892454928 ], [ -58.411083571976185, -34.556292362072369 ], [ -58.41106243593628, -34.556271468670509 ], [ -58.411062435921245, -34.556271468658267 ], [ -58.411026974766706, -34.556247746847731 ], [ -58.411026974759039, -34.556247746843056 ], [ -58.410987419184416, -34.55622571659886 ], [ -58.410987419171157, -34.556225716592536 ], [ -58.410942403303011, -34.556207635099547 ], [ -58.410942403282505, -34.556207635093337 ], [ -58.410942403260904, -34.556207635090622 ], [ -58.410942403239083, -34.556207635091525 ], [ -58.410942403217923, -34.556207635096001 ], [ -58.41094240319827, -34.556207635103902 ], [ -58.410942403180918, -34.55620763511488 ], [ -58.410942403166551, -34.556207635128509 ], [ -58.410942403155765, -34.556207635144226 ], [ -58.410942403148987, -34.5562076351614 ], [ -58.410942403146493, -34.556207635179362 ], [ -58.410941695102053, -34.556248839261976 ], [ -58.41094169510253, -34.556248839271696 ], [ -58.410946444548451, -34.556290610137999 ], [ -58.410946444551207, -34.556290610151379 ], [ -58.410958699249107, -34.556331255347722 ], [ -58.410958699255467, -34.556331255362906 ], [ -58.410974372503411, -34.556360048633834 ], [ -58.410865181251111, -34.556414752778068 ], [ -58.410713066346958, -34.556484233015226 ], [ -58.410713066345942, -34.556484233015688 ], [ -58.41059768101622, -34.5565382693296 ], [ -58.410597681015645, -34.556538269329877 ], [ -58.410465552473909, -34.556601038556252 ], [ -58.410283750207235, -34.556682047957374 ], [ -58.410283750205835, -34.556682047958006 ], [ -58.410203340351011, -34.556719146380267 ], [ -58.410203340348261, -34.556719146381589 ], [ -58.410170479772482, -34.556735364642435 ], [ -58.410084510286481, -34.556657133816586 ], [ -58.41008451027129, -34.556657133805139 ], [ -58.410084510253789, -34.556657133796264 ], [ -58.410084510234576, -34.55665713379026 ], [ -58.410084510214347, -34.556657133787354 ], [ -58.410084510193812, -34.556657133787631 ], [ -58.410084510173711, -34.556657133791099 ], [ -58.410084510154746, -34.556657133797614 ], [ -58.410084510137608, -34.556657133806951 ], [ -58.410067211774134, -34.556668637511834 ], [ -58.41005886234106, -34.556674191179752 ], [ -58.410043418141314, -34.556684468793613 ], [ -58.410033082994254, -34.556675631243095 ], [ -58.410024631659468, -34.556668408012229 ], [ -58.410009499630718, -34.556655465904882 ], [ -58.410009465873287, -34.556655437044391 ], [ -58.4100094658655, -34.556655437038359 ], [ -58.409968967205401, -34.55662699910701 ], [ -58.40996896719296, -34.556626999099457 ], [ -58.409924023296412, -34.556603576564072 ], [ -58.409924023282827, -34.556603576558061 ], [ -58.409875532717763, -34.556585637648524 ], [ -58.409875532703275, -34.556585637644154 ], [ -58.409824467103356, -34.556573541550605 ], [ -58.409824467088271, -34.556573541547976 ], [ -58.409771849367921, -34.556567530298494 ], [ -58.409771849352538, -34.556567530297649 ], [ -58.409718731920833, -34.556567723340798 ], [ -58.409718731905464, -34.556567723341765 ], [ -58.409666180323235, -34.556574118440743 ], [ -58.409666180308172, -34.556574118443486 ], [ -58.409615246053761, -34.556586587156929 ], [ -58.409615246039323, -34.556586587161405 ], [ -58.409566947984544, -34.556604879342537 ], [ -58.409566947971022, -34.556604879348633 ], [ -58.409522256035629, -34.556628628546257 ], [ -58.409522256013098, -34.556628628562201 ], [ -58.409480937626917, -34.556667058097204 ], [ -58.409480937617687, -34.556667058107095 ], [ -58.409446442370403, -34.556709847243106 ], [ -58.409446442362906, -34.556709847253963 ], [ -58.409419432143601, -34.556756172382833 ], [ -58.409419432138009, -34.556756172394451 ], [ -58.409400427242446, -34.556805143139151 ], [ -58.409400427238836, -34.556805143151301 ], [ -58.409389792194325, -34.556855818584822 ], [ -58.409389792192783, -34.556855818597256 ], [ -58.409387731388037, -34.556907223466069 ], [ -58.409387731388584, -34.556907223478561 ], [ -58.409394284700277, -34.556958369834767 ], [ -58.409394284705314, -34.556958369853895 ], [ -58.409410254903925, -34.556997804496682 ], [ -58.409414371194678, -34.557007969021321 ], [ -58.40941437120015, -34.557007969032362 ], [ -58.409442195194636, -34.557054939437627 ], [ -58.409442195201827, -34.557054939447966 ], [ -58.409477270212328, -34.557098460571275 ], [ -58.40947727021328, -34.557098460572462 ], [ -58.40947912428144, -34.557100684313063 ], [ -58.409482144302302, -34.557104304816235 ], [ -58.40947274132926, -34.557111448046427 ], [ -58.409450058905726, -34.557128681474445 ], [ -58.409436888528241, -34.55713869414371 ], [ -58.409435791905317, -34.557139527481503 ], [ -58.409435791890964, -34.557139527494797 ], [ -58.40943579188005, -34.557139527510181 ], [ -58.409435791873015, -34.557139527527035 ], [ -58.409435791870123, -34.557139527544699 ], [ -58.409435791871502, -34.557139527562498 ], [ -58.409435791877087, -34.557139527579707 ], [ -58.409435791886651, -34.557139527595687 ], [ -58.409435791899831, -34.557139527609792 ], [ -58.409525712507957, -34.557218238151918 ], [ -58.409524229687875, -34.557219153785184 ], [ -58.409524229668612, -34.557219153800446 ], [ -58.409469804649753, -34.557274357573341 ], [ -58.409469804639912, -34.557274357585129 ], [ -58.409469804632451, -34.55727435759804 ], [ -58.409420615037639, -34.557380451285667 ], [ -58.409420615036595, -34.557380451288005 ], [ -58.409376885424649, -34.557483160704351 ], [ -58.409376885423278, -34.557483160707804 ], [ -58.409329045488242, -34.557611832691457 ], [ -58.409329045485059, -34.557611832702392 ], [ -58.409304409667769, -34.557728097171996 ], [ -58.40930440966622, -34.557728097184096 ], [ -58.409298874402957, -34.557847756755429 ], [ -58.409289258791297, -34.557947094552844 ], [ -58.409283771651488, -34.557992247599273 ], [ -58.409274191766812, -34.558036269947969 ], [ -58.409263243731658, -34.558085936125295 ], [ -58.409252988151891, -34.558119798187569 ], [ -58.409246838110775, -34.558135035373958 ], [ -58.409194021877049, -34.55813530254273 ], [ -58.409194021875344, -34.558135302542752 ], [ -58.409156098878661, -34.55813598294219 ], [ -58.409156098864514, -34.558135982943213 ], [ -58.40912061916395, -34.558140482751199 ], [ -58.409120619147068, -34.558140482754503 ], [ -58.4090783125908, -34.558151752841965 ], [ -58.409078312573307, -34.558151752848083 ], [ -58.409078312557355, -34.558151752856588 ], [ -58.409066027005174, -34.5581596496082 ], [ -58.409066026990381, -34.558159649619682 ], [ -58.409066026978408, -34.558159649633268 ], [ -58.40906602696969, -34.558159649648417 ], [ -58.409066026964531, -34.558159649664653 ], [ -58.409066026963089, -34.5581596496814 ], [ -58.409066026965434, -34.558159649698077 ], [ -58.409066026971473, -34.558159649714106 ], [ -58.409066026980987, -34.558159649728935 ], [ -58.409066026993685, -34.558159649742038 ], [ -58.409087298789672, -34.558177854735327 ], [ -58.409106939048698, -34.558194663403611 ], [ -58.409106939062049, -34.558194663413317 ], [ -58.409165567633096, -34.558230701581955 ], [ -58.409165567645857, -34.558230701588712 ], [ -58.409198327165761, -34.558245503862665 ], [ -58.409198327181933, -34.558245503868612 ], [ -58.409225611823722, -34.558253418134036 ], [ -58.409211947934836, -34.55828276305413 ], [ -58.409211947933166, -34.558282763057981 ], [ -58.409198281071831, -34.558316623607112 ], [ -58.409180518521929, -34.558353868999738 ], [ -58.409180518516258, -34.558353869015953 ], [ -58.409180518514333, -34.558353869032786 ], [ -58.409180489270497, -34.558399024495159 ], [ -58.409180489272167, -34.55839902451094 ], [ -58.409180489277148, -34.558399024526246 ], [ -58.409180489285305, -34.558399024540577 ], [ -58.409190031982639, -34.558412575412852 ], [ -58.409190032001923, -34.558412575432975 ], [ -58.409214580494805, -34.558431777379248 ], [ -58.40922548693031, -34.558446457689996 ], [ -58.409210458501001, -34.558475802035773 ], [ -58.409177313647561, -34.55850798754274 ], [ -58.409177313647291, -34.558507987543003 ], [ -58.409124456029126, -34.558559716558882 ], [ -58.409065928593151, -34.558614414652929 ], [ -58.409011259821447, -34.558662719279859 ], [ -58.408975623485382, -34.558693572865195 ], [ -58.40895106989435, -34.558682273102903 ], [ -58.408951069871051, -34.558682273094938 ], [ -58.408951069846182, -34.55868227309162 ], [ -58.408919687076583, -34.558681130230269 ], [ -58.408919687058479, -34.558681130230852 ], [ -58.408858962756234, -34.558687312045436 ], [ -58.408858962737227, -34.558687312048811 ], [ -58.408858962719243, -34.558687312054936 ], [ -58.408858962702851, -34.558687312063611 ], [ -58.408783201269927, -34.55873582038992 ], [ -58.408783201254067, -34.558735820402376 ], [ -58.408718777290161, -34.558797696177379 ], [ -58.408718777288428, -34.558797696179099 ], [ -58.408633087231578, -34.558884248213296 ], [ -58.408553815312693, -34.558964317333405 ], [ -58.408447942884806, -34.559067028214237 ], [ -58.408333394707896, -34.559178046932622 ], [ -58.408220663341019, -34.559287029093298 ], [ -58.408140062965003, -34.559364739206707 ], [ -58.408040433051113, -34.55946079619968 ], [ -58.408040433048477, -34.55946079620233 ], [ -58.407825616339608, -34.559684645009213 ], [ -58.407825616339395, -34.559684645009433 ], [ -58.407652345764212, -34.559866359894052 ], [ -58.407652345763971, -34.559866359894308 ], [ -58.407491514361688, -34.560036278687924 ], [ -58.407491514357858, -34.560036278692223 ], [ -58.407387727576861, -34.560160408724386 ], [ -58.407247085449654, -34.560322745732968 ], [ -58.407247085449285, -34.560322745733394 ], [ -58.407176730305785, -34.560404974222443 ], [ -58.40717673030548, -34.560404974222791 ], [ -58.407062715521505, -34.560539565305483 ], [ -58.40699244568124, -34.560610022095233 ], [ -58.406887490571386, -34.560715256134664 ], [ -58.406887490570114, -34.560715256135964 ], [ -58.406758215161595, -34.560849868428463 ], [ -58.406649658051556, -34.56096270674275 ], [ -58.40664965804956, -34.560962706744895 ], [ -58.406592920421332, -34.561025459686135 ], [ -58.406592920409757, -34.561025459702158 ], [ -58.406592920402424, -34.561025459719815 ], [ -58.406592920399639, -34.561025459738346 ], [ -58.406592845329136, -34.561028593623469 ], [ -58.406419820307384, -34.561189142902101 ], [ -58.406335948819603, -34.561266613994228 ], [ -58.40614057843613, -34.561447073316671 ], [ -58.406140578435569, -34.561447073317197 ], [ -58.405978454238401, -34.561599161966122 ], [ -58.405833355034943, -34.561733171257295 ], [ -58.405772482399655, -34.561789390795916 ], [ -58.405772482399506, -34.561789390796044 ], [ -58.405597664700956, -34.561951490517323 ], [ -58.40540496239624, -34.562127891672631 ], [ -58.405404962395835, -34.562127891672993 ], [ -58.405232451648303, -34.562287607678833 ], [ -58.405232451647713, -34.562287607679373 ], [ -58.40518184183739, -34.562335223162094 ], [ -58.405078401036654, -34.562432544316501 ], [ -58.404856091049339, -34.562636149081641 ], [ -58.40485609104816, -34.562636149082756 ], [ -58.404823689335082, -34.562666825383658 ], [ -58.40482368932647, -34.562666825392952 ], [ -58.404796368418431, -34.562700719513344 ], [ -58.404796368409791, -34.562700719526234 ], [ -58.404753646227398, -34.562778927661178 ], [ -58.404753646219447, -34.562778927682359 ], [ -58.404745599564492, -34.562815951775832 ], [ -58.404745599562908, -34.562815951787393 ], [ -58.404743386358319, -34.562853524042126 ], [ -58.404743386358547, -34.562853524053772 ], [ -58.404747046276405, -34.562891019799622 ], [ -58.404747046278445, -34.56289101981114 ], [ -58.404755046310498, -34.562922097668938 ], [ -58.404756063428501, -34.562926050917802 ], [ -58.404756516555764, -34.562927811576209 ], [ -58.404747243902996, -34.56293558551036 ], [ -58.404736593765456, -34.562942040025284 ], [ -58.40472483870024, -34.562947009359398 ], [ -58.404712276263957, -34.562950366554077 ], [ -58.404699229044233, -34.562952027931189 ], [ -58.404686028318089, -34.562951949479768 ], [ -58.404673010778417, -34.562950133164335 ], [ -58.404660507637708, -34.562946626919569 ], [ -58.404648840270042, -34.562941518336764 ], [ -58.404475692333669, -34.562850376394323 ], [ -58.404432050594714, -34.562827404103039 ], [ -58.404432050575842, -34.562827404095131 ], [ -58.404432050555478, -34.562827404090385 ], [ -58.404432050534382, -34.562827404088971 ], [ -58.404432050513364, -34.562827404090967 ], [ -58.404432050493213, -34.562827404096282 ], [ -58.404432050474675, -34.562827404104709 ], [ -58.404432050458453, -34.562827404115943 ], [ -58.404432050445173, -34.562827404129578 ], [ -58.404431810515476, -34.562827705992198 ], [ -58.404431810515412, -34.56282770599227 ], [ -58.404416772344334, -34.56284666838782 ], [ -58.404180214431754, -34.563144963632816 ], [ -58.403911262674427, -34.563484102567173 ], [ -58.403910936582612, -34.563484513459564 ], [ -58.403910759964049, -34.563484735950823 ], [ -58.403884639724133, -34.563470510479107 ], [ -58.403842367524383, -34.563447489968745 ], [ -58.403671285714168, -34.563354317881846 ], [ -58.403669293644782, -34.56335323344107 ], [ -58.403737133419369, -34.563263762065652 ], [ -58.40373713342894, -34.563263762049736 ], [ -58.403737133434547, -34.563263762032562 ], [ -58.403737133435975, -34.563263762014834 ], [ -58.403737133433175, -34.563263761997206 ], [ -58.40373713342624, -34.563263761980387 ], [ -58.403737133415454, -34.563263761965011 ], [ -58.403737133401229, -34.563263761951696 ], [ -58.403737133384119, -34.563263761940945 ], [ -58.403737085459532, -34.563263737579817 ], [ -58.403544907029207, -34.56315803328561 ], [ -58.403515726316591, -34.563141983499598 ], [ -58.403417839053787, -34.563088145523103 ], [ -58.403402070754083, -34.563079473263272 ], [ -58.403400526273778, -34.563078623360511 ], [ -58.40340052625487, -34.563078623352176 ], [ -58.403400526234364, -34.563078623347089 ], [ -58.403400526213041, -34.563078623345419 ], [ -58.403400526191732, -34.563078623347216 ], [ -58.403400526171261, -34.563078623352432 ], [ -58.403400526152417, -34.56307862336088 ], [ -58.403400526135947, -34.563078623372192 ], [ -58.403400526122461, -34.563078623385948 ], [ -58.403360331763913, -34.563129074601243 ], [ -58.403328000709109, -34.563169660760664 ], [ -58.403327676211681, -34.56316949208118 ], [ -58.403326152393966, -34.563168697174738 ], [ -58.402485560137215, -34.562730751692527 ], [ -58.402485560135737, -34.562730751691767 ], [ -58.402004580314269, -34.562488958219532 ], [ -58.402004580312777, -34.5624889582188 ], [ -58.401856881841447, -34.562417333133929 ], [ -58.401723602547726, -34.562339752197992 ], [ -58.401723602542788, -34.562339752195292 ], [ -58.40027548561261, -34.561590708993776 ], [ -58.399909152128181, -34.561388388513144 ], [ -58.399909152125751, -34.561388388511844 ], [ -58.398928191971109, -34.560877261276168 ], [ -58.398926240276211, -34.560876244379138 ], [ -58.398947706605277, -34.560836354051645 ], [ -58.39894792811058, -34.560835942215746 ], [ -58.398947928117472, -34.560835942198331 ], [ -58.398947928119981, -34.56083594218012 ], [ -58.398947928117984, -34.560835942161873 ], [ -58.398947928111561, -34.56083594214433 ], [ -58.398947928100988, -34.560835942128236 ], [ -58.398947928086685, -34.560835942114231 ], [ -58.398947928069269, -34.560835942102912 ], [ -58.398789758547245, -34.560753190456076 ], [ -58.398789758528352, -34.56075319044821 ], [ -58.398789758507995, -34.560753190443499 ], [ -58.398789758486913, -34.560753190442128 ], [ -58.398789758465909, -34.560753190444167 ], [ -58.39878975844578, -34.56075319044951 ], [ -58.398789758427284, -34.560753190457973 ], [ -58.398789758411105, -34.560753190469242 ], [ -58.398789758397861, -34.56075319048287 ], [ -58.39867952420807, -34.560892418154523 ], [ -58.398679524198158, -34.560892418170198 ], [ -58.39867952419214, -34.560892418187173 ], [ -58.398679524190257, -34.560892418204787 ], [ -58.398679524192559, -34.56089241822238 ], [ -58.398679524198968, -34.560892418239256 ], [ -58.39867952420925, -34.560892418254767 ], [ -58.398679524222977, -34.560892418268324 ], [ -58.398679524239654, -34.560892418279401 ], [ -58.398681529351123, -34.560893501054451 ], [ -58.398706036056119, -34.560906742431932 ], [ -58.398705763444326, -34.56090709286795 ], [ -58.398695647374986, -34.56092009331995 ], [ -58.398695647365187, -34.560920093335767 ], [ -58.398695647359332, -34.56092009335287 ], [ -58.398695647357656, -34.560920093370576 ], [ -58.398695647360213, -34.560920093388226 ], [ -58.398695647366907, -34.560920093405109 ], [ -58.398695647377465, -34.560920093420584 ], [ -58.398695647391484, -34.560920093434042 ], [ -58.398695647408431, -34.560920093444963 ], [ -58.39869766888571, -34.560921149185546 ], [ -58.398832817183035, -34.560991716811564 ], [ -58.39883281720185, -34.560991716819395 ], [ -58.398832817222136, -34.560991716824077 ], [ -58.398832817243139, -34.560991716825463 ], [ -58.398832817264051, -34.560991716823466 ], [ -58.398832817284131, -34.560991716818172 ], [ -58.398832817302591, -34.560991716809788 ], [ -58.39883281731877, -34.560991716798625 ], [ -58.398832817332043, -34.560991716785104 ], [ -58.398880142714013, -34.560932592842839 ], [ -58.398891595732572, -34.560940622431822 ], [ -58.398891595744594, -34.560940622439141 ], [ -58.399742299305679, -34.561387705167746 ], [ -58.399742299306112, -34.561387705167974 ], [ -58.400758131719847, -34.561915918543882 ], [ -58.401561434867226, -34.56234265146675 ], [ -58.401561434868512, -34.562342651467411 ], [ -58.403114046959125, -34.56314241277488 ], [ -58.403258140111539, -34.563219997504689 ], [ -58.403258140132557, -34.563219997513478 ], [ -58.403258140155366, -34.563219997518345 ], [ -58.403258140178913, -34.563219997519028 ], [ -58.403289607602822, -34.56321809656886 ], [ -58.403269673482306, -34.563244688653725 ], [ -58.403269135780299, -34.563245405925848 ], [ -58.403239378921619, -34.563285100085494 ], [ -58.403222880283195, -34.563307109341167 ], [ -58.403222880273823, -34.563307109356927 ], [ -58.403222880268316, -34.563307109373895 ], [ -58.403222880266888, -34.563307109391431 ], [ -58.40322288026961, -34.563307109408861 ], [ -58.403222880276367, -34.56330710942553 ], [ -58.40322288028689, -34.563307109440792 ], [ -58.40322288030081, -34.563307109454065 ], [ -58.403222880317564, -34.563307109464859 ], [ -58.403222921707062, -34.563307131119068 ], [ -58.403398975156826, -34.563402987119971 ], [ -58.40356416307727, -34.563492925985841 ], [ -58.403564192483657, -34.563492943126569 ], [ -58.403564192502614, -34.563492943135408 ], [ -58.403564192523312, -34.563492943140965 ], [ -58.403564192544941, -34.563492943143011 ], [ -58.403564192566634, -34.563492943141462 ], [ -58.40356419258751, -34.563492943136374 ], [ -58.403564192606744, -34.56349294312794 ], [ -58.403564192623577, -34.563492943116529 ], [ -58.403564192637333, -34.563492943102574 ], [ -58.403601340894774, -34.563446431375873 ], [ -58.403636194420088, -34.563402791439181 ], [ -58.403636222648856, -34.563402805829327 ], [ -58.40371455945786, -34.563445548328041 ], [ -58.403936053135439, -34.563566433070385 ], [ -58.403886830480808, -34.563605852820672 ], [ -58.403886830478029, -34.563605852822974 ], [ -58.403815565142231, -34.563667188217401 ], [ -58.403737282534856, -34.563720775978616 ], [ -58.403654189539687, -34.563769151088152 ], [ -58.403566789786304, -34.56381202081775 ], [ -58.403493131854923, -34.563841994183214 ], [ -58.403475616305563, -34.563849122202647 ], [ -58.403381222807475, -34.563880231050753 ], [ -58.403284185862944, -34.563905157436949 ], [ -58.403185095090969, -34.563923749304713 ], [ -58.403084723869043, -34.563940943247502 ], [ -58.402977468107764, -34.563952338427477 ], [ -58.402832240807122, -34.563958965990764 ], [ -58.402781087176315, -34.563961301481882 ], [ -58.402693045667007, -34.5639641631061 ], [ -58.402605003956268, -34.563961298798525 ], [ -58.402517505775151, -34.563952725957058 ], [ -58.402431091563692, -34.563938496233732 ], [ -58.40234928246656, -34.563919397432898 ], [ -58.402349282462318, -34.563919397431974 ], [ -58.402235876385447, -34.563896955606289 ], [ -58.402198970288438, -34.563885193343623 ], [ -58.402163243773977, -34.563871160970493 ], [ -58.402160908174473, -34.563868899034773 ], [ -58.402160908162642, -34.563868899024939 ], [ -58.402160908149121, -34.563868899016747 ], [ -58.402020403472179, -34.563796703535772 ], [ -58.402010832458373, -34.563791785050526 ], [ -58.40200422459808, -34.563787759564583 ], [ -58.401813805788301, -34.563671754631784 ], [ -58.401725071975861, -34.563586803536495 ], [ -58.401725071970503, -34.56358680353172 ], [ -58.401598297761559, -34.563481798009505 ], [ -58.401598297747491, -34.563481797999671 ], [ -58.401598297731638, -34.563481797991948 ], [ -58.401261665031257, -34.563348065539849 ], [ -58.401261665001307, -34.563348065532097 ], [ -58.401226567130742, -34.563343417958073 ], [ -58.401182101552777, -34.563337530651701 ], [ -58.401182101534232, -34.563337530650578 ], [ -58.401117440269637, -34.563338177408454 ], [ -58.401117440246345, -34.56333817741077 ], [ -58.401117440224169, -34.563338177417172 ], [ -58.401041740011692, -34.563367951755637 ], [ -58.400991569617617, -34.563387714301726 ], [ -58.400989620786511, -34.563388482224951 ], [ -58.400986019590853, -34.56338990103697 ], [ -58.400986019569139, -34.563389901048303 ], [ -58.40094333049263, -34.563418500483571 ], [ -58.400943330480061, -34.563418500493469 ], [ -58.400943330469538, -34.563418500504881 ], [ -58.40088330604555, -34.563495744724406 ], [ -58.400883306034203, -34.563495744743769 ], [ -58.400883306028724, -34.563495744764808 ], [ -58.40087756361617, -34.563546863598702 ], [ -58.400876340541082, -34.563557752220383 ], [ -58.400876340540613, -34.563557752228157 ], [ -58.40087576986226, -34.563633201437312 ], [ -58.400875769864612, -34.563633201456511 ], [ -58.400875769871853, -34.563633201474843 ], [ -58.400875769883648, -34.563633201491506 ], [ -58.400946570757185, -34.563712337954861 ], [ -58.400951191968076, -34.563718079703463 ], [ -58.40095809161479, -34.563726653930303 ], [ -58.400945965078535, -34.563734059224657 ], [ -58.400931556810683, -34.563742858813285 ], [ -58.40093155680389, -34.563742858817797 ], [ -58.400895787756433, -34.563768598835431 ], [ -58.400895787741611, -34.563768598848448 ], [ -58.400895787730185, -34.563768598863618 ], [ -58.400895787722604, -34.56376859888038 ], [ -58.400895787719179, -34.563768598898029 ], [ -58.400895787720025, -34.563768598915892 ], [ -58.400895787725126, -34.563768598933287 ], [ -58.400895787734271, -34.56376859894948 ], [ -58.400895787747096, -34.563768598963868 ], [ -58.400917684219621, -34.563788644358546 ], [ -58.400917153658021, -34.563801658864136 ], [ -58.400917153659613, -34.563801658882781 ], [ -58.400921463284632, -34.563821934193861 ], [ -58.400921463291183, -34.563821934212562 ], [ -58.400921463302453, -34.563821934229679 ], [ -58.401105812198466, -34.56404145104252 ], [ -58.400977448897926, -34.564134402043173 ], [ -58.400977448883438, -34.564134402055913 ], [ -58.400977448872204, -34.564134402070735 ], [ -58.400977448864637, -34.564134402087078 ], [ -58.400977448861035, -34.564134402104315 ], [ -58.400977448861518, -34.564134402121809 ], [ -58.400977448866072, -34.564134402138883 ], [ -58.400977448874549, -34.56413440215492 ], [ -58.40100480666689, -34.564174961343568 ], [ -58.40097723847817, -34.564184267996076 ], [ -58.400977238462957, -34.5641842680024 ], [ -58.400951759696099, -34.564197015602169 ], [ -58.400951759682243, -34.564197015610375 ], [ -58.400928995045028, -34.564212893446857 ], [ -58.400928995032906, -34.564212893456762 ], [ -58.400909500531831, -34.564231512398891 ], [ -58.400909500521713, -34.564231512410224 ], [ -58.400893753825692, -34.564252418295652 ], [ -58.400847649135009, -34.564220196691828 ], [ -58.400847649117622, -34.56422019668188 ], [ -58.400847649098246, -34.564220196674917 ], [ -58.400847649077612, -34.564220196671172 ], [ -58.40084764905648, -34.564220196670789 ], [ -58.400847649035661, -34.564220196673801 ], [ -58.40084764901593, -34.564220196680068 ], [ -58.400847648998045, -34.564220196689369 ], [ -58.400713553473246, -34.564305970968903 ], [ -58.400713525206207, -34.56430598893391 ], [ -58.400474172251144, -34.564101798154127 ], [ -58.400472947193066, -34.564100752769022 ], [ -58.400472947188966, -34.564100752765711 ], [ -58.400334643042299, -34.563994547417451 ], [ -58.40033464302595, -34.563994547407091 ], [ -58.40033464300754, -34.563994547399467 ], [ -58.400334642987715, -34.563994547394842 ], [ -58.400302933802919, -34.563989760684727 ], [ -58.400276134430243, -34.563972097814101 ], [ -58.400276134408784, -34.563972097803074 ], [ -58.400276134384839, -34.563972097796409 ], [ -58.400273932517152, -34.563971713552924 ], [ -58.400226327091943, -34.563963412061248 ], [ -58.400176199826667, -34.563934048301455 ], [ -58.400135861311909, -34.563902545079543 ], [ -58.400135861305067, -34.563902545074626 ], [ -58.400067856172576, -34.563857671955255 ], [ -58.400067856165123, -34.56385767195075 ], [ -58.399922614038502, -34.563777458811593 ], [ -58.399922614037443, -34.563777458811025 ], [ -58.39987650536392, -34.563752631180506 ], [ -58.399876505361831, -34.563752631179398 ], [ -58.399813103487134, -34.563720161249542 ], [ -58.39981310347725, -34.563720161245037 ], [ -58.399607896435867, -34.56363800910966 ], [ -58.399607896415205, -34.563638009103421 ], [ -58.399516808962225, -34.563618881927709 ], [ -58.399516808940966, -34.563618881925045 ], [ -58.399516808919479, -34.563618881925912 ], [ -58.399400324973087, -34.563633131175671 ], [ -58.399400324967232, -34.563633131176523 ], [ -58.399304597027253, -34.563649298618394 ], [ -58.399304597026727, -34.563649298618486 ], [ -58.39921117580252, -34.563665468097724 ], [ -58.399211175787862, -34.563665468101163 ], [ -58.39907391367521, -34.563706419038091 ], [ -58.399073913664935, -34.563706419041665 ], [ -58.398848971337642, -34.563795977223357 ], [ -58.398848971328761, -34.563795977227322 ], [ -58.39872437704836, -34.563857922398036 ], [ -58.398724377045305, -34.563857922399599 ], [ -58.398622853913075, -34.563912247279539 ], [ -58.398622853909139, -34.563912247281742 ], [ -58.398502866152583, -34.563982780763851 ], [ -58.398502866139602, -34.563982780772804 ], [ -58.398403628377913, -34.564062864977203 ], [ -58.398403628374083, -34.564062864980457 ], [ -58.398400854409324, -34.564065341530373 ], [ -58.398400854408933, -34.564065341530714 ], [ -58.397876242225301, -34.564538635512307 ], [ -58.397773554810044, -34.564604408080712 ], [ -58.397648950627342, -34.564677799364276 ], [ -58.397575116008262, -34.564714012344837 ], [ -58.39757511599452, -34.564714012352816 ], [ -58.397502424724962, -34.56476358235841 ], [ -58.39750242471851, -34.564763582363184 ], [ -58.397428572994166, -34.564822690604991 ], [ -58.397428572984722, -34.564822690613582 ], [ -58.397378943552134, -34.564874180390341 ], [ -58.397279736848347, -34.564912287802507 ], [ -58.397279736846365, -34.564912287803295 ], [ -58.397107852684066, -34.564981837211626 ], [ -58.39703979416111, -34.56500660487005 ], [ -58.397039794143275, -34.565006604878263 ], [ -58.3970397941276, -34.565006604889099 ], [ -58.396925549103422, -34.565101944503361 ], [ -58.396925549092813, -34.565101944513671 ], [ -58.396885150896139, -34.56514771505794 ], [ -58.39688515089194, -34.565147715063048 ], [ -58.396840128435038, -34.565206839526972 ], [ -58.396840128430156, -34.565206839534085 ], [ -58.396806641514175, -34.565261199910466 ], [ -58.396806641508043, -34.565261199922496 ], [ -58.396777755232073, -34.565331781278829 ], [ -58.396777755228086, -34.565331781291547 ], [ -58.396752388008345, -34.565446745436788 ], [ -58.396752388006796, -34.565446745447289 ], [ -58.396748018651941, -34.565503983706783 ], [ -58.396748018651813, -34.56550398371617 ], [ -58.396750855198057, -34.565561225903416 ], [ -58.396750855199478, -34.565561225914685 ], [ -58.396768086088862, -34.565645904580087 ], [ -58.396768086095008, -34.565645904598313 ], [ -58.396804064586938, -34.565721051864642 ], [ -58.396804064589091, -34.565721051868842 ], [ -58.396834293877532, -34.565775924694712 ], [ -58.396834293884595, -34.56577592470552 ], [ -58.396878872420906, -34.565834228051408 ], [ -58.396878872422079, -34.565834228052893 ], [ -58.396946619038602, -34.565919087407032 ], [ -58.396946619050929, -34.5659190874198 ], [ -58.396982632845798, -34.565950112484884 ], [ -58.396982632846488, -34.565950112485481 ], [ -58.397050340513744, -34.566007389885506 ], [ -58.397050340532481, -34.566007389898182 ], [ -58.397050340554145, -34.566007389907114 ], [ -58.397131949857794, -34.566032138682729 ], [ -58.397201551833447, -34.5660711171424 ], [ -58.397204237757208, -34.566072621276071 ], [ -58.397204237762701, -34.566072621278963 ], [ -58.397267663271336, -34.566103735014842 ], [ -58.397267663276551, -34.566103735017251 ], [ -58.397333053626078, -34.566131927353894 ], [ -58.397393332839577, -34.566159544485032 ], [ -58.397430000885066, -34.5661861825171 ], [ -58.397430000889202, -34.566186182519964 ], [ -58.39747178321624, -34.566213633684605 ], [ -58.397503476345015, -34.566241078492538 ], [ -58.397533723955576, -34.566272100273657 ], [ -58.397553876578542, -34.566309078647308 ], [ -58.397568261763311, -34.566347247412097 ], [ -58.397568261766068, -34.566347247418534 ], [ -58.397589120891382, -34.56639070113404 ], [ -58.397608683011882, -34.566431789703906 ], [ -58.39760868302011, -34.56643178971764 ], [ -58.39763591845724, -34.566468919734113 ], [ -58.397660634104, -34.566510842179497 ], [ -58.397660634110331, -34.566510842188819 ], [ -58.397689435571763, -34.566547825204388 ], [ -58.39768943558488, -34.566547825218088 ], [ -58.397728331323421, -34.566581236785083 ], [ -58.39778163113521, -34.566628966228734 ], [ -58.397829168200936, -34.566671922205913 ], [ -58.397829168202577, -34.566671922207355 ], [ -58.397877797874067, -34.566713979127044 ], [ -58.397927073385141, -34.566756524041573 ], [ -58.397974658457407, -34.566807947089181 ], [ -58.397974658462893, -34.566807947094652 ], [ -58.398026516921981, -34.566855674757861 ], [ -58.398026516925093, -34.56685567476061 ], [ -58.398092785331016, -34.566911759118007 ], [ -58.398153288958859, -34.566964261695126 ], [ -58.398220991584957, -34.567028693962186 ], [ -58.398220991596574, -34.567028693971693 ], [ -58.39827862247509, -34.567069269975065 ], [ -58.398385236383206, -34.567148033025482 ], [ -58.398562435966014, -34.56729242127652 ], [ -58.398562435967911, -34.567292421278012 ], [ -58.398654640567834, -34.567364020917992 ], [ -58.39872954477471, -34.56743799651219 ], [ -58.398764113626811, -34.567474983217998 ], [ -58.398781396683418, -34.567495264547006 ], [ -58.398781396686573, -34.567495264550509 ], [ -58.398817406318884, -34.567533444593465 ], [ -58.398817406327382, -34.567533444601438 ], [ -58.398876893090701, -34.567583124809858 ], [ -58.398876926841169, -34.567583159078502 ], [ -58.398876926841915, -34.567583159079255 ], [ -58.398886062301621, -34.567592230454082 ], [ -58.398912337371769, -34.567618326208063 ], [ -58.398912337371925, -34.567618326208219 ], [ -58.398912371126173, -34.567618359578546 ], [ -58.398913698423215, -34.567619694390473 ], [ -58.398948735167856, -34.567654931622691 ], [ -58.398982923733357, -34.567689315647641 ], [ -58.399009693854026, -34.567716473522097 ], [ -58.399032172890891, -34.567739270731046 ], [ -58.399035442579596, -34.567742702381899 ], [ -58.399035774665485, -34.567743051408989 ], [ -58.399068929958538, -34.567777852225802 ], [ -58.399113310804729, -34.567825984732544 ], [ -58.39915254089, -34.567869671382773 ], [ -58.399172578389887, -34.567891980512272 ], [ -58.399172578390306, -34.567891980512748 ], [ -58.399209591160918, -34.567932642592865 ], [ -58.399209611846544, -34.567932666040278 ], [ -58.399209611848846, -34.567932666042786 ], [ -58.399232666289969, -34.567956968899963 ], [ -58.399266406323598, -34.567992539788094 ], [ -58.399266406325125, -34.567992539789678 ], [ -58.399321142837167, -34.568047646584617 ], [ -58.399321142838538, -34.568047646585981 ], [ -58.399411407064427, -34.56813496011214 ], [ -58.399411407065585, -34.568134960113241 ], [ -58.3994114321073, -34.568134983560391 ], [ -58.399419904775669, -34.568144544019198 ], [ -58.399725307670856, -34.568489133309406 ], [ -58.399921477386272, -34.568717006082437 ], [ -58.399921477387366, -34.568717006083688 ], [ -58.400146174886167, -34.568968743250039 ], [ -58.400146174886878, -34.568968743250821 ], [ -58.400190826576605, -34.569017658767244 ], [ -58.399954348570944, -34.56916915443027 ], [ -58.399926445090074, -34.569187029665386 ], [ -58.399926238030197, -34.569187162013499 ], [ -58.399917987835892, -34.569178677174705 ], [ -58.399895289553839, -34.569155333754878 ], [ -58.39956544093161, -34.568812968604966 ], [ -58.399565440930537, -34.568812968603872 ], [ -58.399542114169762, -34.568789519321868 ], [ -58.399531683935251, -34.568779032081117 ], [ -58.399531653447077, -34.568779001416694 ], [ -58.399531653446559, -34.568779001416154 ], [ -58.399512113554678, -34.568759646584837 ], [ -58.39946959839979, -34.568717530427421 ], [ -58.399370602207455, -34.568615357765438 ], [ -58.399370581519982, -34.568615336120573 ], [ -58.399370581519335, -34.568615336119905 ], [ -58.39922114131592, -34.568462033207005 ], [ -58.399220981256477, -34.56846186906327 ], [ -58.399089090364463, -34.568326568580687 ], [ -58.399001506684343, -34.568236722319604 ], [ -58.398924005770965, -34.568157218878177 ], [ -58.398923976374356, -34.568157187313538 ], [ -58.398923976373226, -34.56815718731233 ], [ -58.398888485146479, -34.568120382254364 ], [ -58.3988267152858, -34.568056326691085 ], [ -58.398659836642707, -34.56788326540218 ], [ -58.398659836642523, -34.567883265401996 ], [ -58.398433960560304, -34.567650288939625 ], [ -58.398433960559224, -34.56765028893853 ], [ -58.398433923538931, -34.567650251960607 ], [ -58.398393546622671, -34.567609204748301 ], [ -58.398393207998382, -34.567608860223146 ], [ -58.398392643987194, -34.567608286615567 ], [ -58.398359472947803, -34.567574565515088 ], [ -58.398359472947583, -34.567574565514875 ], [ -58.398290574045959, -34.567504972021169 ], [ -58.398187832386185, -34.567401191845356 ], [ -58.398187832386007, -34.567401191845178 ], [ -58.398100073930088, -34.567312980020418 ], [ -58.398064360421358, -34.567277082336751 ], [ -58.398037557039338, -34.567249834092841 ], [ -58.397993783409341, -34.567205334266617 ], [ -58.397932312145869, -34.567141594802933 ], [ -58.397856865222842, -34.567063360979638 ], [ -58.397607787110758, -34.566802264020438 ], [ -58.397607757719165, -34.566802228851301 ], [ -58.39760775771849, -34.566802228850506 ], [ -58.397596434427314, -34.566788988903355 ], [ -58.397596434425324, -34.566788988901095 ], [ -58.397578554116791, -34.566769397572308 ], [ -58.397578554115078, -34.566769397570482 ], [ -58.397565848006927, -34.566756195637289 ], [ -58.397565848005009, -34.566756195635357 ], [ -58.397557385597345, -34.566747888031948 ], [ -58.397537307527806, -34.566728179229351 ], [ -58.397537048386475, -34.566727923985859 ], [ -58.39753704838607, -34.566727923985468 ], [ -58.397536986322393, -34.566727863556558 ], [ -58.397530126680813, -34.56672112980533 ], [ -58.397530126678028, -34.566721129802701 ], [ -58.397519614485574, -34.566711586136947 ], [ -58.397509062005327, -34.566702007292896 ], [ -58.397509062002968, -34.566702007290829 ], [ -58.397501683329999, -34.566695719464583 ], [ -58.39749871596517, -34.566693187558897 ], [ -58.397498614693831, -34.566693100967342 ], [ -58.397498614693717, -34.566693100967242 ], [ -58.39749303604453, -34.566688345635633 ], [ -58.397492335855276, -34.566687748513417 ], [ -58.397492304276184, -34.566687721453683 ], [ -58.397492304274046, -34.566687721451892 ], [ -58.397485436091827, -34.566682155041647 ], [ -58.397479012205579, -34.566676958455687 ], [ -58.397479012203021, -34.566676958453684 ], [ -58.39745316317299, -34.566657363710746 ], [ -58.39745316316916, -34.566657363707989 ], [ -58.397443714309375, -34.56665084399615 ], [ -58.397425253322325, -34.566638096868417 ], [ -58.397425253315625, -34.566638096864139 ], [ -58.397425219551437, -34.566638077014517 ], [ -58.397425219550179, -34.566638077013785 ], [ -58.397416526786763, -34.566633117177048 ], [ -58.397411755081684, -34.566630392291344 ], [ -58.397411755073286, -34.566630392286996 ], [ -58.397394144821078, -34.566622179792795 ], [ -58.397394144814427, -34.566622179789938 ], [ -58.397383524902018, -34.566617995940646 ], [ -58.397383524897386, -34.566617995938927 ], [ -58.397370811912637, -34.5666135756858 ], [ -58.397370811908019, -34.566613575684293 ], [ -58.397353322513013, -34.566608255929573 ], [ -58.397353284383954, -34.566608244190498 ], [ -58.397353284379001, -34.566608244189077 ], [ -58.39734409163902, -34.5666058224962 ], [ -58.397344091631844, -34.56660582249453 ], [ -58.397334000702784, -34.566603780717891 ], [ -58.397331112445251, -34.566603195032272 ], [ -58.397330935947103, -34.56660315887985 ], [ -58.397330935946812, -34.566603158879794 ], [ -58.397317141816949, -34.56660036601442 ], [ -58.397317141805281, -34.566600366012594 ], [ -58.397305437558039, -34.566599090476203 ], [ -58.397305323152651, -34.566599077794365 ], [ -58.397305323152409, -34.566599077794336 ], [ -58.397294096141472, -34.566597853896255 ], [ -58.397294058007155, -34.56659784936857 ], [ -58.397294057995204, -34.56659784936771 ], [ -58.397277111778308, -34.566597394898643 ], [ -58.397277111770762, -34.566597394898658 ], [ -58.397268393096589, -34.566597660611109 ], [ -58.397257496117334, -34.566597990948694 ], [ -58.397257496112204, -34.566597990948942 ], [ -58.397242294355031, -34.566599047309452 ], [ -58.397242294350583, -34.566599047309843 ], [ -58.397236509897361, -34.56659964813587 ], [ -58.397235475713686, -34.566599755747426 ], [ -58.397230558710838, -34.566600265998481 ], [ -58.397230558704678, -34.566600265999263 ], [ -58.397208653663434, -34.566603599338357 ], [ -58.397208653657074, -34.566603599339494 ], [ -58.397204244133299, -34.566604498379355 ], [ -58.397204134058605, -34.566604520855428 ], [ -58.397198389470418, -34.566605693206107 ], [ -58.397198389464059, -34.56660569320757 ], [ -58.397172999279142, -34.566612247255541 ], [ -58.397154941899018, -34.566616913175856 ], [ -58.397154941894222, -34.566616913177185 ], [ -58.397094409236225, -34.566635147786492 ], [ -58.397094409233397, -34.566635147787366 ], [ -58.397047789662516, -34.566650414306856 ], [ -58.397047789659347, -34.566650414307951 ], [ -58.397023699966006, -34.566659037806168 ], [ -58.397008360644385, -34.566664530887735 ], [ -58.397008360642438, -34.56666453088846 ], [ -58.397008322492454, -34.566664545290564 ], [ -58.39700832248937, -34.566664545291772 ], [ -58.396983342345145, -34.566674768331779 ], [ -58.396983342338146, -34.566674768334913 ], [ -58.396974307634054, -34.566679171405745 ], [ -58.396955258226605, -34.566688456572066 ], [ -58.396955258221396, -34.566688456574781 ], [ -58.396894700295306, -34.566721911668878 ], [ -58.396882230550816, -34.566728167999514 ], [ -58.396882198941299, -34.566728182404034 ], [ -58.396783087433555, -34.566772294768185 ], [ -58.396692132976298, -34.566812493899967 ], [ -58.396692132975538, -34.566812493900308 ], [ -58.396692097003488, -34.566812510106317 ], [ -58.396572610706905, -34.566865973403232 ], [ -58.396572610705086, -34.566865973404056 ], [ -58.396572578003045, -34.566865988710269 ], [ -58.396560707094139, -34.566871427742498 ], [ -58.396541857519608, -34.566880072038487 ], [ -58.396541857514201, -34.566880072041151 ], [ -58.396541824810264, -34.566880089150395 ], [ -58.396541824809525, -34.566880089150779 ], [ -58.396534672405075, -34.566883897374851 ], [ -58.396534672399568, -34.566883897377991 ], [ -58.396534635332593, -34.566883919893392 ], [ -58.396534635332095, -34.566883919893705 ], [ -58.396526005220423, -34.566889224579675 ], [ -58.396526005214795, -34.566889224583385 ], [ -58.396521437993947, -34.566892439278746 ], [ -58.396521437984084, -34.566892439286626 ], [ -58.396521404181186, -34.56689246991526 ], [ -58.396512846710124, -34.566899597324472 ], [ -58.39651284670478, -34.566899597329261 ], [ -58.396507359231066, -34.566904882098974 ], [ -58.39649708003153, -34.566914780455051 ], [ -58.396497080029228, -34.566914780457346 ], [ -58.396468568044618, -34.566944151378252 ], [ -58.39645433930977, -34.566958808005424 ], [ -58.396454339308271, -34.566958808007016 ], [ -58.396454300046031, -34.56695885035262 ], [ -58.39645430004591, -34.566958850352734 ], [ -58.396368930505048, -34.567051239526222 ], [ -58.396322152547704, -34.567101865964595 ], [ -58.396322152545046, -34.567101865967587 ], [ -58.39632212200631, -34.567101902006577 ], [ -58.396301356332714, -34.567124593053528 ], [ -58.396264030426728, -34.567165396395815 ], [ -58.396264030425634, -34.567165396397023 ], [ -58.396251926166144, -34.567179101358136 ], [ -58.396251926165924, -34.56717910135837 ], [ -58.396251848727914, -34.56717918965559 ], [ -58.396243487648356, -34.567188654555302 ], [ -58.396243487647091, -34.567188654556752 ], [ -58.396232244575522, -34.567201926402447 ], [ -58.396219785356259, -34.56721663174941 ], [ -58.396219785354553, -34.567216631751478 ], [ -58.396204383572638, -34.567235932758322 ], [ -58.396204383570804, -34.567235932760681 ], [ -58.396204357390417, -34.56723596790178 ], [ -58.396188609979404, -34.567256866045341 ], [ -58.396187431867169, -34.567258431176697 ], [ -58.396173382894169, -34.567277072177063 ], [ -58.39617338289333, -34.5672770721782 ], [ -58.396132965652242, -34.56733250844907 ], [ -58.396132337303158, -34.56733336986769 ], [ -58.396060771927665, -34.567431527434927 ], [ -58.396060771926038, -34.567431527437229 ], [ -58.396011596324726, -34.567503725386338 ], [ -58.396011596324293, -34.567503725386977 ], [ -58.395966326380808, -34.567571478729789 ], [ -58.395940046343142, -34.567610813327271 ], [ -58.395940046342879, -34.567610813327661 ], [ -58.395940026704899, -34.567610843063363 ], [ -58.395873292645661, -34.567708863459615 ], [ -58.395857313551737, -34.567731727442975 ], [ -58.39585704517895, -34.567732111302647 ], [ -58.395852566843601, -34.567738517973638 ], [ -58.395843029485121, -34.567751184964344 ], [ -58.395835551721213, -34.567761109077793 ], [ -58.395807344572255, -34.567748478054014 ], [ -58.395807051553057, -34.567748346283715 ], [ -58.395807051552829, -34.567748346283608 ], [ -58.395806405601952, -34.567748057469814 ], [ -58.395786334296481, -34.567739069959956 ], [ -58.395786334276778, -34.567739069953099 ], [ -58.395786334255824, -34.567739069949553 ], [ -58.395786334234437, -34.567739069949475 ], [ -58.395786334213433, -34.567739069952857 ], [ -58.395786334193652, -34.567739069959558 ], [ -58.395786334175817, -34.567739069969328 ], [ -58.39578633416064, -34.567739069981783 ], [ -58.395786334148688, -34.567739069996463 ], [ -58.395751582317182, -34.567792409846106 ], [ -58.395751582308954, -34.567792409862378 ], [ -58.395751582304705, -34.567792409879679 ], [ -58.395751582304626, -34.567792409897322 ], [ -58.395751582308698, -34.567792409914652 ], [ -58.395751582316763, -34.567792409930981 ], [ -58.395751582328529, -34.56779240994571 ], [ -58.395751582343543, -34.567792409958244 ], [ -58.395751582361214, -34.567792409968142 ], [ -58.395753643303181, -34.567793333268412 ], [ -58.395796928547099, -34.567812718062335 ], [ -58.395799292219301, -34.567813776701016 ], [ -58.395799268266309, -34.567813814467655 ], [ -58.395798949701195, -34.567814281229516 ], [ -58.39575616481639, -34.567876866180612 ], [ -58.395756164814912, -34.567876866182864 ], [ -58.395756144085517, -34.56787689862135 ], [ -58.395736337741091, -34.567905398895768 ], [ -58.395713068674077, -34.567938885748369 ], [ -58.395689497392148, -34.567972807818123 ], [ -58.395600511766247, -34.568099782189769 ], [ -58.395600511765814, -34.568099782190394 ], [ -58.395523064337546, -34.568212341872034 ], [ -58.395522646492417, -34.568212949201843 ], [ -58.39552231047076, -34.56821343758871 ], [ -58.395410648513661, -34.568375724344889 ], [ -58.395410648513142, -34.56837572434565 ], [ -58.395410626692879, -34.568375756784882 ], [ -58.395410626692559, -34.568375756785358 ], [ -58.395253935487901, -34.568612047129726 ], [ -58.395253935483254, -34.568612047137613 ], [ -58.395247703492402, -34.568624094840416 ], [ -58.395247703489183, -34.568624094847465 ], [ -58.395239456266978, -34.568644630163853 ], [ -58.395239446439902, -34.568644654496786 ], [ -58.395239446438197, -34.568644654501448 ], [ -58.395234416054684, -34.568659776739153 ], [ -58.395234402946777, -34.568659815493 ], [ -58.395234402945988, -34.568659815495508 ], [ -58.395232282101404, -34.568666858964455 ], [ -58.39522634676166, -34.568686610426155 ], [ -58.395226346760644, -34.568686610429879 ], [ -58.395220214374412, -34.568711474674792 ], [ -58.395220214373786, -34.568711474677514 ], [ -58.395217545057555, -34.568724295986968 ], [ -58.395216277110798, -34.568730412362257 ], [ -58.395216267268381, -34.568730455624546 ], [ -58.395216267267664, -34.568730455628078 ], [ -58.395214095366683, -34.568742647117361 ], [ -58.395210278084555, -34.568764115174744 ], [ -58.395210278084114, -34.568764115177579 ], [ -58.395209526138579, -34.568769526925415 ], [ -58.395208838866616, -34.568774470868732 ], [ -58.395208838866147, -34.568774470872967 ], [ -58.395207318775313, -34.568793135872326 ], [ -58.395207318775071, -34.568793135877776 ], [ -58.395207246230235, -34.568801922946932 ], [ -58.395207246230399, -34.568801922952559 ], [ -58.395209047471823, -34.568828700843888 ], [ -58.395209047471909, -34.568828700845152 ], [ -58.39521341856247, -34.568880472230205 ], [ -58.395217212104448, -34.568936269065077 ], [ -58.395217212104853, -34.568936269069233 ], [ -58.395217215352623, -34.568936295212438 ], [ -58.395217215352787, -34.568936295213696 ], [ -58.395218538253452, -34.568945650954831 ], [ -58.395218556031466, -34.568949241341528 ], [ -58.395218554915587, -34.568949273784384 ], [ -58.395218159990215, -34.568951168357138 ], [ -58.395217795708142, -34.568952901590684 ], [ -58.395217267259987, -34.568954171399632 ], [ -58.395216753004291, -34.568955407865751 ], [ -58.395214879337303, -34.568958662765532 ], [ -58.395214845523491, -34.568958707813117 ], [ -58.395212081326612, -34.568962257889233 ], [ -58.395209937126324, -34.568964527382221 ], [ -58.39520989677947, -34.568964565216881 ], [ -58.395207045125936, -34.568967119170679 ], [ -58.39520576597053, -34.568968265072172 ], [ -58.395205765969536, -34.568968265073067 ], [ -58.395205727804715, -34.568968300204304 ], [ -58.39520302475232, -34.568970364764034 ], [ -58.395200583388544, -34.568972228454335 ], [ -58.395194007291558, -34.568977256550511 ], [ -58.395194007286747, -34.568977256554433 ], [ -58.395193984386822, -34.568977276373069 ], [ -58.395193984386644, -34.568977276373218 ], [ -58.395191061910985, -34.568979817667937 ], [ -58.395190976853982, -34.568979891537445 ], [ -58.395184697897697, -34.568985345272381 ], [ -58.395184697890855, -34.568985345278918 ], [ -58.395094924939187, -34.569080045034049 ], [ -58.395094924936721, -34.56908004503677 ], [ -58.395094902033101, -34.569080071163619 ], [ -58.395051535507591, -34.569124892009441 ], [ -58.395022790962223, -34.569154605894049 ], [ -58.394968844025243, -34.569207884289227 ], [ -58.39495106091077, -34.569225447650084 ], [ -58.394951060910643, -34.569225447650219 ], [ -58.394951039098828, -34.56922546927224 ], [ -58.394951039096028, -34.569225469275125 ], [ -58.394930176782594, -34.569247968925083 ], [ -58.394930176782466, -34.569247968925211 ], [ -58.394930145155243, -34.569248003159267 ], [ -58.394919878769613, -34.569257663391859 ], [ -58.394917493789542, -34.569258549051376 ], [ -58.394917452380554, -34.569258563446986 ], [ -58.39491590371572, -34.569258811371427 ], [ -58.394915903715493, -34.569258811371455 ], [ -58.3949157817122, -34.569258831124749 ], [ -58.394903342149462, -34.569247591512749 ], [ -58.394891073512973, -34.569236498891186 ], [ -58.394877745754634, -34.56922399133596 ], [ -58.394865138836693, -34.56921215304147 ], [ -58.39486432218537, -34.56921138637081 ], [ -58.394864322175678, -34.569211386362795 ], [ -58.394859926748921, -34.569208181128992 ], [ -58.394855616278107, -34.569205026422509 ], [ -58.39485561626735, -34.569205026415595 ], [ -58.394844099049749, -34.569198520669723 ], [ -58.394844099041734, -34.569198520665616 ], [ -58.394830505789827, -34.56919219403963 ], [ -58.394830505786992, -34.569192194038358 ], [ -58.394801099640922, -34.569179441280795 ], [ -58.394774415709655, -34.569167868209192 ], [ -58.394774415701185, -34.569167868205888 ], [ -58.394771196537505, -34.569166752235112 ], [ -58.394770399099855, -34.569166475950823 ], [ -58.394769151742125, -34.569166043467121 ], [ -58.394766953341254, -34.569165282330047 ], [ -58.39475978402433, -34.569162803888055 ], [ -58.394759784017154, -34.56916280388581 ], [ -58.394755394600473, -34.569161578184918 ], [ -58.394755394592863, -34.569161578183042 ], [ -58.394746413726544, -34.56915966031201 ], [ -58.394746413716447, -34.569159660310262 ], [ -58.394740790355698, -34.56915891978494 ], [ -58.394740607305451, -34.569158895343641 ], [ -58.394740607305181, -34.569158895343605 ], [ -58.394740090840671, -34.569158827446536 ], [ -58.394736486487524, -34.569158350370188 ], [ -58.394736486478124, -34.569158350369285 ], [ -58.394725657516069, -34.569157706977691 ], [ -58.394725657509021, -34.569157706977457 ], [ -58.39472256167133, -34.56915768901262 ], [ -58.394721064423216, -34.569157680960075 ], [ -58.39471789776384, -34.569157652138188 ], [ -58.394717897758767, -34.569157652138244 ], [ -58.394715889383491, -34.569157711405474 ], [ -58.394710448358538, -34.56915786609806 ], [ -58.394710448353536, -34.569157866098301 ], [ -58.394705266522045, -34.569158211137392 ], [ -58.394703350716931, -34.569158337162008 ], [ -58.394698720308455, -34.569158642847896 ], [ -58.394698720301463, -34.569158642848542 ], [ -58.394691657224939, -34.569159491628852 ], [ -58.394686283354865, -34.569160141241468 ], [ -58.394686283344569, -34.569160141243124 ], [ -58.394678899356244, -34.569161645179669 ], [ -58.394675476019742, -34.569162341860995 ], [ -58.394675476019628, -34.569162341861009 ], [ -58.394669404251701, -34.569163583318009 ], [ -58.394669404239551, -34.569163583321128 ], [ -58.394655809966878, -34.569167804270791 ], [ -58.394655809958252, -34.569167804273825 ], [ -58.39465283300764, -34.569168978961848 ], [ -58.394652114659763, -34.569169261605779 ], [ -58.394649499614104, -34.569170286860341 ], [ -58.394649499605812, -34.569170286863965 ], [ -58.394643960613564, -34.569172962789438 ], [ -58.394635416112273, -34.569177087419867 ], [ -58.394635416105722, -34.569177087423292 ], [ -58.394635374677662, -34.569177110837103 ], [ -58.394635374675666, -34.569177110838261 ], [ -58.394629412170758, -34.569180645584652 ], [ -58.394629412170652, -34.569180645584701 ], [ -58.394628293586429, -34.569181310208464 ], [ -58.394622584017881, -34.569184692755577 ], [ -58.39462258400976, -34.569184692760885 ], [ -58.394614330049158, -34.569190639337016 ], [ -58.394614330045876, -34.569190639339467 ], [ -58.394608859475767, -34.569194916235929 ], [ -58.394602399907129, -34.56919996509837 ], [ -58.394602399903832, -34.56919996510107 ], [ -58.394602363918366, -34.569199995729363 ], [ -58.394602363917954, -34.569199995729711 ], [ -58.394595845044037, -34.569205604344496 ], [ -58.39459103058585, -34.56920974639538 ], [ -58.394591030582347, -34.569209746398542 ], [ -58.394587611692572, -34.569212982399407 ], [ -58.394580228641999, -34.569219961597128 ], [ -58.394580228638027, -34.5692199616011 ], [ -58.394566486330064, -34.569234560584547 ], [ -58.394566453610942, -34.56923459482006 ], [ -58.394566453598514, -34.569234594836402 ], [ -58.394566238626851, -34.569234958891805 ], [ -58.394152094802472, -34.569937777504393 ], [ -58.394130785986995, -34.569973937884157 ], [ -58.39400300799791, -34.570190778429549 ], [ -58.393883504370251, -34.570393579311137 ], [ -58.393883504369427, -34.570393579312551 ], [ -58.392988738809649, -34.57198170978964 ], [ -58.392953498734691, -34.572002436702846 ], [ -58.392925837174452, -34.572018706829653 ], [ -58.391536993006397, -34.572835563142334 ], [ -58.390441060998668, -34.573480119660388 ], [ -58.389504190006733, -34.574031111565773 ], [ -58.388578258795626, -34.574534718559327 ], [ -58.387944837288892, -34.574877356457861 ], [ -58.387584892371393, -34.574371427370536 ], [ -58.387584892366796, -34.574371427364603 ], [ -58.387355859746961, -34.574100352979741 ], [ -58.386648203963929, -34.573230797007881 ], [ -58.387014422745708, -34.573021809166065 ], [ -58.387112606342953, -34.572965778338464 ], [ -58.391265536239608, -34.570610990282908 ], [ -58.391265536255176, -34.570610990272193 ], [ -58.391265536268094, -34.570610990259262 ], [ -58.391265536277878, -34.570610990244582 ], [ -58.391265536284223, -34.570610990228666 ], [ -58.39126553628688, -34.570610990212053 ], [ -58.391265536285786, -34.570610990195313 ], [ -58.391242580391776, -34.570483139038558 ], [ -58.391255459824528, -34.57040732765816 ], [ -58.391255459825352, -34.570407327639707 ], [ -58.391255459821615, -34.570407327621488 ], [ -58.391255459813472, -34.5704073276043 ], [ -58.39117376540073, -34.570276282235639 ], [ -58.391100354691822, -34.570158525133159 ], [ -58.391061270592182, -34.570095831220506 ], [ -58.391049887942273, -34.570077571494622 ], [ -58.391049574538165, -34.570077069214406 ], [ -58.391049574525503, -34.570077069198511 ], [ -58.391049574509097, -34.570077069185167 ], [ -58.390965395975783, -34.570021777201688 ], [ -58.390886845285543, -34.56996220672162 ], [ -58.39088616466347, -34.569961690703941 ], [ -58.3908799220563, -34.569956235174089 ], [ -58.390812278055755, -34.569897111913441 ], [ -58.390744108552823, -34.569828364673242 ], [ -58.390681999109297, -34.569755795344641 ], [ -58.390626261058429, -34.569679768298478 ], [ -58.390577175202964, -34.56960066501415 ], [ -58.39053498636693, -34.569518884076096 ], [ -58.390510119892291, -34.569459302971914 ], [ -58.390499908847886, -34.569434835765286 ], [ -58.390499908834904, -34.569434835743913 ], [ -58.390496062959265, -34.569430171270859 ], [ -58.390495088700547, -34.56942898891932 ], [ -58.39049508868677, -34.569428988905706 ], [ -58.39049508867005, -34.569428988894593 ], [ -58.390495088651022, -34.569428988886408 ], [ -58.390466956146739, -34.569419665775492 ], [ -58.390419519515881, -34.569400296453423 ], [ -58.390374617589174, -34.56937715795965 ], [ -58.390346837313452, -34.569360097186376 ], [ -58.390320444415153, -34.569341592246957 ], [ -58.390320444396465, -34.569341592236398 ], [ -58.390320444375533, -34.569341592229257 ], [ -58.390320444353272, -34.569341592225854 ], [ -58.390320444330648, -34.569341592226323 ], [ -58.390320444308628, -34.569341592230657 ], [ -58.390320444288157, -34.569341592238651 ], [ -58.390307722910308, -34.569347978452882 ], [ -58.390232179569111, -34.569385900437979 ], [ -58.384285969783122, -34.568899371462479 ], [ -58.384212221854654, -34.568882317389466 ], [ -58.384140778669305, -34.568859514564551 ], [ -58.384072296045964, -34.568831171647837 ], [ -58.384007397057033, -34.568797548659873 ], [ -58.383946677484595, -34.568758952478738 ], [ -58.383891818662612, -34.568716606536071 ], [ -58.383890690565522, -34.568715735928237 ], [ -58.383839949171254, -34.568668293268949 ], [ -58.383839949169001, -34.56866829326691 ], [ -58.383807424897952, -34.568639704073831 ], [ -58.383746113427073, -34.568577495430965 ], [ -58.383691228042522, -34.568512940925416 ], [ -58.383690295217669, -34.56851184418197 ], [ -58.383690295199933, -34.568511844165734 ], [ -58.383690295177985, -34.56851184415352 ], [ -58.383659047596886, -34.568498683671599 ], [ -58.383659047589724, -34.568498683668849 ], [ -58.38355568501084, -34.56846268801894 ], [ -58.383555685003458, -34.568462688016623 ], [ -58.383449444067985, -34.568432977848801 ], [ -58.38344944406041, -34.568432977846918 ], [ -58.38334088034415, -34.568409707661644 ], [ -58.383340880336448, -34.56840970766023 ], [ -58.383230565788331, -34.568393000420627 ], [ -58.383230565780508, -34.568393000419697 ], [ -58.383119078919329, -34.568382943939405 ], [ -58.383119078902666, -34.568382943938964 ], [ -58.382357897542406, -34.568411061899681 ], [ -58.382316218678532, -34.568410152661365 ], [ -58.382275114447751, -34.568404371578701 ], [ -58.382275114425681, -34.568404371577472 ], [ -58.381468274663106, -34.568427712171044 ], [ -58.38146827464147, -34.568427712173481 ], [ -58.381159868708458, -34.568488967931209 ], [ -58.381159868700244, -34.568488967933121 ], [ -58.381121442387752, -34.568499293155277 ], [ -58.381121442371978, -34.568499293160684 ], [ -58.381085435862751, -34.568514457056907 ], [ -58.381085435848185, -34.568514457064282 ], [ -58.381052735427694, -34.56853408704329 ], [ -58.381052735414706, -34.568534087052448 ], [ -58.381024142482005, -34.568557701393459 ], [ -58.381024142470906, -34.568557701404188 ], [ -58.381000359362034, -34.568584720064749 ], [ -58.381000359353095, -34.568584720076792 ], [ -58.380981969710795, -34.568614480904493 ], [ -58.380981969704244, -34.568614480917539 ], [ -58.380969425389608, -34.568646251359517 ], [ -58.380969425387214, -34.568646251366538 ], [ -58.380834899660535, -34.569111241804222 ], [ -58.380748120492285, -34.569397387042073 ], [ -58.380748120489095, -34.569397387067532 ], [ -58.380760830506993, -34.569665710719086 ], [ -58.380734768063149, -34.569780175173008 ], [ -58.380734768061501, -34.569780175183851 ], [ -58.38071286790921, -34.570059208705914 ], [ -58.380712867908997, -34.570059208710362 ], [ -58.380711778947251, -34.570117961966041 ], [ -58.380359710135181, -34.570103390580677 ], [ -58.380357942792394, -34.570103317270018 ], [ -58.380399742490539, -34.568658017980852 ], [ -58.380408609093948, -34.568609827616491 ], [ -58.380408609095134, -34.568609827605854 ], [ -58.380410043797092, -34.568573244955033 ], [ -58.380410328138055, -34.568565994702233 ], [ -58.380410328137216, -34.568565994687773 ], [ -58.380394733692121, -34.568466077797048 ], [ -58.380394733687389, -34.568466077780009 ], [ -58.380394733678791, -34.56846607776405 ], [ -58.380366798513307, -34.568425418937053 ], [ -58.380366798509606, -34.568425418932051 ], [ -58.380287747037499, -34.568326023339893 ], [ -58.380287747019523, -34.568326023322555 ], [ -58.380225019394352, -34.568279131931071 ], [ -58.38022501937246, -34.568279131918366 ], [ -58.380102936056659, -34.56822542674665 ], [ -58.38010293604129, -34.568225426741101 ], [ -58.380102936025068, -34.56822542673757 ], [ -58.37996035095351, -34.56820388066555 ], [ -58.379960350940863, -34.568203880664264 ], [ -58.379851866520141, -34.568198162128951 ], [ -58.379479347490303, -34.568166298133342 ], [ -58.379479347488747, -34.568166298133228 ], [ -58.378535076651673, -34.568096784126261 ], [ -58.377626678536991, -34.568015508535979 ], [ -58.376740725203376, -34.567934094444247 ], [ -58.376740725203177, -34.567934094444226 ], [ -58.375984779721129, -34.567865822988153 ], [ -58.375984779719488, -34.567865822988004 ], [ -58.375047259514744, -34.567792976540225 ], [ -58.375047259514169, -34.567792976540183 ], [ -58.374486514958761, -34.56775185364387 ], [ -58.374075222194087, -34.567716495904861 ], [ -58.374075222193362, -34.567716495904804 ], [ -58.373284089030449, -34.567652906204039 ], [ -58.372576187828578, -34.567585631663164 ], [ -58.372576187826489, -34.567585631662979 ], [ -58.371334468243234, -34.567487618415143 ], [ -58.371334468243056, -34.567487618415122 ], [ -58.370483079993825, -34.567421577286581 ], [ -58.370483079991864, -34.567421577286446 ], [ -58.370135044148739, -34.567399784787767 ], [ -58.369731148242458, -34.567365609325847 ], [ -58.369219868419123, -34.567319914981802 ], [ -58.368792369902224, -34.567281348667414 ], [ -58.368385750979805, -34.56724265110666 ], [ -58.368385750979236, -34.567242651106611 ], [ -58.36832799759334, -34.567237412618915 ], [ -58.368260217059436, -34.567231264588848 ], [ -58.368260217038987, -34.567231264588585 ], [ -58.368168674853237, -34.567237237417707 ], [ -58.368168674837321, -34.567237237419739 ], [ -58.368168674821938, -34.567237237423676 ], [ -58.368093696369343, -34.567261614728338 ], [ -58.368093696349149, -34.567261614737006 ], [ -58.368093696331584, -34.567261614748958 ], [ -58.368093696317395, -34.567261614763673 ], [ -58.368093696307206, -34.567261614780499 ], [ -58.36808548788629, -34.567279670536003 ], [ -58.368085487881729, -34.567279670548892 ], [ -58.368085487879526, -34.567279670562201 ], [ -58.368082716139433, -34.567316921600167 ], [ -58.368082716140108, -34.567316921617149 ], [ -58.368082716144627, -34.567316921633733 ], [ -58.368082716152834, -34.567316921649301 ], [ -58.368082716164409, -34.567316921663341 ], [ -58.368082716178975, -34.567316921675328 ], [ -58.368082716196, -34.567316921684828 ], [ -58.368082716214879, -34.567316921691535 ], [ -58.368123313517955, -34.56732770694024 ], [ -58.368123313539023, -34.567327706943985 ], [ -58.368123313560574, -34.567327706944234 ], [ -58.368123313581755, -34.567327706940958 ], [ -58.368123313601743, -34.567327706934307 ], [ -58.368172897226898, -34.567306270792514 ], [ -58.368253135870404, -34.56730633329294 ], [ -58.369104995973032, -34.567383131511406 ], [ -58.369104995973665, -34.567383131511455 ], [ -58.369775162174292, -34.567440262173193 ], [ -58.36977516217452, -34.5674402621732 ], [ -58.370317904140478, -34.56748557863699 ], [ -58.370945588267737, -34.567546575017118 ], [ -58.370945588271937, -34.56754657501746 ], [ -58.371615772060714, -34.567590029806006 ], [ -58.372512441594083, -34.567700026222155 ], [ -58.372512441597848, -34.567700026222568 ], [ -58.373187326344222, -34.567762998425899 ], [ -58.373187326345203, -34.567762998425977 ], [ -58.374565426945743, -34.567881143218671 ], [ -58.374565426947946, -34.567881143218834 ], [ -58.37531112645248, -34.567932441608399 ], [ -58.37610399389262, -34.5680150052168 ], [ -58.37610399389542, -34.568015005217049 ], [ -58.376915758938715, -34.568081959014073 ], [ -58.377755841122337, -34.568152831769318 ], [ -58.377755841123538, -34.56815283176941 ], [ -58.378647848430127, -34.568219830253582 ], [ -58.379204762258787, -34.568263164780326 ], [ -58.379785272654381, -34.568310417420136 ], [ -58.379955141263821, -34.568361292121551 ], [ -58.380025870931789, -34.568431621534849 ], [ -58.380025870938439, -34.568431621540881 ], [ -58.380043851041776, -34.568446519735858 ], [ -58.380052687147916, -34.568460435560134 ], [ -58.380058870459337, -34.568472153300554 ], [ -58.380058870459337, -34.568472153300554 ], [ -58.38005887047543, -34.568472153322148 ], [ -58.380067711702409, -34.568480944495775 ], [ -58.380067711722774, -34.568480944511435 ], [ -58.38008009439028, -34.568488273900329 ], [ -58.38008628280442, -34.568494866967448 ], [ -58.380086282818652, -34.568494866979947 ], [ -58.380093357700311, -34.5684999964705 ], [ -58.380093357716888, -34.568499996480405 ], [ -58.380093357735412, -34.568499996487574 ], [ -58.380105744053218, -34.568503665402922 ], [ -58.380122549523904, -34.568513194083174 ], [ -58.380133160021373, -34.568522718545061 ], [ -58.380149075415616, -34.568537371290567 ], [ -58.380162334357934, -34.568553486409641 ], [ -58.380196253011746, -34.5686131616607 ], [ -58.380225260541138, -34.568696664336741 ], [ -58.380247459365648, -34.568781583025157 ], [ -58.380262750676906, -34.56886753996055 ], [ -58.380271066186488, -34.568954149288444 ], [ -58.380272368116728, -34.569041025173796 ], [ -58.380266650294431, -34.569127778199345 ], [ -58.380266650294352, -34.569127778200887 ], [ -58.380234220573925, -34.569845649609356 ], [ -58.380064040727873, -34.56991708530429 ], [ -58.380064040720306, -34.569917085307793 ], [ -58.380048944911444, -34.569924726322753 ], [ -58.380048944897432, -34.56992472633118 ], [ -58.380035503575535, -34.569934250651585 ], [ -58.380035503563313, -34.569934250661753 ], [ -58.380024056959819, -34.569945416938005 ], [ -58.380024056949701, -34.569945416949629 ], [ -58.380014895211097, -34.569957942332202 ], [ -58.380014895203324, -34.56995794234502 ], [ -58.380008248574597, -34.569971511492263 ], [ -58.380008248569396, -34.569971511505926 ], [ -58.380004285212003, -34.569985779286547 ], [ -58.38000428520948, -34.569985779300737 ], [ -58.380003106825932, -34.570000387016606 ], [ -58.380003106826152, -34.57000038703093 ], [ -58.380004741029332, -34.570014965116023 ], [ -58.380004741032295, -34.570014965130149 ], [ -58.380009147870012, -34.570029143963417 ], [ -58.380030229224609, -34.570372673880897 ], [ -58.379839716464375, -34.570357654920073 ], [ -58.379531964441298, -34.570333390450521 ], [ -58.379531964440829, -34.570333390450493 ], [ -58.379530223199005, -34.57033325945013 ], [ -58.379528708601754, -34.570333145732427 ], [ -58.37952545276454, -34.570332899211436 ], [ -58.379525452764391, -34.570332899211429 ], [ -58.379523561151245, -34.570332758192095 ], [ -58.379522196923531, -34.570332656296031 ], [ -58.37951893999297, -34.570332413379802 ], [ -58.379518939992835, -34.570332413379795 ], [ -58.379515683058834, -34.570332174069186 ], [ -58.379513393730775, -34.570332000325401 ], [ -58.37951339373064, -34.570332000325379 ], [ -58.379512433759075, -34.570331928453768 ], [ -58.379509176830631, -34.570331683734452 ], [ -58.379509141962529, -34.570331681006245 ], [ -58.379509141962046, -34.570331681006209 ], [ -58.379505920989601, -34.570331440818563 ], [ -58.379504044632675, -34.570331299809446 ], [ -58.379504044632093, -34.570331299809403 ], [ -58.37950266623389, -34.57033120241055 ], [ -58.379499909451617, -34.570330993189955 ], [ -58.379499909451482, -34.570330993189941 ], [ -58.379499411486705, -34.570330955889617 ], [ -58.379496152376802, -34.570330712971277 ], [ -58.379493997070711, -34.570330552840495 ], [ -58.37949289544747, -34.570330469152957 ], [ -58.379489640698232, -34.570330224434578 ], [ -58.379486385949114, -34.570329979716121 ], [ -58.379484576058672, -34.57032984506229 ], [ -58.379483129019697, -34.570329735897523 ], [ -58.379479872090428, -34.570329492078841 ], [ -58.379479837222341, -34.570329489350627 ], [ -58.379479837221858, -34.570329489350584 ], [ -58.379479410083441, -34.570329457507356 ], [ -58.379476616247821, -34.570329250965088 ], [ -58.379475096203045, -34.570329136341513 ], [ -58.379473360409079, -34.57032900624553 ], [ -58.379470106748869, -34.570328762428822 ], [ -58.379466848730743, -34.570328517707615 ], [ -58.379465825561013, -34.570328440383662 ], [ -58.379463589622816, -34.570328272985577 ], [ -58.379463589622674, -34.570328272985556 ], [ -58.379460335959024, -34.570328032774285 ], [ -58.379457081212024, -34.570327786252186 ], [ -58.379457081211825, -34.570327786252172 ], [ -58.379455903311857, -34.570327698906219 ], [ -58.379453824281747, -34.570327543334216 ], [ -58.379453824281605, -34.570327543334209 ], [ -58.379450567349359, -34.5703273031205 ], [ -58.379450534661082, -34.570327300393828 ], [ -58.37945053466013, -34.570327300393757 ], [ -58.379449589944784, -34.570327228532108 ], [ -58.37944958994467, -34.570327228532093 ], [ -58.379449480980846, -34.57032722034441 ], [ -58.37944731695886, -34.570327058403969 ], [ -58.379447316958746, -34.570327058403961 ], [ -58.379446135789614, -34.570326971055628 ], [ -58.379444061115677, -34.570326818190757 ], [ -58.379440806365999, -34.570326574372551 ], [ -58.379437548348044, -34.57032632965052 ], [ -58.379436399869618, -34.570326243225999 ], [ -58.379434292508535, -34.570326085831375 ], [ -58.379431035580389, -34.570325841109948 ], [ -58.37942945669441, -34.570325722839691 ], [ -58.379429456694218, -34.570325722839677 ], [ -58.379427781917528, -34.57032559999638 ], [ -58.37942672605719, -34.570325521748231 ], [ -58.379424524987655, -34.57032535707765 ], [ -58.379421266967157, -34.570325115059525 ], [ -58.379421231009175, -34.570325112330544 ], [ -58.37942123100887, -34.570325112330515 ], [ -58.379419994267955, -34.570325021338064 ], [ -58.37941801004196, -34.570324867633488 ], [ -58.37941801004159, -34.570324867633467 ], [ -58.379414756380783, -34.570324624716704 ], [ -58.379411503807027, -34.570324384504879 ], [ -58.379408242522935, -34.570324137075595 ], [ -58.379408242522672, -34.570324137075566 ], [ -58.379404987769618, -34.570323896862092 ], [ -58.379402562234255, -34.570323715811156 ], [ -58.379401730840762, -34.570323653041328 ], [ -58.379399910055213, -34.570323516575897 ], [ -58.37939847718286, -34.570323407419863 ], [ -58.379398477182647, -34.570323407419842 ], [ -58.379395251854568, -34.570323167226512 ], [ -58.379395220258914, -34.570323163599376 ], [ -58.379395220253777, -34.570323163598886 ], [ -58.379393205512784, -34.570323012577212 ], [ -58.379391963325872, -34.57032291887645 ], [ -58.379388705308095, -34.570322674153104 ], [ -58.379385457096987, -34.570322430337896 ], [ -58.379383737648261, -34.570322301153304 ], [ -58.379382201257798, -34.570322186517394 ], [ -58.379379697270046, -34.570321998200654 ], [ -58.37937948152188, -34.570321981826645 ], [ -58.379378981378778, -34.570321943622893 ], [ -58.379378945420697, -34.570321940893869 ], [ -58.379378945420299, -34.570321940893841 ], [ -58.379375688485275, -34.570321703382369 ], [ -58.379373912375833, -34.570321569651554 ], [ -58.379372432647244, -34.570321458660175 ], [ -58.379369176809114, -34.570321213937838 ], [ -58.379365919879419, -34.570320971017502 ], [ -58.379364334456291, -34.570320851840499 ], [ -58.379362664041352, -34.570320726295044 ], [ -58.379359406022949, -34.570320482472383 ], [ -58.379358900431178, -34.570320444264766 ], [ -58.379356151277413, -34.570320235046189 ], [ -58.37935615127698, -34.570320235046154 ], [ -58.379354776150791, -34.570320134943572 ], [ -58.379352896525326, -34.5703199939299 ], [ -58.379349678823829, -34.570319752838948 ], [ -58.379349678823132, -34.570319752838905 ], [ -58.379349639596334, -34.570319750107672 ], [ -58.379346383758723, -34.570319505384759 ], [ -58.379345386741797, -34.570319428979268 ], [ -58.379343127928252, -34.570319253450364 ], [ -58.37934312792774, -34.570319253450329 ], [ -58.379339873175105, -34.570319013235114 ], [ -58.379338055660924, -34.570318874968194 ], [ -58.379338055660774, -34.57031887496818 ], [ -58.379336621696922, -34.570318767613507 ], [ -58.379333364766474, -34.570318525593748 ], [ -58.379331148442283, -34.570318360009587 ], [ -58.379330108929814, -34.57031827996898 ], [ -58.379330108929572, -34.570318279968951 ], [ -58.379326852001952, -34.570318035244753 ], [ -58.379323596163132, -34.57031779142266 ], [ -58.379321606484105, -34.570317642219884 ], [ -58.379320340324469, -34.57031754760046 ], [ -58.379317084491284, -34.570317298369616 ], [ -58.379317084490914, -34.570317298369581 ], [ -58.379317047443323, -34.570317295639832 ], [ -58.379316561464726, -34.570317259248419 ], [ -58.379313828652407, -34.570317054547253 ], [ -58.379312515640322, -34.570316954486941 ], [ -58.379310571728638, -34.570316806216915 ], [ -58.379307321344051, -34.570316556989567 ], [ -58.379305596448674, -34.57031642599727 ], [ -58.379304101468911, -34.570316310487406 ], [ -58.379304101468733, -34.570316310487399 ], [ -58.379304065510716, -34.570316307758354 ], [ -58.379300808583359, -34.570316063033474 ], [ -58.37929919810432, -34.570315936626983 ], [ -58.379297552755737, -34.570315808393573 ], [ -58.379297552755574, -34.570315808393566 ], [ -58.379294298012127, -34.570315559162879 ], [ -58.379291048719203, -34.570315308132955 ], [ -58.379287790708425, -34.570315057097019 ], [ -58.379286206376925, -34.570314936116866 ], [ -58.379284533784563, -34.570314808765978 ], [ -58.379281276860986, -34.570314560434845 ], [ -58.379278023212947, -34.570314305795911 ], [ -58.379278023212642, -34.57031430579589 ], [ -58.379274766288049, -34.570314058366037 ], [ -58.37927315144735, -34.570313934660462 ], [ -58.379271514813993, -34.570313809136998 ], [ -58.379268256800572, -34.570313560804749 ], [ -58.379266901293086, -34.570313457109016 ], [ -58.379265002058318, -34.570313310671878 ], [ -58.379265002058141, -34.570313310671864 ], [ -58.379261747312249, -34.570313064144543 ], [ -58.379259731485647, -34.570312909514236 ], [ -58.379258491479398, -34.570312814912192 ], [ -58.379255232380991, -34.570312562071742 ], [ -58.379255232380807, -34.570312562071742 ], [ -58.379254647245943, -34.570312517498948 ], [ -58.379254647245787, -34.570312517498934 ], [ -58.379251976543209, -34.570312317346264 ], [ -58.379250837871744, -34.570312231828147 ], [ -58.37924872288621, -34.570312071720799 ], [ -58.379245474676857, -34.570311827000417 ], [ -58.379242211220777, -34.570311575058241 ], [ -58.379242168728148, -34.570311570522023 ], [ -58.379242168724204, -34.57031157052166 ], [ -58.379238959744761, -34.570311325828165 ], [ -58.379237646732747, -34.570311225767036 ], [ -58.379235702821326, -34.570311077495816 ], [ -58.379232449166139, -34.570310830067072 ], [ -58.379229191153996, -34.570310580832377 ], [ -58.379225935321209, -34.570310331599117 ], [ -58.379224289970225, -34.57031020606901 ], [ -58.379222679486624, -34.570310084168604 ], [ -58.379219423653943, -34.570309834935173 ], [ -58.379219423653737, -34.570309834935159 ], [ -58.379216172174623, -34.570309591113187 ], [ -58.379215052029515, -34.570309504706081 ], [ -58.379215052028485, -34.570309504706017 ], [ -58.379214867879107, -34.570309491959215 ], [ -58.379212953389782, -34.570309344609377 ], [ -58.379212953389356, -34.570309344609349 ], [ -58.379212916341729, -34.570309341879543 ], [ -58.37920966050369, -34.570309098054409 ], [ -58.37920966050342, -34.570309098054381 ], [ -58.379208273391455, -34.570308997040478 ], [ -58.379208273390347, -34.570308997040392 ], [ -58.379208230894697, -34.570308994306885 ], [ -58.379206403572212, -34.570308857834121 ], [ -58.379206403571843, -34.570308857834092 ], [ -58.3792051363192, -34.570308766818435 ], [ -58.379203147727679, -34.570308620318755 ], [ -58.37920034735334, -34.570308415568512 ], [ -58.379199895153434, -34.570308381904155 ], [ -58.379196634953729, -34.570308140779943 ], [ -58.379196634953416, -34.570308140779915 ], [ -58.379194484000919, -34.570307986956813 ], [ -58.379193378013881, -34.570307908672127 ], [ -58.379192157615584, -34.570307821294328 ], [ -58.379190119991357, -34.570307670253548 ], [ -58.379190119990504, -34.570307670253491 ], [ -58.379188395081393, -34.570307553682333 ], [ -58.3791868619574, -34.570307442651924 ], [ -58.379186861957095, -34.570307442651902 ], [ -58.379185005205208, -34.570307312468444 ], [ -58.379184001644639, -34.570307241465642 ], [ -58.379184001643821, -34.570307241465585 ], [ -58.37918360610162, -34.570307215953122 ], [ -58.379182532805814, -34.570307138592312 ], [ -58.379180344807644, -34.570306980236332 ], [ -58.379177088969946, -34.57030673641033 ], [ -58.379173833136917, -34.570306488077115 ], [ -58.379170576223082, -34.570306230728789 ], [ -58.379170576222954, -34.570306230728782 ], [ -58.379169072527489, -34.5703061134084 ], [ -58.379167312768075, -34.570305976080121 ], [ -58.379164059127106, -34.570305715128193 ], [ -58.379164059126893, -34.570305715128185 ], [ -58.379161570403461, -34.570305519606094 ], [ -58.379160805482414, -34.570305457781878 ], [ -58.379157672791024, -34.57030520592739 ], [ -58.379157582351596, -34.570305198653614 ], [ -58.37915758234994, -34.570305198653486 ], [ -58.379157542033788, -34.57030519592147 ], [ -58.379154282943091, -34.57030493676843 ], [ -58.379154282942778, -34.570304936768409 ], [ -58.379151029291712, -34.570304685731777 ], [ -58.379151029291556, -34.57030468573177 ], [ -58.379149411181082, -34.570304562923702 ], [ -58.379147768009815, -34.570304437394093 ], [ -58.379147768009474, -34.570304437394071 ], [ -58.3791447213788, -34.570304212641361 ], [ -58.379144549217436, -34.570304199902814 ], [ -58.379144512172168, -34.570304196271714 ], [ -58.37914451216858, -34.570304196271415 ], [ -58.379141250867747, -34.570303966863484 ], [ -58.379141250867534, -34.57030396686347 ], [ -58.379137988471577, -34.570303742863281 ], [ -58.379137988470944, -34.570303742863231 ], [ -58.379134733686655, -34.570303535093885 ], [ -58.379134733686172, -34.570303535093856 ], [ -58.37913147126207, -34.5703033390377 ], [ -58.379131471261346, -34.57030333903765 ], [ -58.379128209908792, -34.570303161010663 ], [ -58.37912820990821, -34.570303161010635 ], [ -58.379124948541175, -34.570302997406358 ], [ -58.379124948540479, -34.570302997406323 ], [ -58.37912374336458, -34.570302943391113 ], [ -58.37912374336446, -34.570302943391113 ], [ -58.37912169260192, -34.570302853637095 ], [ -58.379121692601203, -34.570302853637067 ], [ -58.379119372677074, -34.570302764598871 ], [ -58.379118431195032, -34.570302728793969 ], [ -58.379118431192978, -34.570302728793912 ], [ -58.379118389785177, -34.570302727863947 ], [ -58.379115167586917, -34.570302625583459 ], [ -58.379115167586079, -34.570302625583437 ], [ -58.379111903957842, -34.570302543105669 ], [ -58.379111903956712, -34.57030254310564 ], [ -58.37910864139004, -34.570302488572743 ], [ -58.379108641389351, -34.570302488572736 ], [ -58.379105960709154, -34.570302457878164 ], [ -58.379105372267126, -34.570302451162284 ], [ -58.379105372266437, -34.570302451162284 ], [ -58.379102107485807, -34.570302430881917 ], [ -58.379102107484727, -34.570302430881917 ], [ -58.379100442389216, -34.570302434240539 ], [ -58.379098840497427, -34.570302437642702 ], [ -58.379098840496866, -34.570302437642702 ], [ -58.379096801617699, -34.570302450659092 ], [ -58.379095566958661, -34.570302457018869 ], [ -58.379095566957602, -34.57030245701889 ], [ -58.37909230102364, -34.57030249983729 ], [ -58.379092301022993, -34.57030249983729 ], [ -58.379090231607137, -34.570302537171031 ], [ -58.379089028534388, -34.57030255887674 ], [ -58.379089028533883, -34.570302558876762 ], [ -58.379085756032545, -34.570302630536126 ], [ -58.379085756031564, -34.570302630536155 ], [ -58.379082483505648, -34.570302726533932 ], [ -58.379082483505179, -34.570302726533946 ], [ -58.379079212057192, -34.570302834250889 ], [ -58.379079212056553, -34.570302834250924 ], [ -58.379077946843609, -34.570302882055017 ], [ -58.379077496773363, -34.570302897970151 ], [ -58.379077496773171, -34.570302897970166 ], [ -58.379077088113014, -34.570302913012462 ], [ -58.379077088112368, -34.570302913012483 ], [ -58.379075940588947, -34.570302960897742 ], [ -58.379074060743335, -34.570303038926248 ], [ -58.379074060742838, -34.570303038926269 ], [ -58.3790740215113, -34.570303040702022 ], [ -58.379072672379962, -34.570303098363866 ], [ -58.379072672379337, -34.570303098363887 ], [ -58.379069398703699, -34.570303253854668 ], [ -58.379069398703102, -34.570303253854703 ], [ -58.379066134820384, -34.570303423774973 ], [ -58.379066134819873, -34.570303423775009 ], [ -58.379062870924912, -34.570303606315107 ], [ -58.379062833873185, -34.57030360809236 ], [ -58.379062833871558, -34.570303608092452 ], [ -58.379059603744636, -34.570303803275785 ], [ -58.379059603744125, -34.57030380327582 ], [ -58.379058230607896, -34.570303891569417 ], [ -58.379056347450359, -34.570304011962378 ], [ -58.379056347450032, -34.570304011962406 ], [ -58.379053123842318, -34.570304226080069 ], [ -58.379053123841835, -34.570304226080097 ], [ -58.379053085698914, -34.570304228758033 ], [ -58.379053085698573, -34.570304228758054 ], [ -58.379049833735429, -34.570304465391693 ], [ -58.379049833735124, -34.570304465391715 ], [ -58.379048561935477, -34.570304560966555 ], [ -58.379046588302025, -34.57030471014258 ], [ -58.379046588300689, -34.570304710142686 ], [ -58.37904491107637, -34.570304854114731 ], [ -58.379043336294757, -34.570304989143168 ], [ -58.379043336293307, -34.570304989143295 ], [ -58.379040095149094, -34.570305303306817 ], [ -58.379040095147609, -34.570305303306974 ], [ -58.37903685941464, -34.570305654432616 ], [ -58.379036859413709, -34.570305654432723 ], [ -58.379033624746818, -34.570306028996129 ], [ -58.379033624745695, -34.570306028996256 ], [ -58.379032486935181, -34.570306170636208 ], [ -58.379030998192562, -34.570306354400884 ], [ -58.3790303889661, -34.570306426995849 ], [ -58.379030388964622, -34.570306426996027 ], [ -58.379028660440675, -34.570306652962245 ], [ -58.379027159697074, -34.570306850240016 ], [ -58.379027159696491, -34.570306850240094 ], [ -58.379023934772398, -34.570307288811243 ], [ -58.379023934771944, -34.570307288811314 ], [ -58.379020704386519, -34.57030773999859 ], [ -58.379020704386342, -34.570307739998611 ], [ -58.379017480535502, -34.57030819479602 ], [ -58.379017480535339, -34.570308194796034 ], [ -58.379014255590278, -34.57030865409974 ], [ -58.379012872536379, -34.570308851458584 ], [ -58.379012834390885, -34.570308856840789 ], [ -58.379012834390743, -34.570308856840803 ], [ -58.379011029555471, -34.57030911340258 ], [ -58.379007800256211, -34.570309568195924 ], [ -58.379004575322213, -34.570310016682235 ], [ -58.379003177019669, -34.57031020681903 ], [ -58.379001344949984, -34.570310455248922 ], [ -58.378998113512573, -34.570310869476309 ], [ -58.378997164246933, -34.570310988710339 ], [ -58.378997132642219, -34.570310992294118 ], [ -58.378997132640997, -34.57031099229426 ], [ -58.378994879910422, -34.570311269279202 ], [ -58.378991641972036, -34.570311646543452 ], [ -58.378988401873187, -34.570312004876136 ], [ -58.378985156340804, -34.570312347880773 ], [ -58.3789834594658, -34.570312526994037 ], [ -58.37898191625866, -34.570312689086265 ], [ -58.378978666376341, -34.570313023073489 ], [ -58.378975423033964, -34.570313355262307 ], [ -58.37897217424198, -34.570313688348691 ], [ -58.378972174241653, -34.570313688348726 ], [ -58.378970360754799, -34.570313879099778 ], [ -58.378968933069515, -34.570314029553124 ], [ -58.378968933068997, -34.570314029553181 ], [ -58.378965691883167, -34.570314384278888 ], [ -58.378965691882662, -34.570314384278952 ], [ -58.378963131837047, -34.570314674572458 ], [ -58.378962451774882, -34.570314750723867 ], [ -58.378962451770811, -34.570314750724378 ], [ -58.378962408177209, -34.570314757004006 ], [ -58.378962160782443, -34.570314786579999 ], [ -58.378962160782329, -34.570314786580013 ], [ -58.378960308032731, -34.570315009755134 ], [ -58.378959216000098, -34.570315141510328 ], [ -58.378959215999011, -34.570315141510456 ], [ -58.37895795938784, -34.57031530380042 ], [ -58.37895599109703, -34.57031555754417 ], [ -58.378955991096163, -34.570315557544291 ], [ -58.378952766172311, -34.57031599521212 ], [ -58.378952766170876, -34.570315995212326 ], [ -58.378951516076135, -34.570316179140953 ], [ -58.378949546660124, -34.570316468039472 ], [ -58.378949546659364, -34.570316468039579 ], [ -58.378946832837634, -34.570316882623338 ], [ -58.378946330400701, -34.570316957995914 ], [ -58.37894633039943, -34.570316957996106 ], [ -58.378945781091808, -34.570317045956322 ], [ -58.378943123932793, -34.570317463283402 ], [ -58.378943123932501, -34.570317463283452 ], [ -58.378941508707058, -34.570317720876623 ], [ -58.378939916368346, -34.570317975781393 ], [ -58.37893991636809, -34.570317975781428 ], [ -58.37893670443691, -34.570318496389078 ], [ -58.378936704436271, -34.570318496389184 ], [ -58.37893354698415, -34.570319024245748 ], [ -58.378933502298764, -34.57031903142618 ], [ -58.378933502297826, -34.57031903142633 ], [ -58.378930300155851, -34.570319570069124 ], [ -58.378930300155425, -34.570319570069209 ], [ -58.378927094732362, -34.570320120428192 ], [ -58.37892709473207, -34.570320120428235 ], [ -58.378923896930665, -34.570320677102345 ], [ -58.378923896930338, -34.570320677102401 ], [ -58.378921839171213, -34.570321040757797 ], [ -58.378921839171007, -34.57032104075784 ], [ -58.378920696938316, -34.57032124459213 ], [ -58.378917542718284, -34.570321808507629 ], [ -58.378917542717474, -34.570321808507771 ], [ -58.378917499120703, -34.570321816590415 ], [ -58.378914306745266, -34.570322395803672 ], [ -58.378914306745095, -34.5703223958037 ], [ -58.378911157961767, -34.570322971441357 ], [ -58.378911157961447, -34.570322971441406 ], [ -58.378911114364506, -34.570322979524114 ], [ -58.378907920890931, -34.570323566849318 ], [ -58.378907920890533, -34.570323566849389 ], [ -58.378905838041312, -34.570323956628513 ], [ -58.378904732856284, -34.570324163192552 ], [ -58.378901539373402, -34.570324759531808 ], [ -58.378901539373004, -34.570324759531871 ], [ -58.378898352419249, -34.570325364889904 ], [ -58.3788983524191, -34.570325364889939 ], [ -58.378896764390028, -34.570325668474084 ], [ -58.378895167645027, -34.570325970249321 ], [ -58.378895167644785, -34.570325970249364 ], [ -58.378891988317136, -34.570326577415322 ], [ -58.378891988316809, -34.570326577415386 ], [ -58.378888798081093, -34.570327195390824 ], [ -58.378887433486327, -34.570327457663751 ], [ -58.378885618749855, -34.57032780616229 ], [ -58.378882429609135, -34.57032841872978 ], [ -58.378882429608844, -34.570328418729829 ], [ -58.378879247000036, -34.570329037611742 ], [ -58.378879246999858, -34.570329037611771 ], [ -58.378877678581908, -34.570329344814951 ], [ -58.378876065478117, -34.570329659198627 ], [ -58.378872879595399, -34.570330282585239 ], [ -58.378872879594532, -34.570330282585424 ], [ -58.378872737902199, -34.570330311333002 ], [ -58.378869700247243, -34.570330909582033 ], [ -58.378869700246845, -34.570330909582118 ], [ -58.378866523069128, -34.570331545594549 ], [ -58.378866523068773, -34.57033154559462 ], [ -58.378864865263544, -34.57033188248289 ], [ -58.378863345881925, -34.570332190621222 ], [ -58.378863345881697, -34.570332190621265 ], [ -58.378860168689293, -34.570332841056363 ], [ -58.37886016868903, -34.57033284105642 ], [ -58.378857030727531, -34.570333490617109 ], [ -58.378856995849191, -34.570333497804398 ], [ -58.378856995848643, -34.570333497804519 ], [ -58.378853825177167, -34.570334165371051 ], [ -58.378853825176606, -34.570334165371172 ], [ -58.378851904671535, -34.570334578698755 ], [ -58.378850662122403, -34.570334843759966 ], [ -58.378850662121742, -34.570334843760115 ], [ -58.378848851695516, -34.570335240036734 ], [ -58.378847501234006, -34.570335534770329 ], [ -58.378847501233551, -34.570335534770429 ], [ -58.378844341424468, -34.570336236598436 ], [ -58.378844341423871, -34.570336236598571 ], [ -58.378841191408561, -34.570336951954687 ], [ -58.37884119140805, -34.5703369519548 ], [ -58.37883804573876, -34.570337679933779 ], [ -58.378838045738007, -34.570337679933949 ], [ -58.378834905498131, -34.57033842684659 ], [ -58.378834905497648, -34.570338426846696 ], [ -58.378831770694468, -34.570339185481579 ], [ -58.378831770693807, -34.570339185481735 ], [ -58.378828639142441, -34.570339961245907 ], [ -58.378828639141972, -34.57033996124602 ], [ -58.378825511937556, -34.570340748731617 ], [ -58.378825511936441, -34.570340748731908 ], [ -58.378825467246386, -34.570340760419441 ], [ -58.378822393438448, -34.570341547941865 ], [ -58.378822393438192, -34.570341547941936 ], [ -58.378819269482769, -34.570342355261012 ], [ -58.378819269482008, -34.570342355261197 ], [ -58.378816156405477, -34.57034318061627 ], [ -58.378816156404355, -34.570343180616575 ], [ -58.378816117163957, -34.570343191406415 ], [ -58.378813043321323, -34.570344013182734 ], [ -58.378813043320655, -34.570344013182918 ], [ -58.378809934578236, -34.570344862879331 ], [ -58.378809934577795, -34.570344862879459 ], [ -58.378806837813158, -34.570345721598365 ], [ -58.378806837812547, -34.570345721598542 ], [ -58.378803739940786, -34.570346597443695 ], [ -58.37880373993967, -34.570346597444015 ], [ -58.378803706148631, -34.570346607336241 ], [ -58.378800647504264, -34.570347485912663 ], [ -58.378800647503844, -34.570347485912784 ], [ -58.378797560506349, -34.570348384300971 ], [ -58.378797560505902, -34.570348384301106 ], [ -58.378794478945998, -34.570349293510127 ], [ -58.378794478944435, -34.570349293510603 ], [ -58.378794444062919, -34.570349304303384 ], [ -58.378791404997941, -34.570350218048738 ], [ -58.378791404997038, -34.570350218049022 ], [ -58.378790310575511, -34.570350556227687 ], [ -58.378788341929678, -34.570351159721923 ], [ -58.378788341929294, -34.570351159722037 ], [ -58.378786192325904, -34.570351826190866 ], [ -58.378785281034752, -34.57035210770642 ], [ -58.378785281033927, -34.570352107706675 ], [ -58.378782224477987, -34.570353075525418 ], [ -58.378782224477611, -34.570353075525546 ], [ -58.378779182081594, -34.57035404966399 ], [ -58.378779182080677, -34.570354049664282 ], [ -58.37877614837867, -34.570355047245748 ], [ -58.37877614837803, -34.570355047245954 ], [ -58.378773121197803, -34.570356061057552 ], [ -58.37877312119705, -34.570356061057808 ], [ -58.378770101625669, -34.570357093804553 ], [ -58.378770101625008, -34.57035709380478 ], [ -58.37876709075487, -34.570358142783178 ], [ -58.378767090754103, -34.570358142783455 ], [ -58.378764087491859, -34.570359211598387 ], [ -58.378764087491547, -34.570359211598493 ], [ -58.378761089670526, -34.570360287628574 ], [ -58.378761089670071, -34.570360287628738 ], [ -58.378758095105376, -34.570361376280964 ], [ -58.378758095104764, -34.570361376281184 ], [ -58.37875510815249, -34.570362480262794 ], [ -58.378755108152134, -34.570362480262922 ], [ -58.378752127730102, -34.570363592361844 ], [ -58.378752086305454, -34.570363607657328 ], [ -58.37875208630502, -34.570363607657491 ], [ -58.378749145126278, -34.570364706262168 ], [ -58.378749145125795, -34.570364706262339 ], [ -58.378747832599309, -34.570365202940629 ], [ -58.378746171231917, -34.570365828281297 ], [ -58.378746171231803, -34.570365828281332 ], [ -58.378743195156353, -34.570366952101615 ], [ -58.378743195156126, -34.570366952101701 ], [ -58.37874022016392, -34.570368082232662 ], [ -58.378740220163806, -34.570368082232704 ], [ -58.378738269901007, -34.570368825459944 ], [ -58.378737250623281, -34.570369209662935 ], [ -58.378737250622962, -34.570369209663056 ], [ -58.378736254235037, -34.570369588473199 ], [ -58.378736210630258, -34.570369604668521 ], [ -58.378736210629661, -34.570369604668741 ], [ -58.378734274545721, -34.570370335285865 ], [ -58.37873130065028, -34.570371458205948 ], [ -58.37872832348669, -34.570372580222234 ], [ -58.378725355048388, -34.570373695032927 ], [ -58.378724603951383, -34.570373971250348 ], [ -58.378724603951049, -34.570373971250483 ], [ -58.378722361552434, -34.570374803516366 ], [ -58.378722361551809, -34.5703748035166 ], [ -58.378722323397263, -34.570374817912892 ], [ -58.378720423297857, -34.570375525117527 ], [ -58.378720423297565, -34.57037552511764 ], [ -58.378720327365969, -34.570375561108122 ], [ -58.37872028594137, -34.570375576403571 ], [ -58.378719381134005, -34.570375911107341 ], [ -58.378716395270452, -34.570377015088823 ], [ -58.378713411589075, -34.570378116367408 ], [ -58.378710419187016, -34.570379220344201 ], [ -58.37870870659679, -34.570379851057382 ], [ -58.378707432239175, -34.570380318916065 ], [ -58.37870743223894, -34.57038031891615 ], [ -58.378704444195613, -34.570381422895814 ], [ -58.378701460514812, -34.570382523272691 ], [ -58.378698474650676, -34.570383627253776 ], [ -58.378698474650562, -34.570383627253811 ], [ -58.378697334374039, -34.570384050133988 ], [ -58.378695488783748, -34.570384733939029 ], [ -58.378695488783492, -34.570384733939122 ], [ -58.378693392457947, -34.570385515825848 ], [ -58.378692508359634, -34.570385846036643 ], [ -58.378689526842308, -34.570386961739004 ], [ -58.378686544232423, -34.570388080144845 ], [ -58.378686544231954, -34.570388080145023 ], [ -58.378683576869925, -34.570389206674179 ], [ -58.378680605146194, -34.570390335904534 ], [ -58.378680605145668, -34.570390335904733 ], [ -58.378677641037122, -34.570391477760246 ], [ -58.378677641036667, -34.570391477760424 ], [ -58.378676316502329, -34.570391994260987 ], [ -58.37867468237058, -34.570392625929493 ], [ -58.378674682370139, -34.570392625929671 ], [ -58.378671728055245, -34.570393781313243 ], [ -58.378671728054712, -34.570393781313456 ], [ -58.378668815149062, -34.570394936725634 ], [ -58.378668815148885, -34.57039493672572 ], [ -58.378668783534209, -34.570394949323777 ], [ -58.378665841185871, -34.570396124546903 ], [ -58.378665841185239, -34.570396124547152 ], [ -58.378662908628876, -34.570397315101218 ], [ -58.378662908628577, -34.570397315101346 ], [ -58.378661810824447, -34.570397764151949 ], [ -58.378660985565425, -34.570398099811797 ], [ -58.37866098556399, -34.570398099812394 ], [ -58.378660887447772, -34.570398141209708 ], [ -58.378660781701683, -34.570398184404631 ], [ -58.378660781701427, -34.570398184404723 ], [ -58.378659980422583, -34.570398513771266 ], [ -58.378659980422043, -34.570398513771487 ], [ -58.378659088653457, -34.570398885442302 ], [ -58.378659088653073, -34.570398885442465 ], [ -58.378658757236693, -34.570399024933678 ], [ -58.378657058735385, -34.570399731375716 ], [ -58.378657058734696, -34.570399731376007 ], [ -58.378654152291169, -34.570400961610694 ], [ -58.378654152290409, -34.570400961611021 ], [ -58.378651257814518, -34.570402210783968 ], [ -58.378651257814013, -34.570402210784195 ], [ -58.378648365501981, -34.570403475282781 ], [ -58.378648365501206, -34.570403475283129 ], [ -58.378645520043392, -34.570404743419857 ], [ -58.378645520042767, -34.570404743420134 ], [ -58.378645486245979, -34.570404758720905 ], [ -58.378642616785889, -34.570406054785131 ], [ -58.378642616785342, -34.570406054785387 ], [ -58.378639758209623, -34.570407363477081 ], [ -58.378639758209076, -34.570407363477337 ], [ -58.378636902885951, -34.570408688396896 ], [ -58.378636902885489, -34.570408688397109 ], [ -58.378634057358823, -34.570410024140514 ], [ -58.378634057358425, -34.570410024140692 ], [ -58.378631219450554, -34.570411368903557 ], [ -58.378631219450199, -34.570411368903734 ], [ -58.378628388071398, -34.57041272268539 ], [ -58.378628388071014, -34.570412722685575 ], [ -58.378625559950379, -34.57041408728648 ], [ -58.378625559949938, -34.570414087286693 ], [ -58.378622745987286, -34.57041546001021 ], [ -58.378622316424384, -34.570415669744627 ], [ -58.378619927662946, -34.570416835434941 ], [ -58.378619927658598, -34.570416835437165 ], [ -58.378619892770317, -34.570416854341872 ], [ -58.378619104510399, -34.570417242308885 ], [ -58.378619104510221, -34.570417242308977 ], [ -58.378617895403288, -34.570417840017363 ], [ -58.378617118045049, -34.570418221682857 ], [ -58.37861711804473, -34.570418221683013 ], [ -58.378614312784087, -34.570419609736625 ], [ -58.378614312783903, -34.570419609736717 ], [ -58.378611507516744, -34.570421004100282 ], [ -58.37860870879053, -34.570422395763998 ], [ -58.37860870878994, -34.570422395764297 ], [ -58.378605917675266, -34.570423803658905 ], [ -58.37860591767496, -34.570423803659061 ], [ -58.378604140513303, -34.570424706556835 ], [ -58.378603134180835, -34.570425218770389 ], [ -58.378603134180558, -34.570425218770538 ], [ -58.378600360487511, -34.570426640198498 ], [ -58.378600360487027, -34.57042664019874 ], [ -58.378597585686798, -34.570428078752975 ], [ -58.378597585686528, -34.570428078753118 ], [ -58.378594818508759, -34.570429522721156 ], [ -58.378594818508475, -34.570429522721305 ], [ -58.378592099293861, -34.570430951398322 ], [ -58.378592099293684, -34.5704309513984 ], [ -58.378592060042713, -34.570430972103985 ], [ -58.378592060042564, -34.570430972104063 ], [ -58.378589309197622, -34.570432428703263 ], [ -58.37858930919743, -34.570432428703363 ], [ -58.378586557255353, -34.570433892513215 ], [ -58.378586557255076, -34.570433892513378 ], [ -58.378586516913458, -34.570433914119562 ], [ -58.378583814028111, -34.570435359033311 ], [ -58.378581063174714, -34.57043682374514 ], [ -58.378581063171737, -34.570436823746775 ], [ -58.378581034823824, -34.570436839952023 ], [ -58.378579640312296, -34.570437588068962 ], [ -58.378578321030325, -34.570438296576015 ], [ -58.378575572347046, -34.57043977030348 ], [ -58.378572832383114, -34.570441242234175 ], [ -58.378570092417391, -34.570442715967573 ], [ -58.378570055346906, -34.570442735773135 ], [ -58.378570055346707, -34.570442735773256 ], [ -58.378567350273968, -34.570444187896548 ], [ -58.378564602685536, -34.570445656215966 ], [ -58.378562733887541, -34.570446656403639 ], [ -58.378561856185847, -34.570447125437468 ], [ -58.37855652675951, -34.570449950414137 ], [ -58.378556526756959, -34.570449950415529 ], [ -58.376782081349496, -34.571449436852511 ], [ -58.376561557775361, -34.571573646775576 ], [ -58.376409388489364, -34.571632749402028 ], [ -58.376163911284422, -34.571659905961631 ], [ -58.375172716985738, -34.571620149315926 ], [ -58.374502536331946, -34.571541573498187 ], [ -58.374502536323483, -34.571541573497477 ], [ -58.372293623838416, -34.571426715943474 ], [ -58.371510142400695, -34.571367561707696 ], [ -58.369485381434998, -34.571202033087857 ], [ -58.369485381434174, -34.571202033087786 ], [ -58.368229930236573, -34.571107353594499 ], [ -58.366979202047609, -34.571012664916907 ], [ -58.366979202046323, -34.571012664916822 ], [ -58.366559142012811, -34.570985001186685 ], [ -58.36597862065144, -34.570937685650939 ], [ -58.365303706630392, -34.570882482598833 ], [ -58.365303706629952, -34.570882482598797 ], [ -58.364850616168162, -34.570846977454629 ], [ -58.364850616167523, -34.570846977454579 ], [ -58.364421122071221, -34.570815394251689 ], [ -58.364421122069814, -34.570815394251589 ], [ -58.364245303941047, -34.570804378806798 ], [ -58.363861204525044, -34.570780196236065 ], [ -58.36333397669825, -34.570746353735721 ], [ -58.36333397669798, -34.570746353735714 ], [ -58.36287189249196, -34.57071764101876 ], [ -58.362235416456514, -34.570669359184386 ], [ -58.361944614365328, -34.570646704170379 ], [ -58.361944614355231, -34.570646704169974 ], [ -58.361761745349426, -34.570646552193594 ], [ -58.36176174534566, -34.570646552193637 ], [ -58.361682590343115, -34.570648744093887 ], [ -58.361682590337445, -34.570648744094171 ], [ -58.361651199625555, -34.570650975726736 ], [ -58.361651199607159, -34.570650975729379 ], [ -58.361651199589573, -34.570650975734559 ], [ -58.361618431813739, -34.570663366169299 ], [ -58.361618431795584, -34.57066336617801 ], [ -58.361565170219279, -34.5706949305549 ], [ -58.361455828099878, -34.57075491755635 ], [ -58.36145582809953, -34.570754917556535 ], [ -58.361271562583923, -34.570856823541725 ], [ -58.361271562583326, -34.570856823542059 ], [ -58.361104876052487, -34.570950342583266 ], [ -58.360900075621117, -34.571065244727443 ], [ -58.360654121065622, -34.571200189015329 ], [ -58.360480731313679, -34.571291618204803 ], [ -58.360480731312713, -34.571291618205329 ], [ -58.360269750533419, -34.571405473430467 ], [ -58.360269750531913, -34.571405473431284 ], [ -58.360069246404166, -34.571517616059175 ], [ -58.359935977312041, -34.571592153556907 ], [ -58.359935977302023, -34.571592153563238 ], [ -58.35985675424984, -34.57164853064976 ], [ -58.359856754235359, -34.571648530662252 ], [ -58.359856754224054, -34.571648530676796 ], [ -58.359856754216288, -34.571648530692862 ], [ -58.359856754212387, -34.571648530709837 ], [ -58.359845713483622, -34.571747863138469 ], [ -58.359845713484106, -34.5717478631585 ], [ -58.359845713489918, -34.57174786317794 ], [ -58.359872932243718, -34.571808845974672 ], [ -58.359872932253602, -34.57180884599132 ], [ -58.359872932267407, -34.571808846005929 ], [ -58.359872932284532, -34.571808846017923 ], [ -58.359872932304249, -34.571808846026727 ], [ -58.35987293232575, -34.571808846032027 ], [ -58.359916594757294, -34.571815656322933 ], [ -58.359916594780131, -34.571815656324468 ], [ -58.35991659480284, -34.571815656322023 ], [ -58.35991659482444, -34.571815656315692 ], [ -58.359916594843959, -34.571815656305773 ], [ -58.360012200144752, -34.571754777509526 ], [ -58.360012200145839, -34.571754777508829 ], [ -58.360077759337273, -34.571711935378374 ], [ -58.36021359302601, -34.57163855383611 ], [ -58.360359386178857, -34.571559791571651 ], [ -58.360528414128495, -34.571468476698804 ], [ -58.360528414128765, -34.571468476698662 ], [ -58.360746894428175, -34.571349673141647 ], [ -58.360936184373031, -34.571246741901909 ], [ -58.360936184373394, -34.571246741901717 ], [ -58.36113043940103, -34.571140217922704 ], [ -58.361130439401173, -34.571140217922633 ], [ -58.361273228917334, -34.571061646529557 ], [ -58.361369636004035, -34.571008597364383 ], [ -58.361369636008561, -34.571008597361747 ], [ -58.361462221271658, -34.570951845798433 ], [ -58.36157303771099, -34.570883918960128 ], [ -58.361645511474627, -34.570839494808212 ], [ -58.361721964707954, -34.570814723006194 ], [ -58.361721964711556, -34.570814723004965 ], [ -58.361784768202085, -34.570792197569055 ], [ -58.361866680137759, -34.570767430214538 ], [ -58.361989527410863, -34.570747212322246 ], [ -58.362104164572692, -34.570745049643619 ], [ -58.36232214537339, -34.570757485406183 ], [ -58.362950755437787, -34.570795011819044 ], [ -58.36374328449353, -34.57085090588339 ], [ -58.364451693279591, -34.570900522010277 ], [ -58.365157514082789, -34.570954707520634 ], [ -58.366305106198212, -34.571050154286176 ], [ -58.366305106198801, -34.571050154286219 ], [ -58.367229532335877, -34.571122851688507 ], [ -58.368221835057682, -34.571202696358682 ], [ -58.369156318693008, -34.571277881158188 ], [ -58.369156318694152, -34.571277881158281 ], [ -58.370046512948335, -34.571341676602934 ], [ -58.370778243126352, -34.571394059994311 ], [ -58.37116325147867, -34.571421620338171 ], [ -58.371514344895232, -34.571446751849159 ], [ -58.37208766182674, -34.571498735238578 ], [ -58.372518671502014, -34.571537813628943 ], [ -58.372518671507144, -34.57153781362932 ], [ -58.372936053126843, -34.571559208878 ], [ -58.372936053127148, -34.571559208878021 ], [ -58.373483821090893, -34.571586004862361 ], [ -58.373483821091263, -34.571586004862375 ], [ -58.373681343087853, -34.571595116979267 ], [ -58.374429136934076, -34.571658881212464 ], [ -58.374429136934282, -34.571658881212485 ], [ -58.376121283036404, -34.5718004379451 ], [ -58.376149355279516, -34.571805817800914 ], [ -58.376120461945703, -34.571822091727832 ], [ -58.375882066329893, -34.571956199499745 ], [ -58.375882066326163, -34.57195619950194 ], [ -58.375851903566627, -34.571974747278908 ], [ -58.375851903561212, -34.571974747282468 ], [ -58.375851867574838, -34.571974772495565 ], [ -58.375846911319108, -34.57197800145854 ], [ -58.375823414616718, -34.571993312475023 ], [ -58.375823414616171, -34.571993312475392 ], [ -58.375802129216581, -34.572007369385339 ], [ -58.374149356530118, -34.573075232497224 ], [ -58.374149327091338, -34.573075249601111 ], [ -58.374112986938989, -34.573095712469716 ], [ -58.374100761238118, -34.57310259674184 ], [ -58.374100761237962, -34.573102596741919 ], [ -58.374051672942137, -34.57313033379905 ], [ -58.374020373665267, -34.573148012214503 ], [ -58.373977670369449, -34.573171519912869 ], [ -58.373977670368724, -34.573171519913281 ], [ -58.373977639837229, -34.573171537018013 ], [ -58.373977639836568, -34.573171537018389 ], [ -58.373955433409542, -34.573184174084702 ], [ -58.371636905790808, -34.57450364263925 ], [ -58.371636905790155, -34.57450364263962 ], [ -58.371636862171506, -34.574503667846784 ], [ -58.371636862169787, -34.574503667847793 ], [ -58.371625739117022, -34.574510364300103 ], [ -58.371574918742226, -34.574540957473502 ], [ -58.371574875124388, -34.574540982680134 ], [ -58.37157487512421, -34.57454098268024 ], [ -58.371542936331736, -34.574559519935498 ], [ -58.371522661218087, -34.574571277313467 ], [ -58.37150332595543, -34.574581615649116 ], [ -58.371500580287368, -34.574583082908383 ], [ -58.371499160565193, -34.574583841742658 ], [ -58.371479135071048, -34.574594540126661 ], [ -58.371479135068427, -34.574594540128089 ], [ -58.371451526855516, -34.574610240223905 ], [ -58.371429451617935, -34.574622794895667 ], [ -58.371382845147259, -34.57464854779893 ], [ -58.371382845144673, -34.5746485478004 ], [ -58.371334014437174, -34.574677244870031 ], [ -58.371334014436073, -34.574677244870692 ], [ -58.371333986083577, -34.57467726197607 ], [ -58.371293265255964, -34.574701203807535 ], [ -58.371293265254536, -34.574701203808381 ], [ -58.371293223815258, -34.574701229017087 ], [ -58.371293223814419, -34.574701229017599 ], [ -58.371269796106937, -34.574715768482278 ], [ -58.371253843934575, -34.57472566492681 ], [ -58.371253843934475, -34.574725664926873 ], [ -58.371222567664589, -34.574745118445875 ], [ -58.371222567658926, -34.574745118449655 ], [ -58.371222543665041, -34.574745135558594 ], [ -58.371199973029221, -34.574761170220263 ], [ -58.371183982169804, -34.574772533246275 ], [ -58.371183982165149, -34.574772533249785 ], [ -58.371183949443221, -34.574772559366224 ], [ -58.371167409648784, -34.574785610346169 ], [ -58.371165626308269, -34.574787017928692 ], [ -58.371164950057526, -34.574787551062293 ], [ -58.371152655373557, -34.574797250137664 ], [ -58.371152655371631, -34.574797250139241 ], [ -58.371142297361594, -34.574805834710354 ], [ -58.371128020189055, -34.574817667764194 ], [ -58.371128020180649, -34.574817667772017 ], [ -58.371127991813715, -34.574817697497522 ], [ -58.371106426442516, -34.574840166376312 ], [ -58.371106356619713, -34.574840236634209 ], [ -58.37110635660747, -34.574840236649422 ], [ -58.371106356599213, -34.57484023666639 ], [ -58.371106356595249, -34.574840236684373 ], [ -58.371106356595753, -34.574840236702649 ], [ -58.37110635660072, -34.574840236720455 ], [ -58.371106356609914, -34.574840236737082 ], [ -58.371106356622981, -34.574840236751832 ], [ -58.371174912865925, -34.574903083639519 ], [ -58.371174912880804, -34.574903083650838 ], [ -58.371174912897935, -34.574903083659692 ], [ -58.371174912916764, -34.574903083665767 ], [ -58.37117491293661, -34.574903083668879 ], [ -58.371174912956818, -34.5749030836689 ], [ -58.371174912976691, -34.574903083665824 ], [ -58.371174912995514, -34.574903083659784 ], [ -58.371174913012695, -34.574903083650973 ], [ -58.371174913027588, -34.574903083639676 ], [ -58.371174995934268, -34.574903007982535 ], [ -58.371195595997335, -34.574884275674307 ], [ -58.37119559600152, -34.574884275670271 ], [ -58.3711956276384, -34.574884243245315 ], [ -58.371216640585459, -34.57486562753305 ], [ -58.371216671123122, -34.574865603219976 ], [ -58.371249045132373, -34.574840946600069 ], [ -58.371249045139372, -34.574840946594236 ], [ -58.371249075680225, -34.574840918676465 ], [ -58.371260043516223, -34.574832732989442 ], [ -58.371273973633855, -34.574822331124118 ], [ -58.371288331334398, -34.574812561479 ], [ -58.371301917983942, -34.574803313176481 ], [ -58.371336824625644, -34.57478158987999 ], [ -58.371336866062734, -34.574781565573424 ], [ -58.371336866063615, -34.574781565572913 ], [ -58.37137760158933, -34.574757165813857 ], [ -58.371418639817129, -34.574732975400913 ], [ -58.371446384457691, -34.574718120052651 ], [ -58.371472209951008, -34.57470429358299 ], [ -58.371472209957105, -34.574704293579479 ], [ -58.371472257939523, -34.574704263868803 ], [ -58.371545093681419, -34.574660185734963 ], [ -58.371604561816007, -34.5746283244561 ], [ -58.371606209437601, -34.57462744139503 ], [ -58.371606209440351, -34.574627441393496 ], [ -58.374197929074867, -34.573143851312643 ], [ -58.374219820402629, -34.573131319439014 ], [ -58.374219820407333, -34.573131319436158 ], [ -58.374589786303339, -34.572894325398167 ], [ -58.375535286117533, -34.572288648313673 ], [ -58.375769459711705, -34.572138637040631 ], [ -58.375840037459476, -34.572093425213581 ], [ -58.375840037469374, -34.572093425206411 ], [ -58.375848189193796, -34.57208675598519 ], [ -58.375859766729405, -34.57207728398302 ], [ -58.375874913259842, -34.572067726195534 ], [ -58.375886303148611, -34.572060537365317 ], [ -58.37591480320355, -34.572042821307939 ], [ -58.3759186939374, -34.572040401059333 ], [ -58.375918693937862, -34.572040401059041 ], [ -58.375934832745791, -34.572030250832398 ], [ -58.375953607182851, -34.572018448373669 ], [ -58.375984593906495, -34.57200082061712 ], [ -58.375984593908655, -34.572000820615848 ], [ -58.376017813696848, -34.57198091834735 ], [ -58.37603539528574, -34.571971821105059 ], [ -58.376043645821767, -34.571967551538087 ], [ -58.376058826503446, -34.571959692937106 ], [ -58.376058826506195, -34.571959692935629 ], [ -58.376087011507217, -34.571944107585573 ], [ -58.376094028636999, -34.571940700701738 ], [ -58.376110717754564, -34.571932597989338 ], [ -58.376117291690306, -34.571930951274901 ], [ -58.376121013040631, -34.571930018252232 ], [ -58.376121013040773, -34.571930018252196 ], [ -58.37612124848679, -34.571929958926198 ], [ -58.376121248502272, -34.571929958921189 ], [ -58.376121248516661, -34.571929958914318 ], [ -58.37617006402089, -34.571902273106318 ], [ -58.376188938599711, -34.571891567717074 ], [ -58.377479755293635, -34.571159447543529 ], [ -58.378551937653995, -34.570551310990119 ], [ -58.378551937654606, -34.570551310989764 ], [ -58.37855197363649, -34.570551290281941 ], [ -58.378551973636746, -34.570551290281792 ], [ -58.378581909566407, -34.570533958600834 ], [ -58.378601810877896, -34.570522430547037 ], [ -58.378614873743217, -34.570515626629472 ], [ -58.378615885540796, -34.570515099095438 ], [ -58.378619084478466, -34.570513430971261 ], [ -58.378641756141178, -34.570501620882887 ], [ -58.378684731839378, -34.570480875503499 ], [ -58.378684731840451, -34.570480875502973 ], [ -58.378684759095577, -34.570480862001268 ], [ -58.378715095765358, -34.570466977621741 ], [ -58.378715131740194, -34.57046696232306 ], [ -58.378715131743732, -34.570466962321483 ], [ -58.378748714244693, -34.570451362963617 ], [ -58.378748714245773, -34.570451362963105 ], [ -58.378748763306348, -34.570451339560293 ], [ -58.378748807999578, -34.570451318861373 ], [ -58.378780812156286, -34.570440431061471 ], [ -58.378805080980534, -34.570432174570939 ], [ -58.378843094357578, -34.570421861516117 ], [ -58.378874673134888, -34.570413492883389 ], [ -58.378917913579585, -34.570404564405337 ], [ -58.378919598639662, -34.5704042158169 ], [ -58.378956682274108, -34.570397322997245 ], [ -58.378994297611818, -34.570391581655485 ], [ -58.379016832051647, -34.570389322917755 ], [ -58.379017653784452, -34.570389240553851 ], [ -58.379058291409351, -34.570385166213576 ], [ -58.379070712330787, -34.570384882722763 ], [ -58.379072692400825, -34.570384836313409 ], [ -58.379075030995928, -34.570384782940003 ], [ -58.3790977238652, -34.570384267655328 ], [ -58.379144622264029, -34.570384189121135 ], [ -58.379159545194348, -34.570384979142027 ], [ -58.379173160536865, -34.570385696145991 ], [ -58.379190311834989, -34.570386601278798 ], [ -58.379190311838883, -34.570386601278948 ], [ -58.379190352154268, -34.570386602208082 ], [ -58.379228897062418, -34.570389465549965 ], [ -58.379251285892792, -34.570391124268141 ], [ -58.379969317135334, -34.570448108048517 ], [ -58.380361112008728, -34.57047919915339 ], [ -58.380360995229893, -34.570480484420258 ], [ -58.380330613724794, -34.570815133699135 ], [ -58.380330613725548, -34.570815133718412 ], [ -58.380330613731232, -34.570815133737113 ], [ -58.380330613741599, -34.570815133754373 ], [ -58.380506938140073, -34.571043664959468 ], [ -58.380268285872937, -34.571181162349092 ], [ -58.378910228297642, -34.571963580472072 ], [ -58.378424184867718, -34.572243597878021 ], [ -58.378308967206813, -34.572309975361627 ], [ -58.378308967188218, -34.572309975375177 ], [ -58.378308967173815, -34.572309975391846 ], [ -58.378303226401997, -34.572318531338411 ], [ -58.378303226401563, -34.57231853133905 ], [ -58.378303199116658, -34.572318572784297 ], [ -58.378303123818235, -34.572318678196879 ], [ -58.378298874472833, -34.572324449774044 ], [ -58.378298874464839, -34.572324449787224 ], [ -58.378298874459546, -34.572324449801314 ], [ -58.378297935913928, -34.572327931357421 ], [ -58.378297030188897, -34.572331288533277 ], [ -58.378294447187166, -34.572336942276948 ], [ -58.378291737493818, -34.572342869070447 ], [ -58.378291737487814, -34.572342869089951 ], [ -58.378290841730376, -34.572348208515301 ], [ -58.378290089605727, -34.572352687178601 ], [ -58.378290089605194, -34.572352687182352 ], [ -58.378254085796669, -34.57266165298995 ], [ -58.378251823324099, -34.572681063627215 ], [ -58.378251823323929, -34.572681063643032 ], [ -58.378251853518435, -34.572681376458966 ], [ -58.378251853518449, -34.572681376459101 ], [ -58.378252547046223, -34.572688429701017 ], [ -58.378253355975893, -34.572696662990232 ], [ -58.37825335597848, -34.572696663003711 ], [ -58.378254982639291, -34.572702345826464 ], [ -58.378256846026012, -34.572708853618892 ], [ -58.378256912260277, -34.572709089838497 ], [ -58.378256912263886, -34.572709089848651 ], [ -58.378257060123858, -34.572709429789143 ], [ -58.37826136313047, -34.572719476477616 ], [ -58.378261363134399, -34.572719476485567 ], [ -58.378261378363376, -34.57271950353897 ], [ -58.37826137836371, -34.572719503539538 ], [ -58.378266267026113, -34.57272802992992 ], [ -58.378266403002662, -34.572728268001136 ], [ -58.378266403010471, -34.572728268012575 ], [ -58.378266653336539, -34.572728579179007 ], [ -58.378266699048254, -34.572728636000697 ], [ -58.378273128070411, -34.572736632523863 ], [ -58.37827312807633, -34.572736632530557 ], [ -58.37828284505877, -34.572746595551209 ], [ -58.378283089997723, -34.572746846318346 ], [ -58.378283090002192, -34.57274684632263 ], [ -58.378283127019763, -34.572746879701178 ], [ -58.3782831270305, -34.572746879709634 ], [ -58.378284114745675, -34.572747557368615 ], [ -58.378284229089658, -34.572747635872339 ], [ -58.378286960276021, -34.572749513642407 ], [ -58.378286960276185, -34.572749513642528 ], [ -58.378292394351554, -34.572753234007244 ], [ -58.37829239435392, -34.572753234008822 ], [ -58.378301641350802, -34.572759215101108 ], [ -58.37830331193117, -34.572760295271522 ], [ -58.378303311934438, -34.572760295273554 ], [ -58.378303523217745, -34.572760421620359 ], [ -58.378303523218889, -34.572760421621034 ], [ -58.378303574406345, -34.572760451403411 ], [ -58.378313968669346, -34.572766672171177 ], [ -58.378313968691771, -34.572766672181523 ], [ -58.378314011177402, -34.572766686633919 ], [ -58.378314011178489, -34.572766686634282 ], [ -58.378326953090315, -34.572770955784499 ], [ -58.378326953090557, -34.57277095578457 ], [ -58.378327176415297, -34.572771028955515 ], [ -58.378327176426161, -34.572771028958549 ], [ -58.378327215648049, -34.57277103800012 ], [ -58.378327215652114, -34.57277103800098 ], [ -58.3783282278294, -34.572771237019339 ], [ -58.378335436187783, -34.572772654571871 ], [ -58.378335436187939, -34.572772654571907 ], [ -58.378335528798466, -34.572772672664904 ], [ -58.378335528799049, -34.572772672665018 ], [ -58.378335595260673, -34.572772685331181 ], [ -58.37834125756973, -34.572773798927926 ], [ -58.378341257570526, -34.572773798928083 ], [ -58.378353826522755, -34.57277618744078 ], [ -58.378355553445118, -34.572776516761671 ], [ -58.37835555344526, -34.572776516761685 ], [ -58.378362523247077, -34.572777837694005 ], [ -58.378362523266148, -34.572777837696172 ], [ -58.378383309440821, -34.572778670653129 ], [ -58.378414046516497, -34.572781280927835 ], [ -58.378460273608155, -34.572785769717271 ], [ -58.378460273610408, -34.572785769717463 ], [ -58.383529160649552, -34.573190031047531 ], [ -58.383529160657595, -34.573190031047929 ], [ -58.383534973323378, -34.573190137609039 ], [ -58.383539236383179, -34.573190213410271 ], [ -58.383540682466617, -34.5731902395951 ], [ -58.383551906773206, -34.573190436228124 ], [ -58.383551938360931, -34.573190441655569 ], [ -58.383552051676489, -34.573190461560969 ], [ -58.383552051677668, -34.573190461561168 ], [ -58.383560224654154, -34.573191819039792 ], [ -58.383570420974529, -34.573193512265981 ], [ -58.383580381456014, -34.573197963697602 ], [ -58.383580568807844, -34.57319804764974 ], [ -58.383580612367091, -34.573198073815909 ], [ -58.383580821478752, -34.573198201053323 ], [ -58.383581375841487, -34.573198540351541 ], [ -58.383589042161702, -34.573203231868256 ], [ -58.383590536072766, -34.573204520976304 ], [ -58.383591379941272, -34.573205248076917 ], [ -58.38359528350847, -34.573208611138064 ], [ -58.38360093639627, -34.57321512401581 ], [ -58.383602946927041, -34.573218621953345 ], [ -58.383605189188792, -34.573222525683143 ], [ -58.38360665355772, -34.573227369993354 ], [ -58.383607485681601, -34.573230123480428 ], [ -58.383607215402236, -34.573240422983382 ], [ -58.383605496633344, -34.573253216700351 ], [ -58.383605496632967, -34.573253216703712 ], [ -58.383598391240191, -34.573333329019412 ], [ -58.383593721462525, -34.573386021539129 ], [ -58.383593717071399, -34.573386055785626 ], [ -58.38359259410273, -34.573391164332392 ], [ -58.383591504004876, -34.573396085407353 ], [ -58.383591504004777, -34.573396085407857 ], [ -58.383590551669933, -34.573400531521173 ], [ -58.383589934320824, -34.573403385934533 ], [ -58.383589934320469, -34.573403385936281 ], [ -58.383589927749696, -34.573403420183595 ], [ -58.383589911344622, -34.573403482368768 ], [ -58.383589911343684, -34.573403482372797 ], [ -58.383588665443156, -34.573409510297267 ], [ -58.383588665443092, -34.573409510297566 ], [ -58.383588657779896, -34.573409548146138 ], [ -58.383585682993584, -34.573417277711741 ], [ -58.383577427104086, -34.573425147158964 ], [ -58.383570517900168, -34.573429847184464 ], [ -58.383567257404096, -34.573432065263034 ], [ -58.3835578265317, -34.573436723979192 ], [ -58.383557461289939, -34.573436904025812 ], [ -58.383557461289421, -34.573436904026067 ], [ -58.38355741440737, -34.57343692743251 ], [ -58.383557414401622, -34.573436927435587 ], [ -58.383548118012833, -34.573442255100431 ], [ -58.382527112649697, -34.574022122880947 ], [ -58.382129731520926, -34.574247806216079 ], [ -58.381895994359311, -34.57438055049932 ], [ -58.381895994344816, -34.574380550509169 ], [ -58.381895891825977, -34.574380633371476 ], [ -58.381895807850007, -34.574380699119068 ], [ -58.38189580784853, -34.574380699120255 ], [ -58.381885823062255, -34.57438881611175 ], [ -58.38188578599182, -34.574388845825375 ], [ -58.38187314776475, -34.574394576768604 ], [ -58.381873147756238, -34.574394576772903 ], [ -58.381865794327425, -34.574398676059737 ], [ -58.381865740899578, -34.57439870577111 ], [ -58.381865530459159, -34.574398822816129 ], [ -58.381865530459066, -34.574398822816185 ], [ -58.38186160077948, -34.57440101336384 ], [ -58.381861600778691, -34.574401013364273 ], [ -58.381856191415707, -34.574404086322005 ], [ -58.381849488866827, -34.574407894879684 ], [ -58.381846947414139, -34.574409119121448 ], [ -58.381844870421858, -34.574410117416789 ], [ -58.381844870421695, -34.574410117416861 ], [ -58.381840779679159, -34.574412091507618 ], [ -58.381834638679443, -34.574413354810602 ], [ -58.381827388296003, -34.574414600248296 ], [ -58.381822465251915, -34.574415154043059 ], [ -58.381816816354572, -34.574415786677058 ], [ -58.381798844193874, -34.574413174066805 ], [ -58.381798844192843, -34.574413174066656 ], [ -58.381786264441324, -34.574411447548535 ], [ -58.381772016472418, -34.574409490051281 ], [ -58.381772016465007, -34.574409490050485 ], [ -58.380164616876399, -34.574281301180072 ], [ -58.379279920588786, -34.57421073574551 ], [ -58.379264006850732, -34.574209466399793 ], [ -58.379249065111068, -34.574208274342489 ], [ -58.376118713619782, -34.5739585416907 ], [ -58.376118680929828, -34.57395853896309 ], [ -58.376118680929267, -34.573958538963048 ], [ -58.37551961029213, -34.573911126392169 ], [ -58.37551961027043, -34.573911126392254 ], [ -58.375519610249185, -34.573911126395892 ], [ -58.375443919468275, -34.573930735647039 ], [ -58.375443919452941, -34.573930735652084 ], [ -58.375443919438709, -34.573930735658998 ], [ -58.374112816800611, -34.574694944831649 ], [ -58.373300541378129, -34.575161273684316 ], [ -58.372334808843071, -34.575710870108693 ], [ -58.37231610079877, -34.575721516425574 ], [ -58.37176924278883, -34.576032726824401 ], [ -58.370766438548536, -34.576603399734211 ], [ -58.370766438547534, -34.576603399734786 ], [ -58.370766401471961, -34.576603421339954 ], [ -58.370766250991181, -34.576603502353272 ], [ -58.370761605659126, -34.576606006597459 ], [ -58.370761605646365, -34.576606006605502 ], [ -58.370754991716325, -34.576610852161963 ], [ -58.370754991707166, -34.576610852169516 ], [ -58.370753753506008, -34.576612003252578 ], [ -58.370750932370711, -34.576614626064789 ], [ -58.370750932360139, -34.57661462607637 ], [ -58.370750932351953, -34.57661462608921 ], [ -58.370747936613199, -34.576620410969554 ], [ -58.370747892929366, -34.57662049386731 ], [ -58.370747892925422, -34.576620493875993 ], [ -58.37074784264982, -34.576620624544255 ], [ -58.370747069991523, -34.576622580952673 ], [ -58.37074705032127, -34.576622629614434 ], [ -58.370747050321043, -34.576622629615002 ], [ -58.370745385885797, -34.576626839813109 ], [ -58.370745385880674, -34.576626839834738 ], [ -58.37074481510119, -34.576633472991702 ], [ -58.370701397337264, -34.577020733033315 ], [ -58.370701397336802, -34.577020733041564 ], [ -58.370701397293828, -34.577020771802808 ], [ -58.370701397215868, -34.577020842113484 ], [ -58.370701293123794, -34.577029209967094 ], [ -58.370701293126544, -34.577029209988126 ], [ -58.370703213303202, -34.577036147914114 ], [ -58.370703213304246, -34.577036147917561 ], [ -58.370705399683011, -34.577042825533447 ], [ -58.370705399683622, -34.577042825535237 ], [ -58.370705410547714, -34.577042856191973 ], [ -58.37070541056088, -34.577042856215698 ], [ -58.370709073679443, -34.577047522969757 ], [ -58.370709098707891, -34.577047555438568 ], [ -58.370714326092497, -34.577054817680811 ], [ -58.370714326101798, -34.577054817691796 ], [ -58.370714326112967, -34.577054817701502 ], [ -58.370715839688557, -34.577055951941425 ], [ -58.370719191333542, -34.577058463150891 ], [ -58.370722859849486, -34.577061211675215 ], [ -58.370722927360248, -34.577061263107417 ], [ -58.370722927386566, -34.577061263122246 ], [ -58.370725973137347, -34.577062483258146 ], [ -58.370732216059523, -34.577064980434407 ], [ -58.370732216072533, -34.57706498043877 ], [ -58.370741544162385, -34.577067549364031 ], [ -58.370741544192917, -34.577067549368593 ], [ -58.370749878766006, -34.577067795467542 ], [ -58.370758434631959, -34.577068969299802 ], [ -58.370758434640329, -34.577068969300669 ], [ -58.370766861453703, -34.577069576940239 ], [ -58.37077477936667, -34.577070148136364 ], [ -58.37601044668358, -34.577484303856664 ], [ -58.376014784727083, -34.577484784714258 ], [ -58.376015062597311, -34.577484815561434 ], [ -58.376015062597489, -34.577484815561448 ], [ -58.376016089084253, -34.577484928072259 ], [ -58.376021785967858, -34.57748555863634 ], [ -58.376046345119349, -34.577489500995355 ], [ -58.376047823607394, -34.57749089292863 ], [ -58.376048074017554, -34.577491129281064 ], [ -58.376048074017653, -34.577491129281157 ], [ -58.376048675003858, -34.577491694904538 ], [ -58.376066649065834, -34.577508613085271 ], [ -58.376072750353593, -34.577514355891097 ], [ -58.376065526778561, -34.577578272573113 ], [ -58.376058820170925, -34.577637623942294 ], [ -58.376057614584397, -34.57764829505615 ], [ -58.376052700883129, -34.57768766580741 ], [ -58.376051551304542, -34.577696883859794 ], [ -58.376051493287179, -34.57769713080495 ], [ -58.376051493287072, -34.577697130805376 ], [ -58.376049786471683, -34.577704587979483 ], [ -58.376048786911163, -34.577708951959323 ], [ -58.376045395236517, -34.57771641872872 ], [ -58.376043062243795, -34.57771926285217 ], [ -58.376040988958415, -34.577721789859872 ], [ -58.37603264518561, -34.5777281885129 ], [ -58.376021229220235, -34.577735618910779 ], [ -58.376021229219624, -34.57773561891117 ], [ -58.376021196505619, -34.577735640519926 ], [ -58.375407810989209, -34.578083060432476 ], [ -58.375294626498075, -34.578147166673574 ], [ -58.375288251590959, -34.578150777694148 ], [ -58.374326767373482, -34.578695334756887 ], [ -58.374326767362938, -34.578695334763687 ], [ -58.374326635392109, -34.578695431119108 ], [ -58.374326511061632, -34.578695516663025 ], [ -58.374326511060318, -34.578695516663934 ], [ -58.37431904007412, -34.578700823316645 ], [ -58.374319011726961, -34.578700843120671 ], [ -58.37431423281101, -34.578702911107364 ], [ -58.374309631609904, -34.578704900803984 ], [ -58.374309095171789, -34.578705132978236 ], [ -58.374308810635242, -34.578705223812904 ], [ -58.374297257799668, -34.578708906721182 ], [ -58.374288891576377, -34.578709573081959 ], [ -58.37427833971077, -34.578709704205785 ], [ -58.374278044374059, -34.578709706694596 ], [ -58.37426948066269, -34.578708534005237 ], [ -58.374269480648842, -34.578708534004093 ], [ -58.374254653989809, -34.578708090504058 ], [ -58.374254653989674, -34.578708090504058 ], [ -58.374253660098709, -34.578708061834874 ], [ -58.374233717831679, -34.578706550918447 ], [ -58.368014862576587, -34.578215714010518 ], [ -58.368014862575912, -34.578215714010462 ], [ -58.368014825525073, -34.578215711277267 ], [ -58.36801482552395, -34.578215711277188 ], [ -58.367982400253688, -34.578213598258841 ], [ -58.367974407661336, -34.57821249858862 ], [ -58.367967480745889, -34.578211543977673 ], [ -58.367967480729362, -34.578211543976465 ], [ -58.367962010973045, -34.578211486520075 ], [ -58.367955538593769, -34.578211416561714 ], [ -58.367955538577945, -34.578211416562489 ], [ -58.367944087454639, -34.578212679527944 ], [ -58.367944087427453, -34.578212679533983 ], [ -58.367934207597976, -34.578216053061318 ], [ -58.367934207581122, -34.578216053068559 ], [ -58.367931164058056, -34.578217652523293 ], [ -58.36792595375892, -34.578220388784452 ], [ -58.367918737190813, -34.578223995155888 ], [ -58.367918737190685, -34.578223995155952 ], [ -58.367915151798876, -34.578225792500398 ], [ -58.3679151517916, -34.578225792504384 ], [ -58.367900876272842, -34.578234311534992 ], [ -58.367900841374926, -34.578234332240456 ], [ -58.367900841374329, -34.578234332240811 ], [ -58.367883480540598, -34.578244779709522 ], [ -58.367883452190028, -34.578244795010342 ], [ -58.367883452187584, -34.578244795011692 ], [ -58.365434794902988, -34.579645594580519 ], [ -58.365339267069587, -34.579700348027011 ], [ -58.365321035532133, -34.579710193179501 ], [ -58.365321035518825, -34.579710193187971 ], [ -58.365308925512693, -34.579719203125102 ], [ -58.365308925498198, -34.579719203138247 ], [ -58.365298717815982, -34.579730529461138 ], [ -58.365298717804265, -34.579730529477494 ], [ -58.365298717796946, -34.579730529495528 ], [ -58.36529541526518, -34.579742862845578 ], [ -58.36529541526312, -34.579742862856357 ], [ -58.36524838571453, -34.580143415658611 ], [ -58.365248385714438, -34.580143415659307 ], [ -58.365248382408915, -34.580143446305101 ], [ -58.365248382408936, -34.580143446321259 ], [ -58.365249087627994, -34.580149868639424 ], [ -58.365249087632847, -34.580149868659056 ], [ -58.365249101758415, -34.580149904727044 ], [ -58.365251454017319, -34.580156089490316 ], [ -58.365251454023642, -34.580156089503312 ], [ -58.365251454032318, -34.580156089515334 ], [ -58.365254708212412, -34.580159893438655 ], [ -58.365256609563559, -34.58016211968279 ], [ -58.365256609583589, -34.58016211970056 ], [ -58.365257805287726, -34.580162928337842 ], [ -58.365260452607075, -34.580164718891531 ], [ -58.365263180509551, -34.580166565398194 ], [ -58.365263180526902, -34.580166565407808 ], [ -58.365266532238287, -34.580168058155429 ], [ -58.365270606141948, -34.580169872390364 ], [ -58.365270606166796, -34.580169872398379 ], [ -58.365274692091852, -34.580170730230883 ], [ -58.365274794511961, -34.580170751947307 ], [ -58.36527479451221, -34.580170751947357 ], [ -58.365281068314879, -34.580172068559271 ], [ -58.365281068317948, -34.580172068559875 ], [ -58.365281107544007, -34.580172075802771 ], [ -58.365281107555404, -34.580172075804349 ], [ -58.365290141400521, -34.580172927694178 ], [ -58.36529522934034, -34.580173407732154 ], [ -58.365295229346188, -34.580173407732566 ], [ -58.365306690619725, -34.580173974015729 ], [ -58.365307975475183, -34.580174037245513 ], [ -58.370568536945761, -34.580587866700149 ], [ -58.370568536947069, -34.580587866700249 ], [ -58.370577861028238, -34.580588506584384 ], [ -58.370577861028565, -34.580588506584405 ], [ -58.370577902439834, -34.580588509320137 ], [ -58.370585160312963, -34.580589006110038 ], [ -58.370595680319902, -34.580590290516419 ], [ -58.370604493522933, -34.580593614443927 ], [ -58.370609693668108, -34.580597122222301 ], [ -58.370614341011382, -34.58060085313334 ], [ -58.370614424798937, -34.580600964964226 ], [ -58.370618664559899, -34.580606642641868 ], [ -58.370621009954448, -34.580614466968647 ], [ -58.37062160481684, -34.580619554154886 ], [ -58.370621604816868, -34.580619554155085 ], [ -58.370621613455647, -34.580619626275514 ], [ -58.370622166221814, -34.580624346556313 ], [ -58.370622166222148, -34.580624346558722 ], [ -58.370622199758131, -34.58062457012862 ], [ -58.370622109304364, -34.580625548998427 ], [ -58.370622109304342, -34.580625548998732 ], [ -58.370621125858868, -34.580636706990823 ], [ -58.370621121455542, -34.580636746649049 ], [ -58.37060252173179, -34.580792087706264 ], [ -58.370602517334277, -34.580792124636517 ], [ -58.370565039867721, -34.580833860065724 ], [ -58.370563654046805, -34.580835402240282 ], [ -58.369751062954869, -34.58129940985441 ], [ -58.369709254101565, -34.5813232835891 ], [ -58.369635800370354, -34.581365226428176 ], [ -58.369444880742329, -34.581474242311629 ], [ -58.369129041337757, -34.581654588672095 ], [ -58.369108851603976, -34.581666118541413 ], [ -58.369032954390761, -34.581709454534632 ], [ -58.369032954390036, -34.581709454535037 ], [ -58.369032924946559, -34.581709471638035 ], [ -58.369022702519921, -34.581714784851513 ], [ -58.369014427739963, -34.581719084565641 ], [ -58.369014427735678, -34.581719084567986 ], [ -58.369002362676582, -34.581726029736942 ], [ -58.368994001105307, -34.581729978726358 ], [ -58.368993743759006, -34.581730100219836 ], [ -58.368993393731863, -34.581730265807842 ], [ -58.368993260730697, -34.581730306266572 ], [ -58.368993260730115, -34.581730306266749 ], [ -58.368985578837432, -34.581732684596012 ], [ -58.368985187532353, -34.581732732067721 ], [ -58.368975289095218, -34.581733924213424 ], [ -58.368965610392387, -34.581733557966302 ], [ -58.368956889631498, -34.581733229416969 ], [ -58.368956716352145, -34.581733222973135 ], [ -58.368949373456211, -34.581732657512354 ], [ -58.368949105372181, -34.581732636572383 ], [ -58.368949105372032, -34.581732636572369 ], [ -58.368935103951301, -34.58173156026367 ], [ -58.368903804626555, -34.581729081480532 ], [ -58.368890592399453, -34.581727893099043 ], [ -58.368876934463913, -34.581726662004364 ], [ -58.368876934462605, -34.581726662004257 ], [ -58.365211767434324, -34.581433447770884 ], [ -58.365211767434211, -34.58143344777087 ], [ -58.363391559998831, -34.581289372265296 ], [ -58.36267509018051, -34.581232653755961 ], [ -58.362675055311577, -34.581232650121763 ], [ -58.362665383030574, -34.581231540606034 ], [ -58.362665383021003, -34.581231540605295 ], [ -58.362654293129928, -34.581231085255567 ], [ -58.362654293117295, -34.581231085255659 ], [ -58.362651321955369, -34.581231248667727 ], [ -58.362645151836624, -34.581231587022252 ], [ -58.362645116959158, -34.581231588796328 ], [ -58.362645116959158, -34.581231588796328 ], [ -58.362645116947107, -34.581231588797507 ], [ -58.362640883184532, -34.581232200077558 ], [ -58.362640883183296, -34.581232200077736 ], [ -58.362640848301808, -34.581232205457418 ], [ -58.362638146077906, -34.581232595346407 ], [ -58.361625028096839, -34.581152385118763 ], [ -58.361625028075466, -34.58115238511882 ], [ -58.361625028054497, -34.581152385122323 ], [ -58.361625028034766, -34.581152385129144 ], [ -58.361625028017031, -34.581152385139013 ], [ -58.361625028001967, -34.581152385151562 ], [ -58.361625027990151, -34.581152385166305 ], [ -58.361625027982043, -34.581152385182669 ], [ -58.361625027977951, -34.581152385200021 ], [ -58.361545294343081, -34.581851197868659 ], [ -58.361417757179019, -34.582968936419427 ], [ -58.361417757179105, -34.582968936437098 ], [ -58.361417757183347, -34.5829689364544 ], [ -58.361417757191589, -34.582968936470685 ], [ -58.361417757203512, -34.582968936485337 ], [ -58.361417757218661, -34.582968936497778 ], [ -58.361417757236445, -34.582968936507541 ], [ -58.361417757256191, -34.582968936514241 ], [ -58.361417757277145, -34.582968936517638 ], [ -58.361419632788142, -34.582969085015471 ], [ -58.362542845131721, -34.583057873894212 ], [ -58.362568610853934, -34.583059911649123 ], [ -58.364548915876995, -34.583216428999911 ], [ -58.365209283311238, -34.583268614956289 ], [ -58.3652092833183, -34.583268614956658 ], [ -58.365209320369893, -34.583268615887775 ], [ -58.365462157661355, -34.583288670904921 ], [ -58.365607368665657, -34.583300187540743 ], [ -58.366098014483789, -34.583339099863998 ], [ -58.366098058074272, -34.583339103504358 ], [ -58.366098656358382, -34.583339158967632 ], [ -58.366098730462042, -34.583339166238005 ], [ -58.366098730462788, -34.583339166238076 ], [ -58.366109646708445, -34.583340173709026 ], [ -58.366115571856689, -34.583341603577246 ], [ -58.366120691801036, -34.583342839899061 ], [ -58.366130871831537, -34.583347104519142 ], [ -58.366132181492581, -34.58334836123273 ], [ -58.366137411479755, -34.583353381822086 ], [ -58.366145011624475, -34.58336150337886 ], [ -58.366145081045019, -34.583361784657974 ], [ -58.36614619289989, -34.583366324215419 ], [ -58.366147321021529, -34.58337093228603 ], [ -58.366147466307204, -34.583378141085277 ], [ -58.366147596167814, -34.58338455662696 ], [ -58.366147603369051, -34.583384924413672 ], [ -58.366148933865986, -34.583474125033568 ], [ -58.366149990359169, -34.583544974230954 ], [ -58.366149244575965, -34.583554595438891 ], [ -58.366149241256977, -34.58355463780309 ], [ -58.366148511321065, -34.583563753318074 ], [ -58.366145863931848, -34.583571287094976 ], [ -58.366137349265159, -34.583581029203707 ], [ -58.366119015196212, -34.583595918753396 ], [ -58.366118977014558, -34.583595949371215 ], [ -58.366118977014111, -34.583595949371571 ], [ -58.366100260042664, -34.58361112797629 ], [ -58.366091184648653, -34.583618488090508 ], [ -58.366077851373461, -34.583629304479075 ], [ -58.365554949612637, -34.584042766837349 ], [ -58.365489665210688, -34.584094386886107 ], [ -58.365208429940196, -34.584316758011084 ], [ -58.365200268942793, -34.584323085760353 ], [ -58.365192250851258, -34.584329302749019 ], [ -58.365000619191107, -34.584477895289822 ], [ -58.364992616900082, -34.584483628211885 ], [ -58.364992616899016, -34.584483628212659 ], [ -58.364980316480555, -34.584492674011258 ], [ -58.36497520526914, -34.584496001556232 ], [ -58.364972901629834, -34.584497502369608 ], [ -58.364965148439602, -34.584500876460204 ], [ -58.364964990332055, -34.584500943936156 ], [ -58.364964714506527, -34.584501018529892 ], [ -58.364964714506044, -34.584501018530027 ], [ -58.364964675257042, -34.58450102931539 ], [ -58.36496303661022, -34.584501470594347 ], [ -58.364955728672705, -34.584503433414227 ], [ -58.36494652312679, -34.58450454826739 ], [ -58.364943978186908, -34.584504564244867 ], [ -58.364943516063228, -34.584504567478142 ], [ -58.364939858322735, -34.58450459247441 ], [ -58.364939260086395, -34.584504498245785 ], [ -58.36493598444109, -34.584503980892471 ], [ -58.364931036103066, -34.58450319897505 ], [ -58.364931036094681, -34.584503198974005 ], [ -58.364923890362576, -34.584502540583117 ], [ -58.364923852220414, -34.584502536946708 ], [ -58.364923852218375, -34.58450253694653 ], [ -58.364914997569706, -34.584501832106398 ], [ -58.364914997569308, -34.584501832106369 ], [ -58.360530402648635, -34.584165706792653 ], [ -58.360530402647264, -34.584165706792554 ], [ -58.360530361235654, -34.584165704053504 ], [ -58.360428352880199, -34.584157014019105 ], [ -58.360245704752927, -34.584141451883937 ], [ -58.359955582073255, -34.584116733794097 ], [ -58.359955582061616, -34.584116733793628 ], [ -58.359954966265633, -34.584116735976465 ], [ -58.359944206773832, -34.584116734978011 ], [ -58.359944206764375, -34.584116734978345 ], [ -58.359935470437975, -34.584117363083791 ], [ -58.359935005011316, -34.584117395140829 ], [ -58.359934201687778, -34.584117449447355 ], [ -58.359934201656813, -34.584117449453302 ], [ -58.359934165675639, -34.584117461141339 ], [ -58.359934165671632, -34.584117461142711 ], [ -58.359933972673296, -34.584117531290069 ], [ -58.359933931240114, -34.584117545677458 ], [ -58.359933931239183, -34.584117545677799 ], [ -58.359926907004116, -34.58412004839245 ], [ -58.359926906990076, -34.584120048398475 ], [ -58.359925094432825, -34.584120971724623 ], [ -58.359920422352111, -34.584123352936068 ], [ -58.359920422332728, -34.584123352948644 ], [ -58.359912914050263, -34.584129481682595 ], [ -58.359912750400255, -34.584129614954691 ], [ -58.359912750382058, -34.584129614974245 ], [ -58.359908699581219, -34.584135486125142 ], [ -58.359908699574532, -34.584135486136674 ], [ -58.35990544542053, -34.584142293640802 ], [ -58.359905445417041, -34.584142293649322 ], [ -58.359902710802004, -34.584150258120921 ], [ -58.359902710799958, -34.584150258127941 ], [ -58.359901448743848, -34.584155498841262 ], [ -58.359901448741866, -34.584155498854685 ], [ -58.359900894872681, -34.584165340134419 ], [ -58.359715120398171, -34.585872793750937 ], [ -58.359715120398107, -34.585872793751641 ], [ -58.359715117086942, -34.585872827101518 ], [ -58.359715117086637, -34.585872827105803 ], [ -58.35971477444177, -34.585881062223194 ], [ -58.359713855253268, -34.58589015500678 ], [ -58.359713850842162, -34.58589019646832 ], [ -58.359713850841992, -34.58589019648231 ], [ -58.359714558386266, -34.585898831824025 ], [ -58.359714584145081, -34.585899153654239 ], [ -58.35971458414852, -34.585899153671505 ], [ -58.359717786003223, -34.58590909008241 ], [ -58.359717786014727, -34.585909090105069 ], [ -58.359723302353714, -34.585916805568402 ], [ -58.359723302356244, -34.585916805571784 ], [ -58.359723339355433, -34.585916852477226 ], [ -58.359723339355774, -34.585916852477666 ], [ -58.359729103727801, -34.585924068762303 ], [ -58.359729103745515, -34.585924068779384 ], [ -58.359730561796283, -34.585925162542686 ], [ -58.35973798380725, -34.585930731528947 ], [ -58.359737983817048, -34.585930731535484 ], [ -58.359747738012999, -34.585936504419124 ], [ -58.359747738033072, -34.585936504428517 ], [ -58.359747778342317, -34.585936518885532 ], [ -58.359756759682163, -34.585939737378297 ], [ -58.359756759711281, -34.585939737384955 ], [ -58.359768092300406, -34.585940970231576 ], [ -58.359768092302033, -34.585940970231746 ], [ -58.359784951414618, -34.585942590870204 ], [ -58.359784951415371, -34.585942590870275 ], [ -58.359784991738046, -34.585942594510179 ], [ -58.35978499173833, -34.585942594510207 ], [ -58.359799102531248, -34.585943837823159 ], [ -58.359799102531419, -34.58594383782318 ], [ -58.359799322672274, -34.585943856939764 ], [ -58.359807897258044, -34.585944611491826 ], [ -58.359807897259877, -34.585944611491968 ], [ -58.359815353836517, -34.585945162275003 ], [ -58.359823422892831, -34.585945759549539 ], [ -58.359835546102403, -34.585946650519091 ], [ -58.359843039736553, -34.585947201331834 ], [ -58.360267158234436, -34.585980149306927 ], [ -58.363620264529438, -34.586240585380992 ], [ -58.363631878669999, -34.586241599953446 ], [ -58.363641508928062, -34.586243702724289 ], [ -58.363648638690968, -34.586245967508063 ], [ -58.363652953537226, -34.586248835740683 ], [ -58.36365297203109, -34.586248856477212 ], [ -58.363653435643236, -34.58624943917367 ], [ -58.363656121549717, -34.586252817195387 ], [ -58.363659183673391, -34.58625786135557 ], [ -58.363659183673469, -34.586257861355698 ], [ -58.363659234799144, -34.586257945228517 ], [ -58.363659248934326, -34.586257970473248 ], [ -58.363659260883722, -34.586258002027236 ], [ -58.363659260885811, -34.58625800203221 ], [ -58.363661763374161, -34.58626346940877 ], [ -58.363661781847014, -34.58626351177854 ], [ -58.363662550997205, -34.586272012815229 ], [ -58.363661292956664, -34.586282279000322 ], [ -58.363661292956444, -34.586282279002226 ], [ -58.363661289645847, -34.586282313253022 ], [ -58.363597643814423, -34.586844006187455 ], [ -58.363527535361563, -34.587462716924577 ], [ -58.363527529876947, -34.587462746663562 ], [ -58.36352750904971, -34.587462845802236 ], [ -58.363527509049604, -34.587462845802754 ], [ -58.363527503567568, -34.587462872841023 ], [ -58.363527503567362, -34.587462872842075 ], [ -58.363527487113778, -34.58746296026623 ], [ -58.363525792006755, -34.587471371869078 ], [ -58.363525792006321, -34.587471371871452 ], [ -58.363524334210091, -34.587480034245431 ], [ -58.363524264356307, -34.587480126117107 ], [ -58.363524264356101, -34.58748012611737 ], [ -58.36351877542193, -34.587487401527831 ], [ -58.363518747048758, -34.587487436651038 ], [ -58.363511291250099, -34.587493413285934 ], [ -58.363506011709823, -34.587495128879034 ], [ -58.363502951054052, -34.587496117942507 ], [ -58.363502951050364, -34.587496117943765 ], [ -58.363502900893742, -34.587496135930436 ], [ -58.363502855118043, -34.587496150309725 ], [ -58.3635022632754, -34.587496167853679 ], [ -58.363501928651061, -34.587496177495709 ], [ -58.36350192865077, -34.587496177495716 ], [ -58.363496553936336, -34.587496344371019 ], [ -58.363495118426883, -34.587496389169665 ], [ -58.363495077011876, -34.587496390037131 ], [ -58.363481495682279, -34.587496008444639 ], [ -58.363480583531704, -34.587495902232618 ], [ -58.363466021731789, -34.587494201053083 ], [ -58.363466021725131, -34.587494201052479 ], [ -58.363463942274294, -34.587494065039245 ], [ -58.363447479957877, -34.587492986989524 ], [ -58.363341004789127, -34.587484472414623 ], [ -58.359657552658071, -34.58718985504219 ], [ -58.359657196289398, -34.587189822288416 ], [ -58.359647093763911, -34.587188840170754 ], [ -58.359637651662972, -34.587187921712875 ], [ -58.359637651662972, -34.587187921712875 ], [ -58.359637651652108, -34.587187921712271 ], [ -58.359626872334594, -34.587187768327965 ], [ -58.359622009107419, -34.587187699294091 ], [ -58.359621726817643, -34.587187695448577 ], [ -58.35962101509994, -34.587187684928274 ], [ -58.359621015083043, -34.587187684929098 ], [ -58.359620968208944, -34.587187690297846 ], [ -58.359620968207402, -34.587187690298023 ], [ -58.359620508180384, -34.587187748499744 ], [ -58.359620380637445, -34.587187764617049 ], [ -58.359607623077146, -34.587189367327007 ], [ -58.359607623051915, -34.587189367332812 ], [ -58.359598707918828, -34.587192411979053 ], [ -58.359598707918671, -34.58719241197911 ], [ -58.359598325186575, -34.587192543261786 ], [ -58.359598325181828, -34.587192543263527 ], [ -58.359598083097779, -34.587192637707325 ], [ -58.359598083097126, -34.587192637707581 ], [ -58.359597967506723, -34.587192683581861 ], [ -58.359590149918297, -34.587195748089876 ], [ -58.359590149896711, -34.587195748101053 ], [ -58.359581884596125, -34.587201239762734 ], [ -58.359581884588316, -34.587201239768447 ], [ -58.359581837673865, -34.587201277588392 ], [ -58.359581837672629, -34.587201277589401 ], [ -58.359574692265099, -34.587207223618478 ], [ -58.359574692256523, -34.587207223626528 ], [ -58.359572574987553, -34.587209464569625 ], [ -58.359570056090952, -34.587212131544845 ], [ -58.359570056078027, -34.58721213156231 ], [ -58.359568033037633, -34.58721572922834 ], [ -58.35956676044551, -34.587217991622047 ], [ -58.359566760442455, -34.587217991628023 ], [ -58.359562203074972, -34.587227901614106 ], [ -58.359562203074148, -34.587227901615975 ], [ -58.359562184491416, -34.587227944868523 ], [ -58.359562184486023, -34.587227944887196 ], [ -58.359560304580768, -34.587240028676611 ], [ -58.359558098440587, -34.587249756768088 ], [ -58.359558098440438, -34.587249756768728 ], [ -58.359557937299527, -34.587250496700747 ], [ -58.359557937298014, -34.587250496711185 ], [ -58.359557935081284, -34.587250526454774 ], [ -58.35946195561052, -34.588084955048046 ], [ -58.359461950125436, -34.588084983886183 ], [ -58.359461950124164, -34.588084983903052 ], [ -58.359461950126722, -34.588084983919821 ], [ -58.359461950133031, -34.588084983935907 ], [ -58.359461950142837, -34.588084983950722 ], [ -58.35946195015584, -34.588084983963768 ], [ -58.359461950171543, -34.588084983974582 ], [ -58.359461950189413, -34.588084983982768 ], [ -58.359461950208832, -34.588084983988075 ], [ -58.35946302355908, -34.588085186820251 ], [ -58.359463023559258, -34.58808518682028 ], [ -58.3594638059622, -34.588085333516602 ], [ -58.359463936725788, -34.588085357966285 ], [ -58.35946513865634, -34.588085587950538 ], [ -58.359465138656695, -34.588085587950609 ], [ -58.359468334736476, -34.588086190116641 ], [ -58.359468334736995, -34.588086190116734 ], [ -58.359470198127781, -34.588086533341716 ], [ -58.359471548268317, -34.588086782381893 ], [ -58.359471548268509, -34.588086782381914 ], [ -58.359472815594188, -34.588087014224605 ], [ -58.359474761805572, -34.588087370139903 ], [ -58.359474761805835, -34.588087370139952 ], [ -58.359477984069194, -34.588087952496686 ], [ -58.359477984069372, -34.588087952496721 ], [ -58.3594812215944, -34.588088533063548 ], [ -58.359481221594528, -34.588088533063576 ], [ -58.359484453675421, -34.588089109118542 ], [ -58.359484453675812, -34.588089109118613 ], [ -58.359487698846245, -34.588089677071828 ], [ -58.359490947281984, -34.588090248633399 ], [ -58.359490947282289, -34.588090248633463 ], [ -58.359492905502755, -34.588090588332918 ], [ -58.359492944731322, -34.588090595577555 ], [ -58.359492944732636, -34.588090595577782 ], [ -58.359494204444459, -34.588090814793809 ], [ -58.359494204444623, -34.588090814793837 ], [ -58.359497461611376, -34.588091377348469 ], [ -58.359497461611817, -34.588091377348547 ], [ -58.359500725331642, -34.588091929091526 ], [ -58.359502032994413, -34.588092153756797 ], [ -58.359503994490062, -34.588092489853302 ], [ -58.359507262560953, -34.588093048811245 ], [ -58.359507262561209, -34.588093048811288 ], [ -58.359510538268545, -34.58809360236706 ], [ -58.35951231669614, -34.588093903152206 ], [ -58.359513805257365, -34.588094155013934 ], [ -58.359517082055902, -34.588094707669086 ], [ -58.359517082056115, -34.588094707669107 ], [ -58.359520361041106, -34.588095254917413 ], [ -58.359523637836126, -34.588095810276613 ], [ -58.359523637836482, -34.58809581027667 ], [ -58.359526916822801, -34.588096356623417 ], [ -58.359526960411785, -34.588096363871891 ], [ -58.359530194711148, -34.588096909279081 ], [ -58.359533433369414, -34.588097455591374 ], [ -58.359533433369705, -34.588097455591416 ], [ -58.35953347151009, -34.588097461933828 ], [ -58.359536749404093, -34.588098010082184 ], [ -58.359540016386326, -34.588098568136814 ], [ -58.359540016386532, -34.58809856813685 ], [ -58.3595432833757, -34.588099120782921 ], [ -58.359546550359319, -34.588099677936036 ], [ -58.359548187119209, -34.588099957867435 ], [ -58.359548500957658, -34.588100012219648 ], [ -58.359548611019221, -34.588100031243115 ], [ -58.359548611019584, -34.588100031243172 ], [ -58.359548706915064, -34.588100047550306 ], [ -58.359549817340643, -34.588100236891862 ], [ -58.359553073415789, -34.588100801246874 ], [ -58.359554716708814, -34.588101086592324 ], [ -58.359554716709091, -34.588101086592381 ], [ -58.359556334943129, -34.588101363803631 ], [ -58.359559586651642, -34.588101933563294 ], [ -58.359561621146312, -34.588102292256451 ], [ -58.359562830725075, -34.588102507823486 ], [ -58.359562830725245, -34.588102507823514 ], [ -58.359566066081399, -34.588103080273363 ], [ -58.359569290530217, -34.588103659023844 ], [ -58.359572517152358, -34.588104243184645 ], [ -58.359575740501747, -34.588104829145273 ], [ -58.359575773191693, -34.588104835482895 ], [ -58.359575773192482, -34.588104835483044 ], [ -58.359578281678189, -34.588105305453929 ], [ -58.359578938765083, -34.588105429507436 ], [ -58.359578938765566, -34.5881054295075 ], [ -58.359582146847274, -34.588106022666516 ], [ -58.359584547445614, -34.588106478122768 ], [ -58.359584547445778, -34.588106478122796 ], [ -58.359585297156826, -34.588106619381918 ], [ -58.359585338564393, -34.588106627529832 ], [ -58.359585338564969, -34.588106627529946 ], [ -58.359588521555636, -34.588107238695947 ], [ -58.359591690366756, -34.588107857962584 ], [ -58.359594852633833, -34.588108480829291 ], [ -58.359597999637998, -34.588109106387186 ], [ -58.35960113789465, -34.588109754473109 ], [ -58.359601137894877, -34.588109754473166 ], [ -58.359604269621059, -34.58811039534217 ], [ -58.359607377359879, -34.588111042500529 ], [ -58.359607414407449, -34.588111050644649 ], [ -58.359607414408217, -34.588111050644812 ], [ -58.359610483989321, -34.588111705883648 ], [ -58.359611779591546, -34.588111988228569 ], [ -58.359613569898343, -34.588112378263247 ], [ -58.359615305715479, -34.58811276194163 ], [ -58.359615305715614, -34.588112761941666 ], [ -58.35961663509395, -34.588113054230867 ], [ -58.359619698092416, -34.588113743717841 ], [ -58.35961973296029, -34.588113751860163 ], [ -58.359619732960802, -34.588113751860291 ], [ -58.359622741462324, -34.588114441300995 ], [ -58.359624341047876, -34.588114814947815 ], [ -58.359625764111684, -34.588115147880593 ], [ -58.359628775846012, -34.58811586707084 ], [ -58.35963176577458, -34.58811659165098 ], [ -58.359634745877884, -34.588117328842628 ], [ -58.359636590584763, -34.588117797346953 ], [ -58.359637703073197, -34.588118081338912 ], [ -58.359639207815199, -34.588118469327767 ], [ -58.359640650446735, -34.588118843742485 ], [ -58.359641825029868, -34.588119153928446 ], [ -58.35964182503001, -34.588119153928488 ], [ -58.359643566182967, -34.588119611521854 ], [ -58.35964486418159, -34.588120583444528 ], [ -58.359645447817648, -34.588121022006867 ], [ -58.359645455268485, -34.588121164400526 ], [ -58.359645573330901, -34.588123517204252 ], [ -58.359644675688521, -34.58812664617092 ], [ -58.359643521664573, -34.588129967836679 ], [ -58.359643521662079, -34.588129967845482 ], [ -58.359643165411896, -34.588131591007048 ], [ -58.359643165411867, -34.588131591007212 ], [ -58.359643159930805, -34.588131616242322 ], [ -58.35964284753166, -34.58813303571926 ], [ -58.359642847529905, -34.588133035735311 ], [ -58.359642844169485, -34.588135741806568 ], [ -58.359642844169507, -34.588135741808578 ], [ -58.359642913842535, -34.588138442533293 ], [ -58.359642913842599, -34.588138442535183 ], [ -58.359642915971015, -34.5881384840023 ], [ -58.359642950993511, -34.588139245734915 ], [ -58.359642950993525, -34.588139245735121 ], [ -58.359642963747206, -34.58813950806023 ], [ -58.359642963747234, -34.588139508060799 ], [ -58.359642966946552, -34.588139564852824 ], [ -58.359643039098685, -34.588141146912399 ], [ -58.359643039098707, -34.588141146912903 ], [ -58.359643125340774, -34.588142792985927 ], [ -58.359643125340781, -34.588142792986304 ], [ -58.359643186156092, -34.588143849506395 ], [ -58.359643329996231, -34.588146509729839 ], [ -58.359643332123504, -34.588146552098308 ], [ -58.359643351260161, -34.588146940628214 ], [ -58.359643467185798, -34.588149259188164 ], [ -58.359643528425011, -34.58815085205552 ], [ -58.359643570639534, -34.588151966251061 ], [ -58.359643674093256, -34.588154673314484 ], [ -58.359643674093292, -34.588154673315437 ], [ -58.359643676221708, -34.588154714782632 ], [ -58.359643809161234, -34.588157375898426 ], [ -58.359643809161341, -34.588157375900046 ], [ -58.359643832731706, -34.588157704939754 ], [ -58.359643832731713, -34.58815770493991 ], [ -58.359643912051595, -34.588158781307229 ], [ -58.359644007452118, -34.588160074029908 ], [ -58.359644007452317, -34.588160074032274 ], [ -58.359644291860448, -34.588162763220851 ], [ -58.359644291860853, -34.588162763224055 ], [ -58.359644443195918, -34.588163776552861 ], [ -58.35964468963963, -34.588165439888947 ], [ -58.35964468964017, -34.588165439892059 ], [ -58.359645199695251, -34.588168107638097 ], [ -58.359645199695571, -34.588168107639703 ], [ -58.35964520836481, -34.588168148211146 ], [ -58.359645208364896, -34.588168148211523 ], [ -58.359645782783112, -34.588170770941041 ], [ -58.359645782783367, -34.588170770942192 ], [ -58.359646408384592, -34.588173429772169 ], [ -58.35964640838472, -34.588173429772652 ], [ -58.359647051429711, -34.588176085011746 ], [ -58.359647051429761, -34.58817608501198 ], [ -58.359647062274178, -34.58817612919001 ], [ -58.359647335396041, -34.588177374287262 ], [ -58.359647335396154, -34.588177374287767 ], [ -58.359647646507469, -34.588178747419668 ], [ -58.359647918451017, -34.588180063728579 ], [ -58.359648196890561, -34.588181415198221 ], [ -58.359648350592344, -34.588182277990263 ], [ -58.359648674229071, -34.588184097337908 ], [ -58.359649126502362, -34.588186776753048 ], [ -58.359649126502589, -34.588186776754362 ], [ -58.359649134081863, -34.588186817324882 ], [ -58.359649624557235, -34.588189453504377 ], [ -58.359649624557719, -34.588189453506722 ], [ -58.359650206558882, -34.588192114102462 ], [ -58.359650206559834, -34.588192114106377 ], [ -58.359650917263814, -34.588194703598965 ], [ -58.359650917264055, -34.588194703599804 ], [ -58.359650928116565, -34.588194741468826 ], [ -58.359650928117269, -34.588194741471156 ], [ -58.359651765231106, -34.588197350902412 ], [ -58.359651765231597, -34.588197350903883 ], [ -58.359652655767725, -34.588199948661988 ], [ -58.359652655768244, -34.588199948663465 ], [ -58.359653331422855, -34.588201798057376 ], [ -58.359653600813175, -34.588202537453562 ], [ -58.359653600813687, -34.588202537454933 ], [ -58.35965459709206, -34.588205121781513 ], [ -58.359654597092337, -34.588205121782202 ], [ -58.359655616275461, -34.588207693508231 ], [ -58.359655616275695, -34.588207693508807 ], [ -58.359656656174664, -34.588210259843912 ], [ -58.359656656174785, -34.588210259844246 ], [ -58.359657708066685, -34.588212823485236 ], [ -58.359657708066791, -34.58821282348547 ], [ -58.359658768680596, -34.588215385331011 ], [ -58.359658768680852, -34.588215385331637 ], [ -58.359659851103835, -34.588217939082888 ], [ -58.35965985110397, -34.588217939083194 ], [ -58.359660944432136, -34.588220488336582 ], [ -58.359660944432648, -34.588220488337768 ], [ -58.359662080285823, -34.588223024105901 ], [ -58.359662080286228, -34.588223024106782 ], [ -58.359663248848136, -34.588225551789868 ], [ -58.359663248848669, -34.588225551791012 ], [ -58.359664445800888, -34.588228038032689 ], [ -58.359664458846773, -34.58822806508654 ], [ -58.35966445884732, -34.588228065087655 ], [ -58.359665710282684, -34.588230563094079 ], [ -58.359665726591707, -34.58823059555926 ], [ -58.359665726592773, -34.588230595561299 ], [ -58.359665959305296, -34.588231028442017 ], [ -58.359667018426663, -34.588233036811772 ], [ -58.359667018427281, -34.588233036812937 ], [ -58.359668366914484, -34.588235497943387 ], [ -58.359668366915145, -34.588235497944567 ], [ -58.359669178250535, -34.588236923784443 ], [ -58.359669756840717, -34.588237942884483 ], [ -58.359669756841264, -34.588237942885442 ], [ -58.359671181657767, -34.588240377939393 ], [ -58.359671181658037, -34.588240377939854 ], [ -58.35967262500828, -34.58824280940383 ], [ -58.359672625008542, -34.588242809404271 ], [ -58.359674081451729, -34.588245230062228 ], [ -58.359674599198286, -34.588246093164273 ], [ -58.359675536798214, -34.588247656127592 ], [ -58.359676427612882, -34.588249152345526 ], [ -58.359676443927277, -34.588249180303208 ], [ -58.359676443927647, -34.588249180303833 ], [ -58.359676981243915, -34.588250083084709 ], [ -58.359677713207446, -34.588251352008896 ], [ -58.359678394055237, -34.588252530747553 ], [ -58.359679787234327, -34.588254989211265 ], [ -58.359679787234853, -34.588254989212153 ], [ -58.359681208777623, -34.588257427868896 ], [ -58.359681208778717, -34.58825742787073 ], [ -58.359681613427696, -34.588258083549377 ], [ -58.359682696841091, -34.58825984044261 ], [ -58.359682696842683, -34.58825984044509 ], [ -58.359684269979695, -34.588262206215219 ], [ -58.359684269982061, -34.588262206218587 ], [ -58.359685958738105, -34.588264504480037 ], [ -58.359685958740791, -34.588264504483519 ], [ -58.359687776188615, -34.588266740655996 ], [ -58.359687776190725, -34.588266740658504 ], [ -58.359689665667261, -34.588268902975294 ], [ -58.359689665667638, -34.588268902975734 ], [ -58.35968968961307, -34.588268930038772 ], [ -58.3596896896142, -34.588268930040023 ], [ -58.359691664119516, -34.58827108251338 ], [ -58.359691664120788, -34.588271082514737 ], [ -58.359693697510515, -34.588273213403838 ], [ -58.359693697511354, -34.588273213404698 ], [ -58.359695760359045, -34.588275320881763 ], [ -58.359695760359266, -34.588275320881976 ], [ -58.35969783193206, -34.588277423859147 ], [ -58.359699883884566, -34.58827952772085 ], [ -58.359699905655489, -34.588279550274777 ], [ -58.359701924923201, -34.588281643291921 ], [ -58.359703965963291, -34.588283757961754 ], [ -58.359703965963732, -34.588283757962195 ], [ -58.359706027720868, -34.588285866339604 ], [ -58.359706027721515, -34.588285866340264 ], [ -58.359708089529065, -34.588287934153591 ], [ -58.359708089529356, -34.588287934153875 ], [ -58.359708111301579, -34.588287955806493 ], [ -58.359708111302368, -34.588287955807274 ], [ -58.359710227621122, -34.588290012849804 ], [ -58.359710227622614, -34.588290012851225 ], [ -58.359712397392826, -34.588292034783507 ], [ -58.359712397395079, -34.588292034785539 ], [ -58.359714306009025, -34.588293707644731 ], [ -58.359714632631054, -34.588294000884311 ], [ -58.359714632631231, -34.588294000884467 ], [ -58.359714771990895, -34.588294125399187 ], [ -58.359714771993808, -34.588294125401703 ], [ -58.35971635734068, -34.588295436516006 ], [ -58.359716502155649, -34.588295556528195 ], [ -58.359716502155841, -34.588295556528358 ], [ -58.359716937692028, -34.588295915664666 ], [ -58.35971693769423, -34.588295915666436 ], [ -58.35971931803271, -34.588297771013913 ], [ -58.359719318034344, -34.588297771015149 ], [ -58.359721743111351, -34.588299585836531 ], [ -58.359721743112452, -34.588299585837348 ], [ -58.359724200919494, -34.588301375446562 ], [ -58.359724200920141, -34.588301375447038 ], [ -58.359726678364282, -34.588303150650027 ], [ -58.359729107881826, -34.588304900572403 ], [ -58.3597291078826, -34.588304900572957 ], [ -58.359729144908101, -34.588304926745302 ], [ -58.359731603816094, -34.588306707340728 ], [ -58.359731603816222, -34.588306707340813 ], [ -58.359734069265649, -34.588308487040663 ], [ -58.359734069266452, -34.588308487041211 ], [ -58.359736556538593, -34.588310247829654 ], [ -58.359736556539126, -34.588310247830016 ], [ -58.35973905690755, -34.588311995108135 ], [ -58.359739056909341, -34.588311995109372 ], [ -58.35974159875429, -34.588313695548599 ], [ -58.359741598756074, -34.588313695549758 ], [ -58.359743005859066, -34.588314597266098 ], [ -58.359744183162931, -34.58831535275673 ], [ -58.359744183165006, -34.588315352758016 ], [ -58.35974516773836, -34.588315953941652 ], [ -58.359746811236164, -34.588316956817991 ], [ -58.359746811237613, -34.588316956818851 ], [ -58.359749481853967, -34.588318531167843 ], [ -58.359749481855431, -34.588318531168689 ], [ -58.359752181946462, -34.588320068584274 ], [ -58.359752181948409, -34.588320068585354 ], [ -58.359754915891855, -34.588321554648473 ], [ -58.359754915894563, -34.588321554649895 ], [ -58.359757673917699, -34.588322959605208 ], [ -58.359757702238554, -34.588322974051998 ], [ -58.359757702241524, -34.588322974053469 ], [ -58.359760543171731, -34.588324322289381 ], [ -58.359760543174751, -34.588324322290759 ], [ -58.359763415816559, -34.588325587622528 ], [ -58.359763415818506, -34.588325587623359 ], [ -58.359766331022271, -34.588326809722815 ], [ -58.359766331023756, -34.588326809723426 ], [ -58.359769265893732, -34.588327993979739 ], [ -58.359769265895046, -34.588327993980272 ], [ -58.359770730086467, -34.588328564922165 ], [ -58.359772224782098, -34.588329147608441 ], [ -58.359772224783143, -34.588329147608846 ], [ -58.359775202229699, -34.588330276914228 ], [ -58.35977520223036, -34.58833027691449 ], [ -58.359778179701578, -34.588331386388568 ], [ -58.35977817970219, -34.588331386388788 ], [ -58.359781182253592, -34.588332486869803 ], [ -58.359781182253791, -34.588332486869874 ], [ -58.359784171739271, -34.588333576522629 ], [ -58.359785597845047, -34.588334096952302 ], [ -58.359787172118494, -34.588334670691573 ], [ -58.359790151778185, -34.58833577295556 ], [ -58.35979173691976, -34.588336371943775 ], [ -58.359793130320369, -34.588336897754161 ], [ -58.359795115285358, -34.588337650323602 ], [ -58.359796108857289, -34.588338027059976 ], [ -58.359796108857772, -34.588338027060161 ], [ -58.359799099396675, -34.588339146460427 ], [ -58.359799099397783, -34.588339146460818 ], [ -58.359802068188003, -34.588340225278515 ], [ -58.359802068188806, -34.588340225278813 ], [ -58.359802098694104, -34.58834023612178 ], [ -58.359802098695361, -34.588340236122214 ], [ -58.359805120944856, -34.58834127351966 ], [ -58.35980512094774, -34.588341273520612 ], [ -58.359806811895908, -34.588341807696025 ], [ -58.359808164000249, -34.588342235216047 ], [ -58.359808164004129, -34.588342235217212 ], [ -58.359809999939614, -34.588342750585589 ], [ -58.359811258397293, -34.588343105912244 ], [ -58.359811258400946, -34.588343105913225 ], [ -58.359814377975042, -34.58834388648723 ], [ -58.359814377977742, -34.58834388648787 ], [ -58.359816083277551, -34.588344273743225 ], [ -58.359817527061061, -34.5883446021843 ], [ -58.359817527063313, -34.588344602184797 ], [ -58.359819258554509, -34.588344963321049 ], [ -58.359820688206675, -34.588345261101679 ], [ -58.35982068820843, -34.588345261102049 ], [ -58.359823881010755, -34.588345879481622 ], [ -58.359823881011913, -34.588345879481842 ], [ -58.359827070582433, -34.588346467210208 ], [ -58.35982707058303, -34.588346467210314 ], [ -58.359830276518515, -34.588347042332515 ], [ -58.35983191435642, -34.588347336683832 ], [ -58.359833479184111, -34.588347617451852 ], [ -58.359836680751236, -34.588348198880013 ], [ -58.359840704993886, -34.588348973910023 ], [ -58.360203495689021, -34.58842473640172 ], [ -58.360398766680028, -34.58846551304871 ], [ -58.360824195298903, -34.588554347559231 ], [ -58.360838380629296, -34.588557309807342 ], [ -58.360838367526796, -34.588557351173833 ], [ -58.360838367526199, -34.588557351175822 ], [ -58.360838329214054, -34.588557484553952 ], [ -58.360838079680491, -34.588558318160956 ], [ -58.360837091386237, -34.588561627359056 ], [ -58.360837091383225, -34.58856162737569 ], [ -58.360837091383999, -34.588561627392508 ], [ -58.360837091388539, -34.588561627408893 ], [ -58.360837091396682, -34.588561627424319 ], [ -58.360837091408158, -34.588561627438217 ], [ -58.360837091422546, -34.588561627450105 ], [ -58.360837091439365, -34.588561627459583 ], [ -58.360837091458016, -34.588561627466305 ], [ -58.360837653688804, -34.588561780278965 ], [ -58.360838927425839, -34.588562125692221 ], [ -58.360839086506331, -34.588562169094082 ], [ -58.360839086506488, -34.588562169094125 ], [ -58.360850264567681, -34.58856520363075 ], [ -58.360850016069925, -34.588566099357131 ], [ -58.360838273103319, -34.588608523117443 ], [ -58.360819628398453, -34.588675890681081 ], [ -58.360819452385691, -34.588676323212304 ], [ -58.360806285335499, -34.588708577644482 ], [ -58.360806248369251, -34.588708574016316 ], [ -58.360789970717235, -34.588706953106147 ], [ -58.360789970695691, -34.588706953105778 ], [ -58.360789970674475, -34.588706953108932 ], [ -58.360789970654423, -34.588706953115441 ], [ -58.360789970636318, -34.588706953125104 ], [ -58.360789970620878, -34.588706953137539 ], [ -58.360789970608671, -34.588706953152233 ], [ -58.360789970600216, -34.588706953168632 ], [ -58.360789970595825, -34.588706953186076 ], [ -58.360789867155525, -34.588707754464849 ], [ -58.360788638018732, -34.588717241817911 ], [ -58.360788638018477, -34.588717241834864 ], [ -58.360788638022065, -34.588717241851555 ], [ -58.360788638029362, -34.5887172418674 ], [ -58.360788638040127, -34.588717241881831 ], [ -58.360788638053968, -34.588717241894336 ], [ -58.360788638070396, -34.588717241904483 ], [ -58.360790435392403, -34.588718147542139 ], [ -58.360803177794487, -34.588724569136573 ], [ -58.360803047497043, -34.588725064747408 ], [ -58.360746172787685, -34.588941116160854 ], [ -58.360746172785205, -34.588941116178432 ], [ -58.360746172786925, -34.58894111619604 ], [ -58.360746172792773, -34.588941116213064 ], [ -58.360746172802521, -34.58894111622881 ], [ -58.360746172815801, -34.588941116242665 ], [ -58.360746172832108, -34.588941116254119 ], [ -58.360746172850803, -34.588941116262724 ], [ -58.360746172871153, -34.588941116268131 ], [ -58.360748184501183, -34.588941475823759 ], [ -58.360761812589651, -34.588943909400285 ], [ -58.360778490819335, -34.588946885490458 ], [ -58.360778490840332, -34.588946885492462 ], [ -58.360778490861406, -34.58894688549109 ], [ -58.360778490881749, -34.588946885486372 ], [ -58.360778490900628, -34.588946885478506 ], [ -58.360778490917312, -34.588946885467763 ], [ -58.360778490931168, -34.588946885454568 ], [ -58.360778490941684, -34.588946885439405 ], [ -58.360778490948469, -34.58894688542285 ], [ -58.360778501895709, -34.588946846670808 ], [ -58.360778501895837, -34.58894684667036 ], [ -58.360853202319305, -34.58867614787561 ], [ -58.360853202319817, -34.588676147873663 ], [ -58.360853213273366, -34.588676103714093 ], [ -58.360882197054494, -34.588571626895813 ], [ -58.360882197056775, -34.588571626884161 ], [ -58.360882200350936, -34.588571598138344 ], [ -58.360884986767466, -34.588571997987991 ], [ -58.360885088115722, -34.588572012495817 ], [ -58.360888618954, -34.588572522960362 ], [ -58.360888618954235, -34.588572522960398 ], [ -58.360892126915736, -34.588573023489957 ], [ -58.36089212693571, -34.588573023491278 ], [ -58.360892126955619, -34.588573023489531 ], [ -58.360892126974818, -34.588573023484805 ], [ -58.360892126992638, -34.588573023477267 ], [ -58.360892127008505, -34.588573023467141 ], [ -58.360892127021849, -34.588573023454792 ], [ -58.360892127032244, -34.588573023440645 ], [ -58.360894517888504, -34.588568967303004 ], [ -58.361130543529221, -34.588617348010075 ], [ -58.361406960951378, -34.588674007331015 ], [ -58.361411325147877, -34.588674901581321 ], [ -58.361411325147984, -34.588674901581342 ], [ -58.363224835979175, -34.589044832965584 ], [ -58.363470129312461, -34.589094867270113 ], [ -58.365205353082324, -34.589448798627835 ], [ -58.365205353082537, -34.589448798627885 ], [ -58.365223524011434, -34.589452472110821 ], [ -58.365726133029426, -34.589554128308123 ], [ -58.36799692091725, -34.590013380790275 ], [ -58.367996775848084, -34.59001443436221 ], [ -58.367996414241482, -34.590017065335168 ], [ -58.36796526442231, -34.590243627326053 ], [ -58.367963193708306, -34.590251045320322 ], [ -58.367911995973081, -34.590434415204754 ], [ -58.367721159194602, -34.59050527821114 ], [ -58.367721159172874, -34.590505278221876 ], [ -58.36753452594057, -34.590623771855626 ], [ -58.367534525932911, -34.590623771860976 ], [ -58.367491450070865, -34.590656737329169 ], [ -58.367491335697288, -34.590656719219396 ], [ -58.3674913356964, -34.590656719219268 ], [ -58.367491299733729, -34.590656713782593 ], [ -58.367483803108968, -34.590655507200921 ], [ -58.367483803107042, -34.59065550720063 ], [ -58.367473657039042, -34.590654029012427 ], [ -58.367468121928823, -34.590653222399098 ], [ -58.367467254444954, -34.590653096420034 ], [ -58.367467254443092, -34.590653096419771 ], [ -58.367463461862165, -34.590652601264217 ], [ -58.367450649914339, -34.59065092807591 ], [ -58.367450649912506, -34.590650928075689 ], [ -58.367434014594814, -34.590648994976924 ], [ -58.367434014592924, -34.590648994976718 ], [ -58.367417372455662, -34.590647306156079 ], [ -58.367417328861642, -34.590647301614723 ], [ -58.367417328859375, -34.590647301614503 ], [ -58.367400621045981, -34.59064585432148 ], [ -58.367400621044069, -34.59064585432133 ], [ -58.367398938245906, -34.590645733109611 ], [ -58.367383876989358, -34.590644644071908 ], [ -58.367383876987475, -34.590644644071787 ], [ -58.367367113036863, -34.590643674484411 ], [ -58.367367113034931, -34.590643674484326 ], [ -58.367350338991976, -34.590642950975393 ], [ -58.367350338990072, -34.590642950975329 ], [ -58.367333574476376, -34.590642471757327 ], [ -58.367333542867975, -34.590642470831035 ], [ -58.367333542865978, -34.590642470830979 ], [ -58.367330899694338, -34.590642433596905 ], [ -58.367316747558249, -34.590642230463651 ], [ -58.367316747556316, -34.590642230463644 ], [ -58.367302998477179, -34.59064223407178 ], [ -58.367302958147796, -34.590642234040061 ], [ -58.367302912368437, -34.590642234004051 ], [ -58.367302912368189, -34.590642234004051 ], [ -58.367299939974671, -34.590642237074377 ], [ -58.367299939972987, -34.590642237074384 ], [ -58.36729691085565, -34.590642278861239 ], [ -58.36728314302156, -34.590642478061262 ], [ -58.367283143019634, -34.590642478061305 ], [ -58.367271283582241, -34.590642822989281 ], [ -58.367266345782973, -34.590642966937111 ], [ -58.367266345781076, -34.590642966937175 ], [ -58.36724955916506, -34.590643698301918 ], [ -58.367249559163163, -34.59064369830201 ], [ -58.367232804968317, -34.590644671271463 ], [ -58.367232804965212, -34.590644671271683 ], [ -58.367232772263172, -34.590644673950152 ], [ -58.36721605921192, -34.590645886728289 ], [ -58.367216059210051, -34.590645886728431 ], [ -58.36719934697058, -34.590647340185015 ], [ -58.367199346968661, -34.5906473401852 ], [ -58.367182676956688, -34.590649037958507 ], [ -58.367182676954791, -34.590649037958713 ], [ -58.367170313769748, -34.590650479512398 ], [ -58.367166038272373, -34.590650978237292 ], [ -58.367166038270554, -34.590650978237505 ], [ -58.367161953478934, -34.590651513169448 ], [ -58.367161953478643, -34.59065151316949 ], [ -58.367161913142994, -34.590651518546252 ], [ -58.367161913141906, -34.590651518546395 ], [ -58.367161881527807, -34.590651523028534 ], [ -58.367159631457866, -34.590651818725583 ], [ -58.367149440732661, -34.590653156522094 ], [ -58.36714944073082, -34.590653156522343 ], [ -58.367132884338332, -34.590655571911419 ], [ -58.367132884336399, -34.590655571911711 ], [ -58.367126337756808, -34.59065662772808 ], [ -58.367116396332563, -34.590658229835334 ], [ -58.367116396330744, -34.59065822983564 ], [ -58.367099957106092, -34.590661121264176 ], [ -58.367099957104209, -34.590661121264532 ], [ -58.367083583002085, -34.590664251619415 ], [ -58.367083583000252, -34.590664251619785 ], [ -58.367078095797154, -34.590665383988359 ], [ -58.367067284926669, -34.590667615501069 ], [ -58.367067284924829, -34.590667615501452 ], [ -58.367051058516573, -34.590671215610037 ], [ -58.36705105851474, -34.590671215610463 ], [ -58.367034907043724, -34.59067505014611 ], [ -58.367034907041891, -34.590675050146558 ], [ -58.367018840318934, -34.590679118215576 ], [ -58.367018840317101, -34.590679118216066 ], [ -58.367002896503493, -34.590683409932801 ], [ -58.367002858343149, -34.590683419818191 ], [ -58.367002858340221, -34.590683419818987 ], [ -58.366986973113157, -34.590687945950116 ], [ -58.366986973111352, -34.590687945950641 ], [ -58.366971181353897, -34.590692703819315 ], [ -58.36697118134915, -34.590692703820856 ], [ -58.366971147547538, -34.590692715512219 ], [ -58.366970278510458, -34.590692992464184 ], [ -58.36695956874069, -34.590696394996122 ], [ -58.366955497238102, -34.590697689831615 ], [ -58.366955497236319, -34.590697689832197 ], [ -58.366942506120573, -34.590702039760501 ], [ -58.366939920766832, -34.590702903085599 ], [ -58.366939920764921, -34.590702903086246 ], [ -58.366937684293738, -34.59070369096726 ], [ -58.366935978862955, -34.590704290869958 ], [ -58.366924458492221, -34.590708332769417 ], [ -58.366924458490423, -34.59070833277007 ], [ -58.36690910167966, -34.590713991496209 ], [ -58.366909101677919, -34.59071399149687 ], [ -58.366893875410348, -34.590719869370041 ], [ -58.366893875408643, -34.590719869370716 ], [ -58.366878773145231, -34.590725965484488 ], [ -58.366878773143497, -34.590725965485191 ], [ -58.366863814507099, -34.590732277150749 ], [ -58.366863814505408, -34.590732277151488 ], [ -58.366851793466004, -34.590737571626967 ], [ -58.366848978778862, -34.590738810662472 ], [ -58.366848978777092, -34.590738810663268 ], [ -58.366846489013938, -34.590739956207479 ], [ -58.366834282328981, -34.590745549807046 ], [ -58.36683428232724, -34.590745549807856 ], [ -58.366819734953559, -34.590752506310842 ], [ -58.366819734951953, -34.590752506311631 ], [ -58.366805336669429, -34.590759665751015 ], [ -58.366805336667802, -34.590759665751854 ], [ -58.366792416956734, -34.590766348604078 ], [ -58.366792372241832, -34.590766371104017 ], [ -58.366792372240688, -34.5907663711046 ], [ -58.366791086376971, -34.590767036239647 ], [ -58.366791086375372, -34.5907670362405 ], [ -58.366789180983737, -34.590768060553501 ], [ -58.366776996076503, -34.590774608772023 ], [ -58.36677699607489, -34.590774608772904 ], [ -58.366766957349014, -34.590780215798951 ], [ -58.366763073395681, -34.590782385157027 ], [ -58.36676307339409, -34.590782385157922 ], [ -58.366759491473331, -34.590784462809509 ], [ -58.366759412942471, -34.590784507818412 ], [ -58.366759412941988, -34.590784507818682 ], [ -58.366749313977742, -34.590790362687081 ], [ -58.366749313976257, -34.590790362687962 ], [ -58.366735717835148, -34.590798530545086 ], [ -58.366735717833556, -34.590798530546067 ], [ -58.36672230130182, -34.590806902265498 ], [ -58.366722301300314, -34.590806902266465 ], [ -58.366709072028698, -34.590815459825855 ], [ -58.366709072027206, -34.590815459826828 ], [ -58.366696013654398, -34.590824213128933 ], [ -58.366696013652948, -34.59082421312992 ], [ -58.366691054583448, -34.590827656247313 ], [ -58.366683145813248, -34.590833149570415 ], [ -58.366683145811791, -34.590833149571445 ], [ -58.366670467408966, -34.590842274558057 ], [ -58.366670467407545, -34.590842274559115 ], [ -58.366657992623885, -34.590851577286053 ], [ -58.366657992619878, -34.590851577289193 ], [ -58.366657959890254, -34.590851604304895 ], [ -58.366657350042935, -34.590852075265381 ], [ -58.366645699653127, -34.590861062244258 ], [ -58.366645699651727, -34.590861062245366 ], [ -58.366641108731649, -34.590864731909576 ], [ -58.36663365175859, -34.590870692524568 ], [ -58.366633619028754, -34.590870718639849 ], [ -58.36663361902729, -34.590870718641042 ], [ -58.366621751834344, -34.590880551882506 ], [ -58.366621751833058, -34.590880551883586 ], [ -58.366612990528132, -34.590888060109378 ], [ -58.366610081731899, -34.590890552043319 ], [ -58.366610081730535, -34.590890552044513 ], [ -58.366607236111584, -34.59089308008533 ], [ -58.366607236111413, -34.590893080085472 ], [ -58.366606698190985, -34.590893560117856 ], [ -58.366598631605619, -34.590900723647835 ], [ -58.36659863160439, -34.59090072364895 ], [ -58.36659395384514, -34.590905019731814 ], [ -58.366587389482611, -34.590911052263749 ], [ -58.366587389481339, -34.590911052264957 ], [ -58.366581768745057, -34.590916405871127 ], [ -58.366581768744837, -34.590916405871326 ], [ -58.366581673810423, -34.590916496839803 ], [ -58.366581653077773, -34.590916516654595 ], [ -58.366576371702109, -34.590921546918416 ], [ -58.366576371700887, -34.590921546919603 ], [ -58.366565578281978, -34.590932192287539 ], [ -58.366565578280756, -34.590932192288768 ], [ -58.366562033796193, -34.590935815905461 ], [ -58.366555003759693, -34.590942999184101 ], [ -58.366555003758485, -34.590942999185373 ], [ -58.3665472596782, -34.590951208618769 ], [ -58.366544667768686, -34.590953955905157 ], [ -58.366544667767222, -34.590953955906762 ], [ -58.366544636116963, -34.590953991036997 ], [ -58.366541850916853, -34.590957050963823 ], [ -58.366534563773257, -34.590965058839849 ], [ -58.366534563772113, -34.590965058841121 ], [ -58.366524725599028, -34.590976277366252 ], [ -58.36652469722312, -34.590976308893104 ], [ -58.36652469722123, -34.590976308895286 ], [ -58.366515073578448, -34.590987695254952 ], [ -58.366515073577403, -34.590987695256196 ], [ -58.366513076054581, -34.5909901455436 ], [ -58.366505680848675, -34.590999220617427 ], [ -58.36650568084692, -34.590999220619665 ], [ -58.36650564918947, -34.590999262059619 ], [ -58.366505053172439, -34.591000023289212 ], [ -58.366505019332742, -34.59100006653054 ], [ -58.366504986585085, -34.591000107969876 ], [ -58.366504986584893, -34.591000107970125 ], [ -58.366496536481165, -34.591010877784065 ], [ -58.366496536480078, -34.591010877785479 ], [ -58.366487268190511, -34.59102318297515 ], [ -58.366487268188436, -34.59102318297802 ], [ -58.366487246352058, -34.591023214510521 ], [ -58.366487246350928, -34.591023214512205 ], [ -58.366369490898542, -34.591201995885967 ], [ -58.366324026660529, -34.591271033133197 ], [ -58.365902020428763, -34.591911760455353 ], [ -58.365855367395888, -34.591982594008343 ], [ -58.365716737813223, -34.592193071922928 ], [ -58.365197239453259, -34.592981803586774 ], [ -58.365151271166248, -34.593046801593324 ], [ -58.365053608780244, -34.593184900343907 ], [ -58.365053608778588, -34.593184900346337 ], [ -58.364400950623178, -34.594177173370824 ], [ -58.364393435484132, -34.594188600026591 ], [ -58.364393435484132, -34.594188600026591 ], [ -58.364393435478611, -34.594188600036333 ], [ -58.364380932540527, -34.594214581529641 ], [ -58.364380932535326, -34.594214581543689 ], [ -58.364373697222305, -34.594241898707622 ], [ -58.364373697219932, -34.594241898722196 ], [ -58.364371922244679, -34.594269824265631 ], [ -58.364371922245191, -34.594269824280303 ], [ -58.364375654272813, -34.594297617271742 ], [ -58.364375654276209, -34.594297617286152 ], [ -58.364384793902083, -34.594324541181983 ], [ -58.364384793908272, -34.594324541195761 ], [ -58.36438949190007, -34.594332862432616 ], [ -58.364399098908351, -34.594349880068705 ], [ -58.364399098917154, -34.594349880081467 ], [ -58.36441818967058, -34.594372961160715 ], [ -58.364418189681764, -34.594372961172112 ], [ -58.364441558959435, -34.594393172879791 ], [ -58.364441558981227, -34.594393172894328 ], [ -58.364642169581927, -34.594494937321976 ], [ -58.364642169611216, -34.594494937332321 ], [ -58.364670435692446, -34.594501082645429 ], [ -58.36467043570898, -34.594501082647916 ], [ -58.364699508396832, -34.594503558012356 ], [ -58.364699508413651, -34.594503558012704 ], [ -58.364728696690456, -34.594502305178715 ], [ -58.364728696707132, -34.594502305176924 ], [ -58.36475730400069, -34.594497354230214 ], [ -58.364757304016834, -34.594497354226313 ], [ -58.364784648912497, -34.594488822703603 ], [ -58.364784648927738, -34.594488822697691 ], [ -58.364810081521412, -34.594476913796868 ], [ -58.36481008153536, -34.594476913789094 ], [ -58.364832996520825, -34.594461910971049 ], [ -58.364832996535853, -34.594461910959105 ], [ -58.364832996547847, -34.594461910945043 ], [ -58.364921726609069, -34.594333292676858 ], [ -58.365044916613336, -34.594154721797878 ], [ -58.365044916614423, -34.594154721796244 ], [ -58.365196990813082, -34.593923255977671 ], [ -58.365503012985236, -34.593458138392641 ], [ -58.365503012985748, -34.593458138391853 ], [ -58.365899472289406, -34.592841005914629 ], [ -58.365899472291517, -34.592841005911176 ], [ -58.365903381351728, -34.592834233040655 ], [ -58.365908642344557, -34.592828117490697 ], [ -58.365915098097837, -34.59282284301856 ], [ -58.365922556586654, -34.592818566318101 ], [ -58.365930794207578, -34.592815417015387 ], [ -58.365939564510178, -34.592813487760054 ], [ -58.365948605824009, -34.592812836935579 ], [ -58.365957647804727, -34.592813483256158 ], [ -58.365966419061259, -34.592815408476838 ], [ -58.365974659149821, -34.59281855379762 ], [ -58.365982119664295, -34.592822826178576 ], [ -58.365982119677653, -34.592822826185113 ], [ -58.366103045415009, -34.592872769455596 ], [ -58.366103045423046, -34.592872769458602 ], [ -58.366109693027397, -34.592874979634061 ], [ -58.366109693044571, -34.592874979638459 ], [ -58.366116688361053, -34.592876256216108 ], [ -58.366116688378831, -34.592876256218098 ], [ -58.366123842872632, -34.592876566596544 ], [ -58.366123842890588, -34.592876566596097 ], [ -58.36613096145954, -34.592875901605673 ], [ -58.36613096147714, -34.592875901602817 ], [ -58.366137852256635, -34.592874280020759 ], [ -58.366137852273454, -34.592874280015508 ], [ -58.366144326641567, -34.592871744058485 ], [ -58.366144326657093, -34.592871744051067 ], [ -58.366150211218681, -34.592868364793532 ], [ -58.366150211232529, -34.592868364784088 ], [ -58.366155344560539, -34.592864232239961 ], [ -58.366155344572334, -34.592864232228763 ], [ -58.366159588103919, -34.592859458965748 ], [ -58.366159588111351, -34.592859458956184 ], [ -58.366235279848148, -34.592746945860213 ], [ -58.366235279856667, -34.592746945843977 ], [ -58.366235279861186, -34.592746945826676 ], [ -58.366235279861527, -34.592746945808976 ], [ -58.366235279857683, -34.592746945791568 ], [ -58.366235279849796, -34.592746945775112 ], [ -58.366235279838172, -34.592746945760247 ], [ -58.366235279823258, -34.59274694574755 ], [ -58.366235279805643, -34.59274694573751 ], [ -58.36620389105591, -34.592732591744841 ], [ -58.366201843015482, -34.592731655382316 ], [ -58.36632270066751, -34.592543721006223 ], [ -58.366988711538461, -34.591508048024217 ], [ -58.367089402574614, -34.59140365971485 ], [ -58.367132027425683, -34.591380417679233 ], [ -58.367173845392983, -34.591375380124994 ], [ -58.367209118921224, -34.591380850692786 ], [ -58.36724434985603, -34.591399659564679 ], [ -58.367255115064573, -34.591412548460951 ], [ -58.36726751519452, -34.59142739382505 ], [ -58.367272789277081, -34.591478901661176 ], [ -58.367264593777449, -34.591510006923265 ], [ -58.367264593775047, -34.591510006938584 ], [ -58.36726459377585, -34.591510006954017 ], [ -58.367264593779829, -34.591510006969116 ], [ -58.367280256862308, -34.591551830878856 ], [ -58.366834667124557, -34.592292121228454 ], [ -58.366505777289582, -34.592795772573801 ], [ -58.366504733433722, -34.592797371692498 ], [ -58.366490870290797, -34.592791179679999 ], [ -58.366490870271292, -34.592791179673227 ], [ -58.366490870250594, -34.592791179669675 ], [ -58.366490870229448, -34.592791179669511 ], [ -58.366490870208665, -34.592791179672737 ], [ -58.366490870189018, -34.59279117967921 ], [ -58.366490870171248, -34.592791179688689 ], [ -58.366490870156042, -34.592791179700832 ], [ -58.366490870143942, -34.592791179715185 ], [ -58.366386146737781, -34.59294544006034 ], [ -58.366386146729198, -34.592945440076527 ], [ -58.366386146724601, -34.592945440093779 ], [ -58.36638614672416, -34.592945440111436 ], [ -58.366386146727883, -34.592945440128851 ], [ -58.366386146735657, -34.592945440145307 ], [ -58.366386146747161, -34.592945440160207 ], [ -58.36638614676194, -34.592945440172947 ], [ -58.366386146779462, -34.59294544018308 ], [ -58.366391252831384, -34.592947811330099 ], [ -58.366383393031825, -34.592958863667441 ], [ -58.36638144089504, -34.592961609654679 ], [ -58.366381440886379, -34.592961609669992 ], [ -58.366380012400668, -34.592964912251112 ], [ -58.366380012396597, -34.592964912263071 ], [ -58.366379423254266, -34.592967249185264 ], [ -58.366379161531675, -34.592968290121036 ], [ -58.366379147296627, -34.592968345997825 ], [ -58.366379147294467, -34.592968346011361 ], [ -58.366378872265265, -34.592972397689707 ], [ -58.366378872265685, -34.592972397704138 ], [ -58.366379383155966, -34.592976433781097 ], [ -58.366379383159163, -34.592976433795265 ], [ -58.366380664829229, -34.592980350595134 ], [ -58.36638066483512, -34.592980350608713 ], [ -58.366382685790882, -34.592984048048436 ], [ -58.366382685799316, -34.592984048061048 ], [ -58.366385394918943, -34.592987432352025 ], [ -58.366385394929708, -34.592987432363387 ], [ -58.366388721464872, -34.592990415109931 ], [ -58.366388721477712, -34.592990415119736 ], [ -58.366389198545228, -34.5929907246867 ], [ -58.366392580493063, -34.592992922337608 ], [ -58.366392580509959, -34.592992922346639 ], [ -58.366887973495693, -34.593206833021377 ], [ -58.366887973495693, -34.593206833021377 ], [ -58.366887973506813, -34.593206833025555 ], [ -58.366893824745041, -34.593208705396819 ], [ -58.366893824760716, -34.593208705400734 ], [ -58.366899949365802, -34.593209831609371 ], [ -58.366899949381995, -34.593209831611318 ], [ -58.366906208949644, -34.593210187209493 ], [ -58.366906208966007, -34.593210187209394 ], [ -58.366912461803075, -34.593209763972439 ], [ -58.366912461819233, -34.593209763970322 ], [ -58.366918568391824, -34.593208571703677 ], [ -58.366918568407421, -34.593208571699591 ], [ -58.366924389161866, -34.593206637335705 ], [ -58.366924389176532, -34.593206637329736 ], [ -58.366929795440583, -34.593204004035357 ], [ -58.366929795456869, -34.593204004025637 ], [ -58.36694035780593, -34.593196393538655 ], [ -58.36694035781742, -34.593196393529034 ], [ -58.366949426067379, -34.593187563137469 ], [ -58.366949426079437, -34.593187563123109 ], [ -58.366973114477396, -34.593152521875119 ], [ -58.366973114478519, -34.593152521873449 ], [ -58.367011252933622, -34.59309316531921 ], [ -58.36701251407878, -34.593091279636468 ], [ -58.36701251408649, -34.593091279622136 ], [ -58.367013361201607, -34.593089241271507 ], [ -58.367013361206169, -34.593089241256315 ], [ -58.367013769148684, -34.593087112416853 ], [ -58.36701376915002, -34.593087112401207 ], [ -58.367013724764867, -34.593084957965047 ], [ -58.367013724762884, -34.593084957949436 ], [ -58.367013229066337, -34.593082841918338 ], [ -58.367013229066337, -34.593082841918338 ], [ -58.367013229061151, -34.593082841903282 ], [ -58.367012298328561, -34.59308082919258 ], [ -58.36701229832029, -34.593080829178504 ], [ -58.367010960822419, -34.593078980205831 ], [ -58.367010960811328, -34.593078980193155 ], [ -58.367010206262144, -34.593078258459315 ], [ -58.367009255725335, -34.593077349976227 ], [ -58.3670092557117, -34.593077349965277 ], [ -58.367007234209105, -34.593075989925559 ], [ -58.36700723418754, -34.593075989914254 ], [ -58.366981078148775, -34.593065590286912 ], [ -58.366978984197374, -34.593064757561798 ], [ -58.36729944403853, -34.592539479580331 ], [ -58.367657407903572, -34.591983812448966 ], [ -58.367697204632726, -34.591985023593686 ], [ -58.367697204655713, -34.591985023592379 ], [ -58.367697204677853, -34.5919850235871 ], [ -58.367697204698153, -34.591985023578083 ], [ -58.367697204715711, -34.591985023565741 ], [ -58.36769720472973, -34.591985023550627 ], [ -58.367707127136832, -34.591971599222141 ], [ -58.367719640849835, -34.591959746305356 ], [ -58.367734387962884, -34.591949805250287 ], [ -58.367750947413072, -34.591942057871677 ], [ -58.367768846977285, -34.591936725549004 ], [ -58.367787577450336, -34.591933962026452 ], [ -58.367806602466146, -34.591933843504783 ], [ -58.367825380289197, -34.591936375870013 ], [ -58.367843374725638, -34.591941484786155 ], [ -58.367860073641701, -34.591949025625489 ], [ -58.367874998773658, -34.591958783475967 ], [ -58.367887725340175, -34.591970479466667 ], [ -58.367897890752147, -34.591983779788528 ], [ -58.367905203321456, -34.591998305616734 ], [ -58.367909455331599, -34.592013641233684 ], [ -58.367910526288497, -34.592029351158551 ], [ -58.367908385095461, -34.592044984655907 ], [ -58.367903092207726, -34.592060098272988 ], [ -58.367894799625518, -34.592074258550994 ], [ -58.367894799618384, -34.59207425856679 ], [ -58.36789479961493, -34.59207425858343 ], [ -58.367894799615293, -34.592074258600292 ], [ -58.367894799619435, -34.592074258616805 ], [ -58.367894799627237, -34.592074258632401 ], [ -58.367894799638421, -34.592074258646505 ], [ -58.367894799652568, -34.592074258658656 ], [ -58.367894799669216, -34.592074258668397 ], [ -58.367932414761505, -34.592092175867904 ], [ -58.367932098190145, -34.592092634366907 ], [ -58.367912915108171, -34.592120422795652 ], [ -58.367903618971027, -34.592116241981579 ], [ -58.367903618951026, -34.592116241974615 ], [ -58.367903618929759, -34.59211624197107 ], [ -58.367903618908052, -34.59211624197107 ], [ -58.367903618886778, -34.592116241974651 ], [ -58.367903618866791, -34.592116241981614 ], [ -58.367903618848871, -34.592116241991739 ], [ -58.367903618833715, -34.592116242004586 ], [ -58.367903618821948, -34.592116242019664 ], [ -58.367279658778799, -34.593123379612081 ], [ -58.367276025316627, -34.593121944429498 ], [ -58.36726479124809, -34.593117508700395 ], [ -58.367264791228145, -34.593117508694426 ], [ -58.367264791207162, -34.593117508691748 ], [ -58.367264791185967, -34.59311750869248 ], [ -58.367264791165347, -34.593117508696594 ], [ -58.36726479114607, -34.593117508703941 ], [ -58.367264791128882, -34.593117508714236 ], [ -58.367264791114444, -34.593117508727076 ], [ -58.367264791103288, -34.593117508742004 ], [ -58.367234758524809, -34.593168081929157 ], [ -58.367227623507162, -34.593167932085869 ], [ -58.36722762348991, -34.593167932086629 ], [ -58.367220548368294, -34.593168716162992 ], [ -58.367220548351391, -34.593168716166019 ], [ -58.367213711979069, -34.593170416275818 ], [ -58.367213711958684, -34.59317041628281 ], [ -58.36721371194043, -34.593170416293063 ], [ -58.367213711925032, -34.593170416306137 ], [ -58.367213711913152, -34.593170416321513 ], [ -58.367185934894692, -34.59321591721352 ], [ -58.367161401322406, -34.593256106765217 ], [ -58.367153621343441, -34.593268849462099 ], [ -58.367153621335689, -34.593268849478669 ], [ -58.367153621332029, -34.593268849496184 ], [ -58.367153621332591, -34.59326884951394 ], [ -58.367153621337344, -34.593268849531285 ], [ -58.367153621346134, -34.593268849547499 ], [ -58.367153621358604, -34.593268849561973 ], [ -58.36715362137425, -34.593268849574166 ], [ -58.367153621392497, -34.593268849583566 ], [ -58.367155705619929, -34.593269700366157 ], [ -58.367157379009377, -34.593270383122046 ], [ -58.367157056811436, -34.593270977728118 ], [ -58.367153521999654, -34.593277494936096 ], [ -58.367153521993473, -34.59327749495074 ], [ -58.367151195908797, -34.593285048846113 ], [ -58.367151195905755, -34.593285048861418 ], [ -58.36715046971819, -34.593292821260228 ], [ -58.367150469718361, -34.593292821275718 ], [ -58.367151364405629, -34.593300580528897 ], [ -58.367151364409004, -34.593300580544152 ], [ -58.367153854073862, -34.593308098571136 ], [ -58.367153854079739, -34.593308098584579 ], [ -58.367157147747946, -34.593314099248524 ], [ -58.367157147755542, -34.593314099260034 ], [ -58.367161458941844, -34.593319640999745 ], [ -58.367161458951358, -34.593319641010218 ], [ -58.367166696228175, -34.593324607470038 ], [ -58.367166696239423, -34.593324607479268 ], [ -58.36716755774286, -34.593325217519904 ], [ -58.367172749636367, -34.593328893105905 ], [ -58.367172749636367, -34.593328893105905 ], [ -58.367172749657485, -34.593328893117615 ], [ -58.368387776861887, -34.593844578353981 ], [ -58.368591788502798, -34.59393200722225 ], [ -58.369065197432434, -34.594134883792371 ], [ -58.369069935159452, -34.594137369062196 ], [ -58.369074125011061, -34.594140455154232 ], [ -58.369074684636708, -34.594141026181376 ], [ -58.369077656990676, -34.594144059956086 ], [ -58.369080438551819, -34.594148089648762 ], [ -58.369082395692736, -34.594152437807551 ], [ -58.369083478400277, -34.594156990814987 ], [ -58.369083656288893, -34.594161628758705 ], [ -58.36908292622676, -34.594166229043239 ], [ -58.369081307968415, -34.594170670899409 ], [ -58.369076395350241, -34.594183086009181 ], [ -58.369050954433753, -34.594247380184918 ], [ -58.369050954432687, -34.594247380187745 ], [ -58.368967681047145, -34.594483955583804 ], [ -58.368794236874635, -34.594976689654395 ], [ -58.368751872293998, -34.595097040952538 ], [ -58.368700262576652, -34.595243656132304 ], [ -58.36857391675391, -34.595602579477962 ], [ -58.36804604108805, -34.597102156517593 ], [ -58.367913531415979, -34.597478578947602 ], [ -58.367894016543886, -34.597491314289371 ], [ -58.367872302815769, -34.597501321120887 ], [ -58.367848939940252, -34.597508346558072 ], [ -58.367824524396816, -34.597512209880868 ], [ -58.367799675461171, -34.597512814219812 ], [ -58.367775027569849, -34.597510142943278 ], [ -58.367775027565706, -34.597510142942902 ], [ -58.367483306518338, -34.597487893377256 ], [ -58.366600265963463, -34.5974205384138 ], [ -58.366527017299383, -34.597414951020134 ], [ -58.366527017297287, -34.597414951019999 ], [ -58.366519556263427, -34.597414501602913 ], [ -58.366519556246722, -34.597414501602969 ], [ -58.366512100653431, -34.597415000486123 ], [ -58.366512100636918, -34.597415000488283 ], [ -58.366504824909185, -34.597416436091578 ], [ -58.366504824893269, -34.59741643609582 ], [ -58.366497900210987, -34.597418775202435 ], [ -58.366497900196066, -34.597418775208631 ], [ -58.366491489045806, -34.597421961157941 ], [ -58.366491489032164, -34.597421961165949 ], [ -58.36648574192855, -34.597425921062211 ], [ -58.366485741916584, -34.597425921071846 ], [ -58.366480794138802, -34.597430560372793 ], [ -58.366477203973993, -34.597433854025638 ], [ -58.366477203962852, -34.597433854037789 ], [ -58.366474335989707, -34.597437601679438 ], [ -58.366474335981209, -34.597437601692945 ], [ -58.366472272082206, -34.597441694315918 ], [ -58.366472272076571, -34.597441694330456 ], [ -58.366471072339678, -34.597446016600422 ], [ -58.366471072337085, -34.597446016615478 ], [ -58.366470768520117, -34.597450443258573 ], [ -58.366469734737549, -34.597460175094795 ], [ -58.366469104334712, -34.597466104151309 ], [ -58.366466569516014, -34.597489935670801 ], [ -58.366462548119173, -34.597490112759772 ], [ -58.366458032799301, -34.597490311095015 ], [ -58.366458032777409, -34.597490311097843 ], [ -58.366458032756654, -34.597490311104274 ], [ -58.366458032737903, -34.597490311114022 ], [ -58.366458032721937, -34.597490311126734 ], [ -58.366458032709396, -34.59749031114184 ], [ -58.36645803270082, -34.59749031115873 ], [ -58.366458032696535, -34.597490311176699 ], [ -58.366451270754126, -34.597550599251456 ], [ -58.366451270754126, -34.597550599251456 ], [ -58.366451270754254, -34.597550599269105 ], [ -58.366451270758532, -34.597550599286407 ], [ -58.366451270766795, -34.597550599302686 ], [ -58.366451270778747, -34.597550599317316 ], [ -58.36645127079391, -34.597550599329729 ], [ -58.366451270811723, -34.597550599339471 ], [ -58.36645307179267, -34.597551386809194 ], [ -58.366453764729634, -34.597551689335674 ], [ -58.366465799551534, -34.597556955062331 ], [ -58.366466052614491, -34.597557741265426 ], [ -58.366469219833718, -34.597567600832811 ], [ -58.36647273027878, -34.597578526147004 ], [ -58.366475546347274, -34.597600724091585 ], [ -58.366474178598196, -34.597623015168402 ], [ -58.366468662531915, -34.597644863960923 ], [ -58.366459129564198, -34.59766574504394 ], [ -58.366445808127125, -34.597685157367614 ], [ -58.366436348508387, -34.597685149858926 ], [ -58.366436348488314, -34.597685149860439 ], [ -58.366436348468923, -34.597685149865008 ], [ -58.366436348450868, -34.597685149872433 ], [ -58.366436348434789, -34.597685149882494 ], [ -58.366436348421217, -34.597685149894836 ], [ -58.36643634841063, -34.597685149909012 ], [ -58.366436348403376, -34.597685149924573 ], [ -58.366436348399716, -34.597685149940979 ], [ -58.366377307409991, -34.598226844284433 ], [ -58.366095805684459, -34.598208660433599 ], [ -58.366093909192273, -34.598208538139374 ], [ -58.366114997245035, -34.598044418643127 ], [ -58.366160246641762, -34.597692263546975 ], [ -58.36616403732986, -34.597664687546775 ], [ -58.366164233016107, -34.597663267962311 ], [ -58.366164233016526, -34.597663267945556 ], [ -58.366164233013166, -34.597663267929022 ], [ -58.366164233006181, -34.597663267913276 ], [ -58.366164232995786, -34.597663267898881 ], [ -58.366164232982342, -34.59766326788634 ], [ -58.36616423296632, -34.597663267876065 ], [ -58.366164232948286, -34.597663267868406 ], [ -58.366164232928831, -34.597663267863659 ], [ -58.366164232908666, -34.597663267861961 ], [ -58.366160308661222, -34.597663242202486 ], [ -58.366159008293437, -34.597663233956389 ], [ -58.366151102068024, -34.597636948570035 ], [ -58.366148896956084, -34.597614381514781 ], [ -58.366148463903826, -34.597609951587657 ], [ -58.366151160566361, -34.597582957951126 ], [ -58.366159123631633, -34.597556684235961 ], [ -58.366172139693546, -34.597531829818074 ], [ -58.366179054456836, -34.597531416164387 ], [ -58.366179054478955, -34.597531416161132 ], [ -58.36617905449981, -34.597531416154204 ], [ -58.366179054518497, -34.597531416143894 ], [ -58.366179054534236, -34.597531416130629 ], [ -58.36617905454635, -34.597531416114983 ], [ -58.366179054554323, -34.597531416097617 ], [ -58.366179054557826, -34.597531416079256 ], [ -58.366184023649545, -34.597454160019822 ], [ -58.366185892052194, -34.597425111366178 ], [ -58.366185892051547, -34.597425111350461 ], [ -58.366184816988543, -34.597417833311596 ], [ -58.366184816984855, -34.597417833296916 ], [ -58.366182298375136, -34.59741080380315 ], [ -58.366182298368571, -34.597410803789195 ], [ -58.366178407932736, -34.59740421580193 ], [ -58.366178407923464, -34.597404215789055 ], [ -58.366173275137371, -34.59739827854159 ], [ -58.366173252277669, -34.597398251481145 ], [ -58.366173252265249, -34.597398251468924 ], [ -58.366168705569983, -34.597394504242502 ], [ -58.366166971835568, -34.597393075910716 ], [ -58.366166971821741, -34.597393075901088 ], [ -58.366159743034856, -34.597388831658407 ], [ -58.366159743019274, -34.597388831650768 ], [ -58.366151764131814, -34.5973856360662 ], [ -58.366151764114896, -34.597385636060807 ], [ -58.366143254128339, -34.597383577647967 ], [ -58.366143254105197, -34.597383577644557 ], [ -58.366059787248815, -34.59737884719982 ], [ -58.366057888579718, -34.597378739325251 ], [ -58.366060047965441, -34.597361934117743 ], [ -58.366060217373331, -34.597360615471707 ], [ -58.366060217373459, -34.597360615453667 ], [ -58.366060217369238, -34.59736061543596 ], [ -58.366060217360825, -34.597360615419312 ], [ -58.366060217348576, -34.597360615404369 ], [ -58.366060217332979, -34.597360615391757 ], [ -58.366060217314654, -34.597360615381966 ], [ -58.36606021729434, -34.597360615375379 ], [ -58.366060217272839, -34.597360615372288 ], [ -58.365786818901334, -34.597344178807113 ], [ -58.365786818878888, -34.597344178807681 ], [ -58.365786818857046, -34.597344178812051 ], [ -58.365786818836767, -34.597344178820009 ], [ -58.365786818818876, -34.59734417883125 ], [ -58.36578681880416, -34.59734417884529 ], [ -58.365786818793232, -34.597344178861519 ], [ -58.365786818786567, -34.597344178879254 ], [ -58.365783920539826, -34.597356101401253 ], [ -58.36550821968531, -34.597335369805528 ], [ -58.364839731830727, -34.597284269657088 ], [ -58.364329861573694, -34.597243788958608 ], [ -58.363835566246436, -34.597202841976312 ], [ -58.363832120039106, -34.597200533345564 ], [ -58.363831463258165, -34.597200092920637 ], [ -58.36382794513316, -34.597196835928621 ], [ -58.363825102264485, -34.597193155819753 ], [ -58.363823007573686, -34.597189147302764 ], [ -58.36382171653149, -34.597184913184513 ], [ -58.363821259529637, -34.597180562561675 ], [ -58.363821425239209, -34.597178717492284 ], [ -58.36382165169217, -34.597176209929778 ], [ -58.363824427183943, -34.597168747522822 ], [ -58.363824427185847, -34.597168747516996 ], [ -58.363825391573194, -34.597165362560453 ], [ -58.363825718879461, -34.597164209006444 ], [ -58.363825922490285, -34.597163488938278 ], [ -58.363895299628624, -34.596967999901807 ], [ -58.36440567112156, -34.595529852312474 ], [ -58.364405671122377, -34.595529852310086 ], [ -58.364405949027436, -34.595528980859967 ], [ -58.364406237833002, -34.595528109418694 ], [ -58.364406237833549, -34.59552810941701 ], [ -58.364406504838286, -34.595527237957661 ], [ -58.364406771847293, -34.595526362892528 ], [ -58.364406771847548, -34.595526362891654 ], [ -58.364407027957107, -34.59552548691633 ], [ -58.364407285156716, -34.595524610942 ], [ -58.364407285157242, -34.59552461094011 ], [ -58.364407519469964, -34.595523731341927 ], [ -58.364407765771098, -34.595522853556346 ], [ -58.364407765771581, -34.595522853554534 ], [ -58.364407990277208, -34.595521971243642 ], [ -58.364408214782841, -34.595521088932763 ], [ -58.364408439288461, -34.595520206621885 ], [ -58.364408439288894, -34.595520206620094 ], [ -58.364408641996775, -34.595519321587282 ], [ -58.364408845795744, -34.595518435654022 ], [ -58.364408845795943, -34.595518435653126 ], [ -58.36440903869552, -34.595517548809497 ], [ -58.364409230505025, -34.595516661964922 ], [ -58.364409230505203, -34.595516661964105 ], [ -58.364409412506426, -34.595515773308833 ], [ -58.364409412506582, -34.595515773308023 ], [ -58.364409584698443, -34.595514883743327 ], [ -58.364409584698464, -34.595514883743213 ], [ -58.364409755802384, -34.595513992374862 ], [ -58.364409755802548, -34.595513992373995 ], [ -58.364409916004938, -34.595513101898156 ], [ -58.364410077300548, -34.595512208719057 ], [ -58.364410077300853, -34.595512208717281 ], [ -58.3644102167966, -34.595511314618996 ], [ -58.364410356291238, -34.595510421422162 ], [ -58.364410356291259, -34.595510421422048 ], [ -58.364410494699101, -34.595509525520043 ], [ -58.364410494699328, -34.595509525518459 ], [ -58.364410613485212, -34.595508630501961 ], [ -58.364410613485227, -34.595508630501861 ], [ -58.364410731182119, -34.595507734583073 ], [ -58.364410849968017, -34.595506839566724 ], [ -58.364410849968138, -34.595506839565708 ], [ -58.364410956766676, -34.595505941835242 ], [ -58.364410956766768, -34.595505941834425 ], [ -58.364411053755958, -34.595505043194599 ], [ -58.364411053756051, -34.595505043193725 ], [ -58.364411139843689, -34.595504145446455 ], [ -58.364411225933495, -34.595503245896346 ], [ -58.364411225933573, -34.595503245895557 ], [ -58.364411302210769, -34.595502348140379 ], [ -58.36441130221084, -34.595502348139362 ], [ -58.36441136650074, -34.595501447670188 ], [ -58.364411431879603, -34.595500548103416 ], [ -58.364411431879667, -34.595500548102422 ], [ -58.364411485269095, -34.595499647624401 ], [ -58.36441148526913, -34.595499647623598 ], [ -58.364411528847043, -34.595498748039056 ], [ -58.364411572428175, -34.595497845750259 ], [ -58.36441157242821, -34.595497845749449 ], [ -58.364411606196747, -34.595496945255533 ], [ -58.364411606196747, -34.595496945255434 ], [ -58.364411638877399, -34.595496042957777 ], [ -58.364411638877456, -34.595496042956071 ], [ -58.364411650843969, -34.595495143345914 ], [ -58.364411650843969, -34.595495143345822 ], [ -58.364411661723643, -34.595494241030508 ], [ -58.364411673691258, -34.595493340519027 ], [ -58.364411673691258, -34.595493340518132 ], [ -58.364411674760497, -34.595492438194881 ], [ -58.364411674760497, -34.595492438193979 ], [ -58.364411664926067, -34.595491538566144 ], [ -58.36441166492606, -34.595491538565334 ], [ -58.364411645284427, -34.595490636225293 ], [ -58.364411624552716, -34.59548973388425 ], [ -58.364411624552694, -34.59548973388344 ], [ -58.364411594008452, -34.595488833337441 ], [ -58.364411594008416, -34.595488833336539 ], [ -58.364411552562608, -34.595487933683096 ], [ -58.364411511120004, -34.595487031325398 ], [ -58.364411511119954, -34.595487031324481 ], [ -58.36441145877474, -34.595486130760818 ], [ -58.36441145877469, -34.595486130759916 ], [ -58.364411395527945, -34.595485231088787 ], [ -58.364411332279055, -34.595484333220504 ], [ -58.364411332278991, -34.595484333219709 ], [ -58.364411259222869, -34.595483432639213 ], [ -58.364411186165725, -34.595482532960162 ], [ -58.364411186165555, -34.59548253295835 ], [ -58.364411091305286, -34.595481635064473 ], [ -58.364410996445038, -34.59548073717059 ], [ -58.36441090158479, -34.595479839276699 ], [ -58.364410901584691, -34.595479839275782 ], [ -58.364410795821804, -34.59547894317592 ], [ -58.364410795821705, -34.595478943175145 ], [ -58.36441068025055, -34.595478045264443 ], [ -58.364410680250408, -34.595478045263405 ], [ -58.364410552683424, -34.595477151850254 ], [ -58.364410426209673, -34.595476255733594 ], [ -58.364410426209545, -34.59547625573267 ], [ -58.364410288832119, -34.59547536231149 ], [ -58.364410288831962, -34.595475362310594 ], [ -58.364410140554085, -34.595474468880575 ], [ -58.364409993366216, -34.595473575451422 ], [ -58.364409993366039, -34.595473575450427 ], [ -58.364409834185537, -34.595472683814378 ], [ -58.364409676095114, -34.59547179217931 ], [ -58.364409676094937, -34.595471792178344 ], [ -58.36440950601397, -34.595470900533456 ], [ -58.364409506013821, -34.595470900532618 ], [ -58.364409326119215, -34.59547001158402 ], [ -58.364409326119038, -34.595470011583195 ], [ -58.364409136411879, -34.595469124429563 ], [ -58.364408945614649, -34.595468237274886 ], [ -58.364408945614464, -34.595468237274012 ], [ -58.364408743916812, -34.595467350110603 ], [ -58.36440854330597, -34.595466465652429 ], [ -58.364408543305757, -34.595466465651462 ], [ -58.364408330704428, -34.595465581183497 ], [ -58.364408330704222, -34.595465581182687 ], [ -58.364408108290327, -34.595464698509602 ], [ -58.3644081082901, -34.595464698508714 ], [ -58.364407874973587, -34.595463817629629 ], [ -58.364407641656022, -34.595462937651973 ], [ -58.364407641655802, -34.595462937651163 ], [ -58.364407398525657, -34.59546205946841 ], [ -58.364407154306562, -34.595461180383296 ], [ -58.364407154306321, -34.595461180382458 ], [ -58.364406900272556, -34.595460304895148 ], [ -58.364406900272272, -34.595460304894225 ], [ -58.364406634249029, -34.595459428495737 ], [ -58.36440636931269, -34.595458554802498 ], [ -58.364406369312412, -34.595458554801596 ], [ -58.364406093473399, -34.595457682902286 ], [ -58.364406093473129, -34.595457682901454 ], [ -58.364405807820532, -34.595456813698483 ], [ -58.364405521077849, -34.595455944494503 ], [ -58.364405521077558, -34.595455944493629 ], [ -58.364405223432293, -34.595455077083777 ], [ -58.36440522343203, -34.595455077083031 ], [ -58.364404915976358, -34.595454209665213 ], [ -58.364404915976316, -34.595454209665085 ], [ -58.364404608515329, -34.59545334675439 ], [ -58.364404608515024, -34.595453346753565 ], [ -58.364404290153551, -34.595452483834009 ], [ -58.364403971789962, -34.595451622717249 ], [ -58.364403971789621, -34.595451622716347 ], [ -58.364403642522326, -34.595450764295101 ], [ -58.364403642522042, -34.59545076429437 ], [ -58.364403303444355, -34.595449905865152 ], [ -58.36440330344427, -34.595449905864932 ], [ -58.36440296327121, -34.595449051941927 ], [ -58.364402963270933, -34.595449051941216 ], [ -58.364402613288505, -34.595448197108873 ], [ -58.364402613288128, -34.595448197107956 ], [ -58.364402252400964, -34.595447345872408 ], [ -58.364401891512756, -34.595446495538276 ], [ -58.364401891512372, -34.595446495537395 ], [ -58.364401519720502, -34.595445647898728 ], [ -58.364401519720111, -34.595445647897854 ], [ -58.364401137024537, -34.595444802954631 ], [ -58.364400755416945, -34.59544395981515 ], [ -58.364400755416519, -34.595443959814233 ], [ -58.364400361816251, -34.595443118467898 ], [ -58.364399969304976, -34.595442278023775 ], [ -58.364399969304543, -34.59544227802288 ], [ -58.364399565888533, -34.595441441175687 ], [ -58.364399565888114, -34.595441441174806 ], [ -58.364399151568414, -34.595440607022994 ], [ -58.364398737248713, -34.595439772871188 ], [ -58.364398737248258, -34.595439772870293 ], [ -58.364398312023873, -34.59543894231534 ], [ -58.364397887886284, -34.59543811446553 ], [ -58.364397887885801, -34.595438114464599 ], [ -58.364397451754513, -34.595437289309331 ], [ -58.364397451754122, -34.595437289308578 ], [ -58.364397005810304, -34.595436465948211 ], [ -58.364396559864311, -34.595435644390619 ], [ -58.364396559863842, -34.595435644389774 ], [ -58.364396103014236, -34.59543482552769 ], [ -58.364396103013775, -34.595434825526873 ], [ -58.364395635261545, -34.595434008458774 ], [ -58.364395168596147, -34.595433194095797 ], [ -58.364395168595578, -34.595433194094817 ], [ -58.3643946899344, -34.595432384229284 ], [ -58.364394212361084, -34.595431576167456 ], [ -58.364394212360565, -34.595431576166597 ], [ -58.364393722794638, -34.595430769897888 ], [ -58.364393722794183, -34.595430769897135 ], [ -58.364393223414638, -34.59542996632473 ], [ -58.364392724032903, -34.595429164555114 ], [ -58.364392724032761, -34.595429164554901 ], [ -58.364392224644675, -34.595428368193865 ], [ -58.364392224643844, -34.595428368192565 ], [ -58.36439170454598, -34.595427570913337 ], [ -58.364391704545739, -34.59542757091296 ], [ -58.364391183349262, -34.595426780844257 ], [ -58.364390663243967, -34.595425989875032 ], [ -58.364390663243306, -34.595425989874045 ], [ -58.364390131141036, -34.595425204303559 ], [ -58.364390131140595, -34.59542520430292 ], [ -58.364389589226846, -34.595424419625921 ], [ -58.364389589226747, -34.595424419625758 ], [ -58.364389047308741, -34.595423638554436 ], [ -58.364389047308151, -34.595423638553605 ], [ -58.364388494485425, -34.595422861079101 ], [ -58.364387942749502, -34.595422086309753 ], [ -58.364387942748913, -34.595422086308936 ], [ -58.364387379020393, -34.59542131333275 ], [ -58.36438737901981, -34.59542131333194 ], [ -58.364386805475519, -34.595420544854889 ], [ -58.364386805475419, -34.595420544854754 ], [ -58.364386230838981, -34.595419778179675 ], [ -58.364385657289326, -34.595419014209661 ], [ -58.364385657288196, -34.595419014208183 ], [ -58.364385061932495, -34.595418254727896 ], [ -58.364384477473024, -34.595417498862155 ], [ -58.364384477471908, -34.595417498860712 ], [ -58.364383871207309, -34.595416746583041 ], [ -58.364383275842052, -34.595415995215603 ], [ -58.364383275840879, -34.595415995214161 ], [ -58.364382659758164, -34.595415249238172 ], [ -58.364382659757972, -34.595415249237945 ], [ -58.364382042580928, -34.595414506866753 ], [ -58.364381426493999, -34.59541376449652 ], [ -58.36438142649321, -34.595413764495582 ], [ -58.364380799497241, -34.595413029327801 ], [ -58.364380799496651, -34.595413029327119 ], [ -58.364380161598056, -34.595412295953359 ], [ -58.364380161597978, -34.595412295953274 ], [ -58.364379523697266, -34.595411564382346 ], [ -58.364379523696442, -34.595411564381408 ], [ -58.364378874886732, -34.595410840013038 ], [ -58.364378226077051, -34.595410115644654 ], [ -58.364378226076298, -34.59541011564383 ], [ -58.364377567448699, -34.595409397577448 ], [ -58.364377567448585, -34.595409397577328 ], [ -58.364376908817825, -34.595408682215151 ], [ -58.364376908817164, -34.595408682214448 ], [ -58.364376238193756, -34.595407968645425 ], [ -58.364376238193607, -34.595407968645276 ], [ -58.364375568654886, -34.595407259584249 ], [ -58.364375568654189, -34.595407259583524 ], [ -58.364374888210762, -34.595406554119357 ], [ -58.364374888209973, -34.595406554118547 ], [ -58.364374196859686, -34.595405854054043 ], [ -58.364374196859593, -34.595405854053951 ], [ -58.364373505507167, -34.595405155792299 ], [ -58.364373505507004, -34.595405155792136 ], [ -58.3643728152393, -34.595404462038495 ], [ -58.364372815238575, -34.595404462037777 ], [ -58.364372112977186, -34.595403770978642 ], [ -58.364372112976923, -34.595403770978386 ], [ -58.364371410709097, -34.595403085327803 ], [ -58.364371410708422, -34.595403085327149 ], [ -58.364370698625947, -34.595402403274306 ], [ -58.364370698625223, -34.595402403273617 ], [ -58.364369975637992, -34.595401724817584 ], [ -58.364369975637906, -34.595401724817499 ], [ -58.364369252648551, -34.595401048164305 ], [ -58.36436925264816, -34.59540104816395 ], [ -58.364368529650271, -34.595400378722175 ], [ -58.364368529649632, -34.595400378721571 ], [ -58.364367795749196, -34.595399711073775 ], [ -58.364367795748457, -34.595399711073107 ], [ -58.364367052032222, -34.595399047924431 ], [ -58.364367052031866, -34.595399047924111 ], [ -58.364366307219186, -34.595398390183128 ], [ -58.364365562405425, -34.595397733343496 ], [ -58.364365562404522, -34.595397733342708 ], [ -58.364364807771857, -34.595397083706523 ], [ -58.364364807771757, -34.595397083706423 ], [ -58.364364233900844, -34.595396591064365 ], [ -58.364364053136931, -34.59539643587312 ], [ -58.364364053136079, -34.595396435872395 ], [ -58.364363474896429, -34.595395950438153 ], [ -58.36436328650538, -34.59539579253638 ], [ -58.364363286504719, -34.595395792535832 ], [ -58.364362511148471, -34.595395153699975 ], [ -58.364361744507228, -34.595394519378296 ], [ -58.36436174450597, -34.595394519377273 ], [ -58.364360958238628, -34.595393889546813 ], [ -58.36436018177632, -34.595393264231419 ], [ -58.364360181774991, -34.595393264230374 ], [ -58.364359383507647, -34.595392642503057 ], [ -58.364358597227586, -34.595392023489701 ], [ -58.36435859722652, -34.59539202348887 ], [ -58.364357798947232, -34.595391411677035 ], [ -58.364357798946507, -34.595391411676488 ], [ -58.364356990852507, -34.595390803462365 ], [ -58.364356990852329, -34.59539080346223 ], [ -58.364356182755138, -34.595390197952341 ], [ -58.364356182754719, -34.595390197952028 ], [ -58.364355374650067, -34.595389598752107 ], [ -58.364355374649406, -34.59538959875163 ], [ -58.364354555642166, -34.595389001345715 ], [ -58.364354555641135, -34.595389001344969 ], [ -58.364353725725081, -34.595388411141734 ], [ -58.364352906707367, -34.595387822750169 ], [ -58.364352906705903, -34.595387822749139 ], [ -58.364352066969829, -34.595387240650695 ], [ -58.364351237040928, -34.595386661264428 ], [ -58.36435123703987, -34.595386661263703 ], [ -58.364350396201807, -34.595386089079909 ], [ -58.364350396201068, -34.595386089079412 ], [ -58.364349545548372, -34.595385520493316 ], [ -58.364349545548045, -34.595385520493089 ], [ -58.364348694889991, -34.595384956414087 ], [ -58.364348694889664, -34.595384956413866 ], [ -58.364347844226266, -34.595384396842007 ], [ -58.36434784422535, -34.595384396841403 ], [ -58.364346981566122, -34.595383841766917 ], [ -58.364346981565895, -34.595383841766775 ], [ -58.364346119992447, -34.595383290298841 ], [ -58.364346119992042, -34.595383290298578 ], [ -58.364345258412207, -34.595382744239146 ], [ -58.364345258411454, -34.595382744238691 ], [ -58.364344387016949, -34.595382201777028 ], [ -58.364344387015819, -34.595382201776346 ], [ -58.364343503622301, -34.59538166651631 ], [ -58.364342631123968, -34.595381135772286 ], [ -58.364342631122845, -34.595381135771603 ], [ -58.364341737911367, -34.595380606813542 ], [ -58.364340854502842, -34.595380084173364 ], [ -58.364340854501798, -34.595380084172753 ], [ -58.364339961274325, -34.595379568736014 ], [ -58.364339961274183, -34.595379568735929 ], [ -58.364339068044622, -34.595379055102015 ], [ -58.364339068043748, -34.595379055101525 ], [ -58.364338163908343, -34.595378545965893 ], [ -58.364338163907746, -34.595378545965559 ], [ -58.36433725976385, -34.595378044041311 ], [ -58.364337259763545, -34.595378044041148 ], [ -58.364336355615343, -34.595377545722535 ], [ -58.364336355614221, -34.595377545721931 ], [ -58.364335440557028, -34.595377054605862 ], [ -58.364335440556872, -34.59537705460577 ], [ -58.364334525497547, -34.59537656529254 ], [ -58.364334525496517, -34.595376565292 ], [ -58.364333599529296, -34.595376082279913 ], [ -58.364333599528955, -34.595376082279728 ], [ -58.36433267464642, -34.595375603775558 ], [ -58.364332674645901, -34.595375603775288 ], [ -58.364331748666892, -34.595375130678846 ], [ -58.364331748666579, -34.595375130678683 ], [ -58.364330822683335, -34.595374661187847 ], [ -58.364330822682341, -34.595374661187343 ], [ -58.364329886881201, -34.595374197998531 ], [ -58.364329886880803, -34.595374197998332 ], [ -58.364328951074306, -34.595373739316614 ], [ -58.364328951073169, -34.595373739316074 ], [ -58.364328004357724, -34.595373287836878 ], [ -58.364328004357525, -34.595373287836772 ], [ -58.364327056549847, -34.595372838159534 ], [ -58.364327056549151, -34.595372838159207 ], [ -58.364326109821931, -34.595372396595607 ], [ -58.364326109821143, -34.595372396595252 ], [ -58.364325152189195, -34.595371958628533 ], [ -58.364325152188684, -34.595371958628306 ], [ -58.364324194550363, -34.59537152607011 ], [ -58.364324194549908, -34.595371526069904 ], [ -58.364323237995173, -34.595371098921092 ], [ -58.364323237994789, -34.595371098920921 ], [ -58.364322280345782, -34.595370675376905 ], [ -58.364322280344645, -34.595370675376415 ], [ -58.364321311786625, -34.595370259034937 ], [ -58.364321311786284, -34.595370259034787 ], [ -58.364320343223987, -34.595369846299008 ], [ -58.364320343222893, -34.595369846298546 ], [ -58.364319364841755, -34.595369440766206 ], [ -58.364318396268892, -34.595369037044641 ], [ -58.364318396267635, -34.595369037044115 ], [ -58.364317417873565, -34.595368642328779 ], [ -58.364317417872883, -34.595368642328502 ], [ -58.364316428575165, -34.595368250308589 ], [ -58.364316428574746, -34.595368250308425 ], [ -58.364315449077814, -34.595367866409241 ], [ -58.364315449077168, -34.595367866408999 ], [ -58.364314459766653, -34.595367485206118 ], [ -58.364314459766014, -34.595367485205877 ], [ -58.364313470447996, -34.595367110312928 ], [ -58.364313470447144, -34.595367110312601 ], [ -58.364312470223368, -34.595366739917928 ], [ -58.364312470223084, -34.595366739917822 ], [ -58.36431147980219, -34.59536637584106 ], [ -58.364311479801415, -34.595366375840776 ], [ -58.364310480654851, -34.595366016264045 ], [ -58.364310480653785, -34.595366016263668 ], [ -58.36430946950923, -34.59536566298712 ], [ -58.364309469509053, -34.595365662987057 ], [ -58.364308469258546, -34.5953653151279 ], [ -58.364308469257608, -34.595365315127573 ], [ -58.364307458100242, -34.595364972668094 ], [ -58.364307458099681, -34.595364972667902 ], [ -58.364306446935906, -34.595364635616939 ], [ -58.364306446935281, -34.595364635616733 ], [ -58.364305436854082, -34.595364304876611 ], [ -58.3643054368533, -34.595364304876355 ], [ -58.364304414777308, -34.595363977732177 ], [ -58.364304414776932, -34.595363977732063 ], [ -58.364303287001782, -34.59536362075518 ], [ -58.364303286993881, -34.595363620752956 ], [ -58.364142617420981, -34.595324108045865 ], [ -58.364141596401112, -34.595323812451639 ], [ -58.364141596400344, -34.595323812451433 ], [ -58.36414056338328, -34.595323520452524 ], [ -58.364140563382534, -34.595323520452311 ], [ -58.364139531446945, -34.595323235665575 ], [ -58.364139531446341, -34.595323235665404 ], [ -58.364138488607111, -34.595322953574104 ], [ -58.364137456663947, -34.595322675097322 ], [ -58.36413745666303, -34.595322675097073 ], [ -58.364136413813114, -34.595322402020003 ], [ -58.364135381859278, -34.595322132557364 ], [ -58.364135381858667, -34.595322132557207 ], [ -58.364134339001218, -34.595321865790041 ], [ -58.364134339000522, -34.595321865789863 ], [ -58.364133296135599, -34.59532160533265 ], [ -58.364133296134895, -34.595321605332472 ], [ -58.364132242365251, -34.595321348472069 ], [ -58.364132242364946, -34.595321348471984 ], [ -58.364131199489336, -34.595321097028965 ], [ -58.364131199488838, -34.595321097028844 ], [ -58.364130156607885, -34.595320850092925 ], [ -58.364130156607388, -34.595320850092797 ], [ -58.364129102823824, -34.595320604950864 ], [ -58.364129102823121, -34.5953206049507 ], [ -58.364128049032061, -34.595320366118692 ], [ -58.364128049031557, -34.595320366118578 ], [ -58.364126995235161, -34.595320131793663 ], [ -58.364126995234884, -34.595320131793613 ], [ -58.364125942525341, -34.595319900173855 ], [ -58.364125942524602, -34.595319900173692 ], [ -58.364124888717463, -34.595319674863006 ], [ -58.364124888717157, -34.595319674862935 ], [ -58.364123834906863, -34.595319452256469 ], [ -58.364123834905989, -34.595319452256284 ], [ -58.364122770188807, -34.595319235049502 ], [ -58.364122770188466, -34.595319235049438 ], [ -58.364121717455333, -34.595319023260942 ], [ -58.364121717454864, -34.595319023260842 ], [ -58.364120652729149, -34.595318813265408 ], [ -58.364120652728559, -34.595318813265287 ], [ -58.364119598894689, -34.595318610490082 ], [ -58.364119598894376, -34.595318610490018 ], [ -58.364118535249027, -34.595318408608264 ], [ -58.36411853524806, -34.595318408608094 ], [ -58.364117470503082, -34.595318214838223 ], [ -58.364116406846975, -34.59531802197062 ], [ -58.364116406845902, -34.595318021970435 ], [ -58.364115331190796, -34.595317836304503 ], [ -58.364114267522908, -34.595317653352559 ], [ -58.364114267522261, -34.595317653352438 ], [ -58.364113202757984, -34.595317475808102 ], [ -58.364113202757153, -34.595317475807967 ], [ -58.364112128176046, -34.595317303664231 ], [ -58.364111063403193, -34.595317133331257 ], [ -58.364111063402177, -34.5953171333311 ], [ -58.364109988810327, -34.595316970201566 ], [ -58.364108914217368, -34.595316807973383 ], [ -58.364108914216402, -34.595316807973241 ], [ -58.364107838523857, -34.595316653857004 ], [ -58.364107838523552, -34.595316653856962 ], [ -58.36410676391781, -34.59531650244584 ], [ -58.364106763917391, -34.595316502445783 ], [ -58.364105689307358, -34.595316354640374 ], [ -58.364105689306598, -34.595316354640261 ], [ -58.364104613599061, -34.595316213143917 ], [ -58.364104613598656, -34.595316213143853 ], [ -58.364103538976856, -34.59531607525404 ], [ -58.364103538976423, -34.595316075253997 ], [ -58.364102464350331, -34.595315940969847 ], [ -58.364102464349543, -34.595315940969755 ], [ -58.364101378816599, -34.595315812085289 ], [ -58.364101378816216, -34.595315812085246 ], [ -58.364100304178351, -34.595315687716734 ], [ -58.364100304177548, -34.595315687716649 ], [ -58.364099217542773, -34.595315568746919 ], [ -58.364098142897468, -34.595315450688375 ], [ -58.364098142896474, -34.595315450688261 ], [ -58.364097057342107, -34.59531533983219 ], [ -58.364097057341574, -34.59531533983214 ], [ -58.36409597178185, -34.595315233483142 ], [ -58.364095971781431, -34.595315233483113 ], [ -58.364094897116786, -34.595315131650132 ], [ -58.364094897116239, -34.595315131650089 ], [ -58.364093811546894, -34.59531503341389 ], [ -58.364093811546233, -34.595315033413833 ], [ -58.364092724880365, -34.595314940585276 ], [ -58.364092724879946, -34.59531494058524 ], [ -58.364091639299879, -34.595314851363234 ], [ -58.364091639299225, -34.595314851363185 ], [ -58.364090553712714, -34.595314767549702 ], [ -58.36409055371228, -34.595314767549674 ], [ -58.364089468121513, -34.595314687341919 ], [ -58.36408946812098, -34.595314687341876 ], [ -58.364088382524841, -34.595314611641165 ], [ -58.364088382524081, -34.595314611641108 ], [ -58.364087296920417, -34.595314542250343 ], [ -58.364087296920097, -34.595314542250321 ], [ -58.36408621131325, -34.595314475563839 ], [ -58.364086211312703, -34.595314475563796 ], [ -58.364085125700484, -34.595314413384401 ], [ -58.364085125700051, -34.595314413384379 ], [ -58.36408404008354, -34.595314354810682 ], [ -58.364084040082609, -34.595314354810633 ], [ -58.364082943557086, -34.595314303439416 ], [ -58.364082943556916, -34.595314303439409 ], [ -58.364081857929705, -34.595314253879899 ], [ -58.364081857928838, -34.595314253879863 ], [ -58.364080772293072, -34.595314211531715 ], [ -58.364080772292809, -34.595314211531694 ], [ -58.364079675754418, -34.595314170977517 ], [ -58.364079675753594, -34.595314170977495 ], [ -58.364078590107049, -34.595314137643506 ], [ -58.364078590106935, -34.595314137643506 ], [ -58.364077504459388, -34.595314105210996 ], [ -58.364077504458386, -34.59531410521096 ], [ -58.364076407900697, -34.595314080882346 ], [ -58.364076407900292, -34.595314080882346 ], [ -58.36407532223879, -34.595314060168278 ], [ -58.364075322238563, -34.59531406016827 ], [ -58.364074236574893, -34.595314041257012 ], [ -58.364074236574019, -34.595314041257012 ], [ -58.364073140001373, -34.595314029548277 ], [ -58.364073140000833, -34.59531402954827 ], [ -58.364072054323238, -34.595314022355474 ], [ -58.364072054322797, -34.595314022355474 ], [ -58.364070957740466, -34.595314018759524 ], [ -58.364070957739813, -34.595314018759524 ], [ -58.364069872051523, -34.595314020580958 ], [ -58.364069872051076, -34.595314020580958 ], [ -58.364068786358494, -34.595314026008033 ], [ -58.364068786357961, -34.59531402600804 ], [ -58.364067689759572, -34.595314035933399 ], [ -58.364067689758912, -34.595314035933406 ], [ -58.3640666040545, -34.595314051276091 ], [ -58.364066604054052, -34.595314051276091 ], [ -58.364065518345406, -34.595314070224525 ], [ -58.364065518344894, -34.595314070224539 ], [ -58.364064421730404, -34.595314093671163 ], [ -58.364064421729935, -34.59531409367117 ], [ -58.364063336011625, -34.595314120732354 ], [ -58.364063336011014, -34.595314120732375 ], [ -58.36406223938581, -34.595314153193172 ], [ -58.364062239384999, -34.595314153193193 ], [ -58.364061153652763, -34.595314191972854 ], [ -58.364061153652543, -34.595314191972868 ], [ -58.364060067918146, -34.595314232555324 ], [ -58.364060067917492, -34.595314232555346 ], [ -58.364058982176658, -34.595314278546361 ], [ -58.364058982176061, -34.59531427854639 ], [ -58.364057885528339, -34.59531432993704 ], [ -58.364057885527956, -34.595314329937061 ], [ -58.364056799777472, -34.59531438404084 ], [ -58.364056799776598, -34.595314384040883 ], [ -58.364055714017539, -34.595314445356017 ], [ -58.364055714017326, -34.595314445356024 ], [ -58.36405462825612, -34.595314508473983 ], [ -58.364054628255353, -34.595314508474033 ], [ -58.36405354248663, -34.595314577901974 ], [ -58.364053542486097, -34.595314577902009 ], [ -58.364052456712045, -34.595314651837043 ], [ -58.364052456711825, -34.595314651837064 ], [ -58.364051370935599, -34.595314727574873 ], [ -58.364051370934732, -34.595314727574944 ], [ -58.364050285149936, -34.595314810524137 ], [ -58.364050285149389, -34.595314810524187 ], [ -58.364049199359243, -34.595314897980508 ], [ -58.364049199358824, -34.595314897980543 ], [ -58.364048113564358, -34.595314989042556 ], [ -58.364048113564031, -34.595314989042578 ], [ -58.364047027766361, -34.595315082808824 ], [ -58.364047027765494, -34.595315082808902 ], [ -58.36404594195924, -34.595315183786504 ], [ -58.364045941958707, -34.595315183786546 ], [ -58.364044865958576, -34.59531528837784 ], [ -58.364044865958157, -34.59531528837789 ], [ -58.364043780142254, -34.595315397468255 ], [ -58.364043780141721, -34.595315397468319 ], [ -58.364042694320467, -34.59531551106582 ], [ -58.364042694319778, -34.595315511065891 ], [ -58.364041619393589, -34.595315629179325 ], [ -58.364041619393056, -34.595315629179389 ], [ -58.364040544461503, -34.595315751799959 ], [ -58.364040544461218, -34.595315751799987 ], [ -58.36403945862493, -34.595315878017345 ], [ -58.364039458624156, -34.595315878017431 ], [ -58.364038382591829, -34.595316009651313 ], [ -58.364038382591389, -34.59531600965137 ], [ -58.364037307644843, -34.595316144891804 ], [ -58.364037307644203, -34.595316144891882 ], [ -58.364036232691198, -34.595316285540832 ], [ -58.364036232690943, -34.595316285540861 ], [ -58.364035146833203, -34.595316429786635 ], [ -58.364035146832123, -34.595316429786777 ], [ -58.36403408167773, -34.595316580359359 ], [ -58.36403408167758, -34.595316580359373 ], [ -58.364033006709533, -34.595316733628188 ], [ -58.364033006709022, -34.595316733628266 ], [ -58.364031930645623, -34.595316891403307 ], [ -58.364031930645076, -34.595316891403385 ], [ -58.364030855666307, -34.595317053686422 ], [ -58.364030855665696, -34.595317053686514 ], [ -58.3640297915831, -34.595317219584111 ], [ -58.364029791582475, -34.595317219584203 ], [ -58.364028715500829, -34.595317392683398 ], [ -58.364028715500282, -34.595317392683476 ], [ -58.364027651405884, -34.595317568496668 ], [ -58.364027651405706, -34.595317568496696 ], [ -58.364026575316501, -34.595317747905824 ], [ -58.364026575315741, -34.595317747905952 ], [ -58.364025511211679, -34.595317931831929 ], [ -58.364025511211182, -34.595317931832021 ], [ -58.364024446011705, -34.595318120264196 ], [ -58.364024446010959, -34.595318120264345 ], [ -58.364023381894022, -34.595318315007354 ], [ -58.36402338189373, -34.595318315007411 ], [ -58.364022316683538, -34.595318512453815 ], [ -58.364022316682991, -34.595318512453915 ], [ -58.364021252557457, -34.595318714408279 ], [ -58.364021252556832, -34.595318714408407 ], [ -58.364020198237434, -34.595318919976442 ], [ -58.364020198236851, -34.595318919976563 ], [ -58.364019133008405, -34.5953191327471 ], [ -58.364019133007922, -34.595319132747193 ], [ -58.364018079767824, -34.595319347330317 ], [ -58.36401807976759, -34.595319347330353 ], [ -58.364017014531584, -34.595319566410829 ], [ -58.364017014530724, -34.595319566411007 ], [ -58.36401596018878, -34.59531979090886 ], [ -58.364015960188432, -34.595319790908931 ], [ -58.364014906933313, -34.59532001811192 ], [ -58.364014906932425, -34.595320018112133 ], [ -58.364013852577564, -34.595320253427047 ], [ -58.364013852577195, -34.595320253427126 ], [ -58.364012809121768, -34.595320489652323 ], [ -58.364012809121441, -34.595320489652401 ], [ -58.364011754759048, -34.595320731277205 ], [ -58.364011754758643, -34.595320731277305 ], [ -58.364010700392008, -34.595320976507821 ], [ -58.36401070039112, -34.595320976508027 ], [ -58.364009656918491, -34.595321227155942 ], [ -58.364009656918086, -34.595321227156042 ], [ -58.364008613441129, -34.59532148140962 ], [ -58.364008613440632, -34.595321481409755 ], [ -58.364007569958325, -34.595321740170434 ], [ -58.364007569957828, -34.595321740170554 ], [ -58.364006526470178, -34.595322003438334 ], [ -58.36400652646968, -34.595322003438469 ], [ -58.364005482976637, -34.595322271213377 ], [ -58.364005482976111, -34.595322271213512 ], [ -58.36400445038138, -34.595322540800076 ], [ -58.364004450380897, -34.595322540800197 ], [ -58.36400340687711, -34.595322817589278 ], [ -58.3640034068763, -34.595322817589491 ], [ -58.364002374267592, -34.595323098894589 ], [ -58.364002374267201, -34.595323098894688 ], [ -58.364001341654209, -34.595323383805429 ], [ -58.364001341653953, -34.5953233838055 ], [ -58.364000307947677, -34.595323671419585 ], [ -58.364000307946952, -34.595323671419798 ], [ -58.363999275323238, -34.59532396534474 ], [ -58.363999275322954, -34.595323965344832 ], [ -58.363998242695978, -34.595324261973985 ], [ -58.363998242694947, -34.595324261974284 ], [ -58.363997220961018, -34.595324564922308 ], [ -58.363996187234441, -34.595324869663337 ], [ -58.363996187233575, -34.5953248696636 ], [ -58.363995165492021, -34.595325178921549 ], [ -58.363995165491581, -34.595325178921691 ], [ -58.363994142654619, -34.595325492685845 ], [ -58.363994142653652, -34.595325492686158 ], [ -58.363993131800846, -34.595325811868548 ], [ -58.363992108954228, -34.595326133745473 ], [ -58.363992108953248, -34.595326133745793 ], [ -58.3639910980907, -34.595326461041005 ], [ -58.363990075232152, -34.595326792833603 ], [ -58.363990075231399, -34.595326792833845 ], [ -58.363989063269138, -34.595327128240939 ], [ -58.363989063268477, -34.595327128241166 ], [ -58.363988062203369, -34.59532746636139 ], [ -58.363988062202978, -34.595327466361532 ], [ -58.363987051318936, -34.595327811685159 ], [ -58.363987051318396, -34.595327811685344 ], [ -58.363986050242595, -34.595328158819811 ], [ -58.363986050242339, -34.595328158819896 ], [ -58.363985038258562, -34.595328512255392 ], [ -58.363985038257979, -34.595328512255591 ], [ -58.363984037172493, -34.595328867502808 ], [ -58.363984037171946, -34.595328867503014 ], [ -58.36398303608, -34.595329228158761 ], [ -58.363983036079226, -34.595329228159045 ], [ -58.363982045883475, -34.59532959242933 ], [ -58.363981044781838, -34.595329961197884 ], [ -58.363981044781156, -34.595329961198139 ], [ -58.363980054576764, -34.595330332679779 ], [ -58.363980054576139, -34.595330332680014 ], [ -58.363979064364251, -34.595330710471615 ], [ -58.363979064364074, -34.595330710471686 ], [ -58.363978074150054, -34.595331090066125 ], [ -58.363978074149223, -34.595331090066438 ], [ -58.363977093740182, -34.595331474175957 ], [ -58.363977093739685, -34.595331474176149 ], [ -58.363976114415344, -34.595331862793664 ], [ -58.363976114415244, -34.595331862793699 ], [ -58.363975124184009, -34.595332256810856 ], [ -58.363975124182929, -34.59533225681129 ], [ -58.363974154659331, -34.595332653549576 ], [ -58.363974154659189, -34.595332653549626 ], [ -58.363973175318719, -34.595333055688435 ], [ -58.363973175318591, -34.595333055688485 ], [ -58.363972194885932, -34.595333459629273 ], [ -58.36397219488493, -34.595333459629686 ], [ -58.36397122643632, -34.595333868988703 ], [ -58.363971226436028, -34.595333868988831 ], [ -58.363970256893076, -34.595334281952653 ], [ -58.363970256892202, -34.595334281953036 ], [ -58.363969298244342, -34.595334699432861 ], [ -58.363968328691804, -34.595335120509432 ], [ -58.363968328691101, -34.595335120509745 ], [ -58.363967370035688, -34.595335544299488 ], [ -58.363967370034963, -34.595335544299807 ], [ -58.363966412461025, -34.595335975301772 ], [ -58.363965452704761, -34.595336408104934 ], [ -58.363965452703795, -34.595336408105375 ], [ -58.363964506022953, -34.595336845426068 ], [ -58.36396354625942, -34.595337284538999 ], [ -58.363963546258198, -34.595337284539575 ], [ -58.363962599566413, -34.595337730874569 ], [ -58.3639625995663, -34.595337730874633 ], [ -58.363961651782326, -34.595338179011598 ], [ -58.363961651781501, -34.595338179011989 ], [ -58.363960713802555, -34.595338631664056 ], [ -58.363960713802093, -34.595338631664276 ], [ -58.363959776907819, -34.595339088824304 ], [ -58.363959776907656, -34.595339088824375 ], [ -58.363958840011229, -34.595339547787304 ], [ -58.363958840010632, -34.595339547787596 ], [ -58.363957902015571, -34.595340013960914 ], [ -58.363957902014882, -34.595340013961263 ], [ -58.36395697600836, -34.595340481947133 ], [ -58.363956038009142, -34.595340951726087 ], [ -58.363956038007984, -34.595340951726676 ], [ -58.363955111990499, -34.595341428726826 ], [ -58.363955111989895, -34.595341428727139 ], [ -58.363954195780664, -34.595341907538113 ], [ -58.363953269755733, -34.595342390848216 ], [ -58.363953269754909, -34.59534239084865 ], [ -58.363952353534927, -34.595342878673826 ], [ -58.363952353534692, -34.595342878673954 ], [ -58.363951437311492, -34.595343369203384 ], [ -58.363951437310448, -34.595343369203952 ], [ -58.36395053198018, -34.595343866052239 ], [ -58.363949626651028, -34.595344361999054 ], [ -58.363949626650424, -34.595344361999373 ], [ -58.363948721312624, -34.595344865157564 ], [ -58.363948721312397, -34.595344865157685 ], [ -58.363947815971372, -34.595345371020166 ], [ -58.363947815970569, -34.595345371020613 ], [ -58.363946921525681, -34.595345880497639 ], [ -58.36394692152529, -34.595345880497867 ], [ -58.3639460259839, -34.595346395382528 ], [ -58.363946025983694, -34.595346395382649 ], [ -58.363945131530222, -34.59534691207103 ], [ -58.363945131529938, -34.595346912071193 ], [ -58.363944237072168, -34.595347432365244 ], [ -58.363944237071259, -34.59534743236577 ], [ -58.363943352417422, -34.595347958076374 ], [ -58.36394335241723, -34.595347958076495 ], [ -58.363942468851278, -34.59534848559079 ], [ -58.363942468851036, -34.595348485590939 ], [ -58.363941584190727, -34.595349016710031 ], [ -58.363941584189789, -34.595349016710593 ], [ -58.363940710423506, -34.595349553247097 ], [ -58.363940710423314, -34.59534955324721 ], [ -58.363939837744894, -34.595350091587434 ], [ -58.363939837744603, -34.595350091587612 ], [ -58.363938963970803, -34.595350634434048 ], [ -58.363938963970064, -34.59535063443451 ], [ -58.363938101093467, -34.595351179994069 ], [ -58.363938101093254, -34.595351179994211 ], [ -58.363937237122286, -34.595351729158573 ], [ -58.363937237121831, -34.595351729158864 ], [ -58.363936375325601, -34.59535228283211 ], [ -58.363936375324776, -34.595352282832643 ], [ -58.363935522242635, -34.595352841921411 ], [ -58.363934660439043, -34.595353401904468 ], [ -58.363934660437884, -34.595353401905243 ], [ -58.363933818251752, -34.595353964608627 ], [ -58.363932966249862, -34.595354531811061 ], [ -58.363932966248996, -34.595354531811651 ], [ -58.363932125142142, -34.59535510353016 ], [ -58.36393128294295, -34.595355677050698 ], [ -58.363931282942048, -34.595355677051316 ], [ -58.363930452728233, -34.595356255088568 ], [ -58.36392960942851, -34.595356837622212 ], [ -58.363929609427188, -34.595356837623129 ], [ -58.363928789015169, -34.595357422879729 ], [ -58.363927959880627, -34.595358009932042 ], [ -58.363927959879753, -34.595358009932667 ], [ -58.363927139457921, -34.595358603302138 ], [ -58.363926319036068, -34.595359196671595 ], [ -58.363926319035762, -34.595359196671808 ], [ -58.363925498608502, -34.595359794548379 ], [ -58.363925498607664, -34.595359794549005 ], [ -58.36392468907551, -34.595360396941537 ], [ -58.363924689075382, -34.595360396941615 ], [ -58.363923879541062, -34.595361001137007 ], [ -58.363923879540224, -34.595361001137654 ], [ -58.363923079809858, -34.595361610749535 ], [ -58.363923079809744, -34.595361610749627 ], [ -58.363922281168357, -34.595362221263855 ], [ -58.363922281168001, -34.595362221264125 ], [ -58.363921482520134, -34.595362837186855 ], [ -58.363921482519537, -34.595362837187331 ], [ -58.363920693679958, -34.595363454920893 ], [ -58.363920693679717, -34.59536345492107 ], [ -58.363919903744687, -34.595364077160824 ], [ -58.363919903744417, -34.595364077161037 ], [ -58.363919117077387, -34.59536470120635 ], [ -58.363919117077153, -34.595364701206535 ], [ -58.363918328223555, -34.595365330658531 ], [ -58.363918328222944, -34.595365330659 ], [ -58.363917550268745, -34.595365961021351 ], [ -58.363917550267878, -34.595365961022061 ], [ -58.363916783207912, -34.595366596801618 ], [ -58.3639160041553, -34.595367234374187 ], [ -58.363916004153829, -34.595367234375409 ], [ -58.363915249076861, -34.595367876474583 ], [ -58.363914482009427, -34.595368518563987 ], [ -58.363914482008511, -34.595368518564761 ], [ -58.363913725833683, -34.595369166973278 ], [ -58.363913725833577, -34.59536916697337 ], [ -58.363912968565472, -34.595369818085224 ], [ -58.363912968565302, -34.595369818085352 ], [ -58.36391221238511, -34.595370471000948 ], [ -58.36391221238452, -34.595370471001466 ], [ -58.363911466012546, -34.595371125727873 ], [ -58.363911466011629, -34.595371125728668 ], [ -58.363910731623918, -34.595371785873198 ], [ -58.363909985241399, -34.595372449613677 ], [ -58.363909985240696, -34.595372449614302 ], [ -58.363909249755224, -34.595373116068046 ], [ -58.363909249754592, -34.595373116068629 ], [ -58.363908525167375, -34.5953737843341 ], [ -58.363908525167226, -34.595373784334235 ], [ -58.363907800576818, -34.595374455303983 ], [ -58.363907800576627, -34.59537445530416 ], [ -58.363907075981899, -34.595375129879599 ], [ -58.363907075981757, -34.595375129879727 ], [ -58.363906351383811, -34.595375807159442 ], [ -58.363906351383029, -34.595375807160174 ], [ -58.363905637680134, -34.595376488955829 ], [ -58.363905637679551, -34.59537648895639 ], [ -58.363904933785108, -34.595377172562721 ], [ -58.363904220077018, -34.595377858865334 ], [ -58.363904220076307, -34.595377858866023 ], [ -58.363903516173067, -34.595378549683879 ], [ -58.363903516172378, -34.595378549684561 ], [ -58.36390282425748, -34.59537924231504 ], [ -58.36390213016039, -34.595379936746575 ], [ -58.363902130160149, -34.595379936746809 ], [ -58.363901438239843, -34.595380633884382 ], [ -58.36390143823909, -34.595380633885149 ], [ -58.363900757213898, -34.595381335538683 ], [ -58.36390007400648, -34.5953820389933 ], [ -58.363900074006239, -34.595382038993542 ], [ -58.36389939297564, -34.595382745154218 ], [ -58.363899392975007, -34.595382745154893 ], [ -58.363898721750516, -34.595383454929205 ], [ -58.363898721749919, -34.595383454929838 ], [ -58.363898060332787, -34.595384167416249 ], [ -58.363897389102036, -34.595384882598943 ], [ -58.363897389101439, -34.595384882599596 ], [ -58.363896728768793, -34.595385599594152 ], [ -58.363896728768175, -34.595385599594827 ], [ -58.363896077150507, -34.595386321103618 ], [ -58.363895426623948, -34.595387041711902 ], [ -58.3638954266235, -34.595387041712399 ], [ -58.363894778267365, -34.59538777043521 ], [ -58.363894778266982, -34.595387770435636 ], [ -58.363894138632276, -34.595388498264143 ], [ -58.363894138632197, -34.595388498264242 ], [ -58.36389349899536, -34.595389227895559 ], [ -58.363893498994621, -34.595389227896405 ], [ -58.363892870251789, -34.59538996294517 ], [ -58.363892241507813, -34.595390698895358 ], [ -58.363892241507727, -34.595390698895471 ], [ -58.36389161166943, -34.595391438450442 ], [ -58.363891611668841, -34.595391438451131 ], [ -58.363890992728869, -34.595392179817829 ], [ -58.363890992728706, -34.595392179818028 ], [ -58.363890375966648, -34.595392922989333 ], [ -58.363890375966164, -34.595392922989902 ], [ -58.363889767922352, -34.595393667971109 ], [ -58.363889767922146, -34.595393667971372 ], [ -58.363889159871846, -34.595394418361145 ], [ -58.363889159871235, -34.595394418361913 ], [ -58.363888563809297, -34.595395170564309 ], [ -58.363887966655142, -34.595395924568656 ], [ -58.363887369499906, -34.595396679474426 ], [ -58.363887369499217, -34.595396679475307 ], [ -58.363886783237966, -34.595397439798468 ], [ -58.363886196975649, -34.595398201023102 ], [ -58.363886196975102, -34.595398201023826 ], [ -58.363885621611082, -34.595398964060131 ], [ -58.363885045153779, -34.595399729799858 ], [ -58.363885045153609, -34.595399729800086 ], [ -58.363884469782072, -34.595400499146308 ], [ -58.363884469781603, -34.59540049914694 ], [ -58.363883904219399, -34.595401269402622 ], [ -58.363883904218767, -34.595401269403517 ], [ -58.363883350642773, -34.595402043274603 ], [ -58.36388279597567, -34.595402818046217 ], [ -58.363882795975556, -34.595402818046381 ], [ -58.36388224130409, -34.595403596423715 ], [ -58.363882241303543, -34.595403596424497 ], [ -58.363881697529344, -34.595404377514967 ], [ -58.363881153756246, -34.595405157703972 ], [ -58.363881153755607, -34.595405157704896 ], [ -58.363880620876479, -34.595405943311334 ], [ -58.363880087995128, -34.595406730720718 ], [ -58.363879555113854, -34.595407518129981 ], [ -58.363879555113321, -34.595407518130799 ], [ -58.36387903203704, -34.595408310055227 ], [ -58.363879032036586, -34.595408310055923 ], [ -58.363878519860798, -34.595409101989183 ], [ -58.363878519860634, -34.595409101989439 ], [ -58.363878008769504, -34.595409898430695 ], [ -58.363877495496169, -34.595410696672985 ], [ -58.363877495495629, -34.595410696673838 ], [ -58.363876995302789, -34.5954114949268 ], [ -58.363876995302711, -34.595411494926914 ], [ -58.363876494014434, -34.595412297686138 ], [ -58.363876494013986, -34.595412297686849 ], [ -58.363876003626196, -34.59541310045492 ], [ -58.363875512145093, -34.595413905926421 ], [ -58.36387551214461, -34.595413905927217 ], [ -58.36387503156184, -34.595414713210374 ], [ -58.363875031561712, -34.595414713210594 ], [ -58.363874553156847, -34.595415522298389 ], [ -58.363874072568741, -34.595416334088654 ], [ -58.363874072568272, -34.595416334089457 ], [ -58.363873602878407, -34.595417147691478 ], [ -58.363873602877923, -34.595417147692316 ], [ -58.363873144085304, -34.595417964007488 ], [ -58.363872685290495, -34.595418782125563 ], [ -58.363872685290431, -34.59541878212567 ], [ -58.363872227584615, -34.595419601145949 ], [ -58.363872227584359, -34.595419601146418 ], [ -58.363871619148924, -34.595420706626584 ], [ -58.363811707584937, -34.595407271523165 ], [ -58.363316183193696, -34.595296133562073 ], [ -58.363028341460875, -34.595231574341156 ], [ -58.363028341440732, -34.595231574338278 ], [ -58.361483097859505, -34.59513289616018 ], [ -58.361483097839901, -34.595132896160393 ], [ -58.361483097820667, -34.595132896163491 ], [ -58.36148309780242, -34.59513289616941 ], [ -58.361483097785744, -34.595132896177923 ], [ -58.361245076389032, -34.595280398848956 ], [ -58.361245076373713, -34.595280398860474 ], [ -58.361245076361307, -34.595280398874181 ], [ -58.361245076352262, -34.595280398889585 ], [ -58.361245076346904, -34.595280398906134 ], [ -58.361245076345419, -34.595280398923208 ], [ -58.361245076347878, -34.595280398940211 ], [ -58.361245076354173, -34.595280398956518 ], [ -58.361245076364071, -34.59528039897156 ], [ -58.361245076377237, -34.595280398984777 ], [ -58.361245076393189, -34.595280398995683 ], [ -58.361245076411358, -34.595280399003911 ], [ -58.361270335284509, -34.595289376583395 ], [ -58.361270335303885, -34.595289376588568 ], [ -58.3612703353241, -34.595289376590671 ], [ -58.361270335344436, -34.595289376589626 ], [ -58.361270335364182, -34.595289376585484 ], [ -58.361270335382642, -34.595289376578357 ], [ -58.361512123903246, -34.595172265920596 ], [ -58.362038960299202, -34.595211341806419 ], [ -58.363036552629978, -34.595285327713562 ], [ -58.363273493587378, -34.595343722470012 ], [ -58.363784062369746, -34.595469551720839 ], [ -58.363847913859516, -34.595486076435904 ], [ -58.36344293642054, -34.596602783357127 ], [ -58.363442936420121, -34.596602783358328 ], [ -58.363421748301185, -34.596664291639065 ], [ -58.363421464998758, -34.59666427158222 ], [ -58.36321411144106, -34.596647425370875 ], [ -58.363072904680756, -34.596631922189744 ], [ -58.363016156139551, -34.596622717113647 ], [ -58.362992682168482, -34.596618639616374 ], [ -58.362908113879534, -34.596600590297754 ], [ -58.362908113878923, -34.596600590297612 ], [ -58.362789173153082, -34.596575807832444 ], [ -58.362483039100397, -34.596502513929288 ], [ -58.3622167697742, -34.596377378125695 ], [ -58.362216769772481, -34.596377378124906 ], [ -58.361945570533599, -34.596255236671922 ], [ -58.361591197673356, -34.596086422672222 ], [ -58.361591197671565, -34.596086422671377 ], [ -58.361104092252098, -34.595864428899219 ], [ -58.361102036563175, -34.595863492445559 ], [ -58.361123785297508, -34.59583052047212 ], [ -58.361124117289108, -34.59583001775632 ], [ -58.361124117297472, -34.595830017740049 ], [ -58.36112411730182, -34.595830017722733 ], [ -58.361124117302012, -34.595830017705062 ], [ -58.361124117298033, -34.595830017687703 ], [ -58.361124117290018, -34.595830017671304 ], [ -58.361124117278301, -34.595830017656525 ], [ -58.361124117263309, -34.59583001764392 ], [ -58.361124117245637, -34.595830017633979 ], [ -58.361106102079198, -34.595821892448946 ], [ -58.360933766310247, -34.595744169768274 ], [ -58.360932022102084, -34.595743383165996 ], [ -58.3609320220828, -34.595743383159189 ], [ -58.360932022062293, -34.595743383155565 ], [ -58.360932022041325, -34.595743383155266 ], [ -58.360932022020663, -34.595743383158293 ], [ -58.360932022001094, -34.595743383164518 ], [ -58.360932021983338, -34.59574338317374 ], [ -58.360932021968047, -34.595743383185606 ], [ -58.360932021955769, -34.595743383199668 ], [ -58.360912663938606, -34.595770794467292 ], [ -58.360474541529179, -34.595559351699499 ], [ -58.360474541526607, -34.595559351698299 ], [ -58.360388067196915, -34.59552016518083 ], [ -58.360356388357957, -34.59548293135591 ], [ -58.360356388344712, -34.595482931343085 ], [ -58.36035638832881, -34.595482931332526 ], [ -58.360334483313586, -34.595470987949064 ], [ -58.360328159938625, -34.595453333692717 ], [ -58.360323398062306, -34.595436996814463 ], [ -58.360335215339894, -34.595345059892118 ], [ -58.360349696075701, -34.595296894678903 ], [ -58.360349696075986, -34.595296894677929 ], [ -58.3603710340494, -34.595222397472313 ], [ -58.360371034052001, -34.595222397458727 ], [ -58.360371034052051, -34.595222397444971 ], [ -58.36036543958982, -34.595159054259589 ], [ -58.360365439587277, -34.595159054245741 ], [ -58.360365439582175, -34.595159054232383 ], [ -58.360348178695823, -34.595123740860544 ], [ -58.360342262199673, -34.595110328357841 ], [ -58.360377882216021, -34.595082212122065 ], [ -58.360734283321989, -34.595104508086784 ], [ -58.361103439847881, -34.59512760090314 ], [ -58.361103439870249, -34.59512760090265 ], [ -58.361103439892027, -34.595127600898373 ], [ -58.361103439912284, -34.595127600890514 ], [ -58.361103439930169, -34.595127600879394 ], [ -58.361103439944941, -34.595127600865489 ], [ -58.361103439955968, -34.595127600849395 ], [ -58.36110343996279, -34.595127600831759 ], [ -58.361103439965106, -34.595127600813363 ], [ -58.361103466599971, -34.595105851481613 ], [ -58.361103466598131, -34.595105851464986 ], [ -58.361103466592596, -34.595105851448913 ], [ -58.361103466583572, -34.595105851433964 ], [ -58.361103466571372, -34.595105851420662 ], [ -58.361103466556415, -34.595105851409429 ], [ -58.361103466539213, -34.595105851400689 ], [ -58.361103466520348, -34.595105851394713 ], [ -58.361103466500474, -34.595105851391722 ], [ -58.360935209338678, -34.595093673673567 ], [ -58.360370181604615, -34.595052777711594 ], [ -58.360370181583804, -34.595052777711736 ], [ -58.360370181563397, -34.595052777715154 ], [ -58.360370181544148, -34.595052777721705 ], [ -58.360315359806933, -34.595076758004261 ], [ -58.360283668152029, -34.595048320238455 ], [ -58.360283668127146, -34.595048320221863 ], [ -58.360233878735897, -34.595024090303646 ], [ -58.360230681382774, -34.595022534451772 ], [ -58.360230681366659, -34.595022534445334 ], [ -58.360230681349485, -34.595022534441171 ], [ -58.360230681331721, -34.595022534439387 ], [ -58.360230392481924, -34.595022525181172 ], [ -58.360226512081653, -34.595022402915781 ], [ -58.360182235191807, -34.59502100976902 ], [ -58.360132581457414, -34.595016710381813 ], [ -58.360061271571844, -34.594998540493151 ], [ -58.360061271556035, -34.59499854049016 ], [ -58.360061271539863, -34.594998540489158 ], [ -58.359862991996209, -34.594998372580037 ], [ -58.359518205475638, -34.594970048295117 ], [ -58.359307695241526, -34.594948403502087 ], [ -58.359307695229688, -34.594948403501405 ], [ -58.359204044776753, -34.594947130657772 ], [ -58.358860872974866, -34.594920602428466 ], [ -58.358860872947091, -34.594920602429269 ], [ -58.358759344543138, -34.594934360445237 ], [ -58.358759344523143, -34.594934360449585 ], [ -58.358759344504506, -34.594934360456996 ], [ -58.358725346686505, -34.594951308718748 ], [ -58.358694151865429, -34.594961766424461 ], [ -58.358661461927468, -34.594968405316877 ], [ -58.358627958326572, -34.594971087160211 ], [ -58.358594335498857, -34.594969756661563 ], [ -58.358571995686667, -34.594964086476658 ], [ -58.358550401429817, -34.594956700617047 ], [ -58.35848554393813, -34.594929813178886 ], [ -58.358485543918206, -34.594929813172556 ], [ -58.35848554389716, -34.594929813169564 ], [ -58.358265498636349, -34.594916605620746 ], [ -58.357795911882612, -34.594888419581601 ], [ -58.357641476845529, -34.594879149141576 ], [ -58.35706812335544, -34.59484472992029 ], [ -58.356547210304221, -34.594813457490602 ], [ -58.355827492039694, -34.59477024524454 ], [ -58.354944232449661, -34.594717208677487 ], [ -58.354149175102734, -34.594669462979482 ], [ -58.35414917507525, -34.594669462980704 ], [ -58.353810280596178, -34.594720634224245 ], [ -58.35373695661557, -34.594731705490524 ], [ -58.350964857892556, -34.595150238715192 ], [ -58.350964857872775, -34.595150238719796 ], [ -58.350964857854393, -34.595150238727406 ], [ -58.350964857838072, -34.595150238737723 ], [ -58.350964857824366, -34.595150238750414 ], [ -58.350964857813793, -34.595150238764987 ], [ -58.350941153014759, -34.595191239782444 ], [ -58.350941153014759, -34.595191239782444 ], [ -58.350941153007241, -34.595191239799824 ], [ -58.350941153004158, -34.595191239818092 ], [ -58.35094115300565, -34.59519123983651 ], [ -58.35094115301164, -34.595191239854273 ], [ -58.350941153021886, -34.59519123987068 ], [ -58.35094115303594, -34.595191239884997 ], [ -58.350953829190772, -34.595201745917961 ], [ -58.350953829207782, -34.595201745929465 ], [ -58.35095382922723, -34.595201745937921 ], [ -58.350953829248347, -34.595201745942973 ], [ -58.35095382927026, -34.595201745944422 ], [ -58.350953829292067, -34.595201745942198 ], [ -58.3509538293129, -34.5952017459364 ], [ -58.3509538293319, -34.595201745927284 ], [ -58.350953829348306, -34.595201745915183 ], [ -58.350953829361437, -34.595201745900617 ], [ -58.350953829370773, -34.595201745884161 ], [ -58.350956828872405, -34.595194682393817 ], [ -58.350957879714102, -34.595192209005482 ], [ -58.354117449280793, -34.594707162023376 ], [ -58.354125755785368, -34.594707668842439 ], [ -58.354159320837653, -34.594709715349573 ], [ -58.354650256932011, -34.594739639883763 ], [ -58.35658883453992, -34.59485778818631 ], [ -58.356675931787109, -34.594863095275372 ], [ -58.356675931792552, -34.594863095275592 ], [ -58.356685018136737, -34.594863272681927 ], [ -58.356694038116046, -34.594864198209265 ], [ -58.356707385325691, -34.594867008783247 ], [ -58.356720065524584, -34.594871453050324 ], [ -58.356731789983506, -34.594877429799674 ], [ -58.356742288548446, -34.594884801779479 ], [ -58.356743163872345, -34.594885634551858 ], [ -58.356744174189373, -34.594886597241178 ], [ -58.356747806885409, -34.594893742372108 ], [ -58.356768926785008, -34.594935285712523 ], [ -58.356756402241373, -34.594956639325567 ], [ -58.35673071143583, -34.594963202674869 ], [ -58.356730711422941, -34.594963202678926 ], [ -58.356706229339515, -34.594972394736445 ], [ -58.356578986363644, -34.595013486649414 ], [ -58.356448889094189, -34.595043852606338 ], [ -58.356316757656209, -34.59506745416936 ], [ -58.35631675764261, -34.595067454172572 ], [ -58.356258461902371, -34.595084646361762 ], [ -58.356220307270966, -34.595088784670104 ], [ -58.356148495029707, -34.595096573025636 ], [ -58.356148495022083, -34.595096573026694 ], [ -58.35603982465144, -34.595114911649667 ], [ -58.355937112450007, -34.595125596029824 ], [ -58.355937112426943, -34.595125596034379 ], [ -58.355832668302391, -34.595156449938202 ], [ -58.3558326682952, -34.595156449940561 ], [ -58.355731127814344, -34.595193345846177 ], [ -58.355731127808362, -34.595193345848529 ], [ -58.355442081020449, -34.59531620881782 ], [ -58.355442081020449, -34.59531620881782 ], [ -58.355442080994507, -34.595316208833189 ], [ -58.355387888900317, -34.595359543689149 ], [ -58.355387888896118, -34.595359543692688 ], [ -58.355336659663735, -34.595405275324126 ], [ -58.355336659659791, -34.595405275327856 ], [ -58.355288547163561, -34.595453266858328 ], [ -58.355288547160242, -34.595453266861803 ], [ -58.355204483474289, -34.595546045261493 ], [ -58.355113999234923, -34.595634597447081 ], [ -58.355017405491019, -34.595718620804668 ], [ -58.354964551402048, -34.595759512898198 ], [ -58.354915031812382, -34.595797825354609 ], [ -58.354807228458654, -34.595871940967179 ], [ -58.354694366384109, -34.595940714657871 ], [ -58.35454564180224, -34.596015795993225 ], [ -58.354545641798865, -34.596015795994987 ], [ -58.354400336098074, -34.596095325115478 ], [ -58.354400336094791, -34.596095325117332 ], [ -58.354282354169541, -34.596165161142736 ], [ -58.354258644524649, -34.596179195839504 ], [ -58.354258644521458, -34.596179195841472 ], [ -58.354120755799244, -34.596267294767372 ], [ -58.354120755796124, -34.596267294769433 ], [ -58.353986856472979, -34.596359504889328 ], [ -58.353952618562275, -34.596376316387442 ], [ -58.353952618551425, -34.596376316393517 ], [ -58.353546295172507, -34.596635063689824 ], [ -58.353442385117518, -34.596696979934613 ], [ -58.353442385105041, -34.596696979943289 ], [ -58.353442385094276, -34.5966969799534 ], [ -58.353300858440349, -34.596851879075587 ], [ -58.353052566556443, -34.597044841529467 ], [ -58.353052566542146, -34.597044841543052 ], [ -58.35305256653141, -34.597044841558706 ], [ -58.353040117701156, -34.597068125768665 ], [ -58.35289489799122, -34.597339714704205 ], [ -58.352815480311868, -34.59748824047378 ], [ -58.352670755262082, -34.597626535350038 ], [ -58.352670755258174, -34.597626535353974 ], [ -58.352410810311518, -34.597905346368613 ], [ -58.352263609390398, -34.597986302636635 ], [ -58.352107800692892, -34.59803386131334 ], [ -58.352107800669863, -34.598033861323081 ], [ -58.352107800650245, -34.598033861337022 ], [ -58.351954754089462, -34.598172053127236 ], [ -58.351954754080062, -34.598172053137013 ], [ -58.351790090975534, -34.598369858679916 ], [ -58.351608468168862, -34.598539469114577 ], [ -58.351608468163981, -34.598539469119487 ], [ -58.351535951044575, -34.598617667783998 ], [ -58.351345436549394, -34.598734359800851 ], [ -58.351345436530565, -34.598734359815545 ], [ -58.351158047709944, -34.598920124065124 ], [ -58.35096685170209, -34.599027968299289 ], [ -58.350855743461914, -34.599076759091808 ], [ -58.350855743443773, -34.599076759101806 ], [ -58.35083098755878, -34.599093609104145 ], [ -58.350798005891683, -34.599116058356245 ], [ -58.350783472197222, -34.599122123239766 ], [ -58.350678243746763, -34.599166033586336 ], [ -58.35067824373067, -34.599166033594578 ], [ -58.350678243716544, -34.599166033604988 ], [ -58.350589419864789, -34.599243962447936 ], [ -58.350497054859801, -34.599296347062385 ], [ -58.350497054843238, -34.599296347073938 ], [ -58.350497054829752, -34.599296347087986 ], [ -58.350459893055422, -34.599344146685986 ], [ -58.350326587092368, -34.599515610803202 ], [ -58.350306409231727, -34.599530979384859 ], [ -58.350213986617007, -34.599601367834694 ], [ -58.35021398659881, -34.599601367852706 ], [ -58.350014622661263, -34.599861149391863 ], [ -58.349878920113682, -34.599965964153732 ], [ -58.349878920102633, -34.599965964163644 ], [ -58.349737391026295, -34.600113703564276 ], [ -58.349718756869258, -34.600124803448814 ], [ -58.349551737548765, -34.600224290133774 ], [ -58.349361258083349, -34.600311404304072 ], [ -58.349361258068527, -34.600311404312222 ], [ -58.349361258055517, -34.600311404322255 ], [ -58.348778822582062, -34.600840237931862 ], [ -58.348614322634702, -34.600909248610868 ], [ -58.348614322613699, -34.600909248622379 ], [ -58.348614322596461, -34.600909248637564 ], [ -58.34857453655723, -34.600953623368468 ], [ -58.348416988264326, -34.601029508245823 ], [ -58.348416988260276, -34.601029508247848 ], [ -58.348331896561561, -34.601074702909671 ], [ -58.348263579861438, -34.601110987450255 ], [ -58.348263579847675, -34.601110987458931 ], [ -58.348148387880158, -34.601196206478136 ], [ -58.348004123331179, -34.60128840016354 ], [ -58.348004123318191, -34.601288400173324 ], [ -58.34800412330727, -34.6012884001847 ], [ -58.347900891038869, -34.601415857362817 ], [ -58.347792581412548, -34.601523080830276 ], [ -58.347615073234188, -34.601612350809162 ], [ -58.347615073220723, -34.601612350817163 ], [ -58.347615073208878, -34.601612350826755 ], [ -58.347493773950369, -34.601726716302707 ], [ -58.347362693967959, -34.601822062283517 ], [ -58.347362693953293, -34.60182206229652 ], [ -58.347303068791348, -34.601886674510062 ], [ -58.347248713530732, -34.60193540324984 ], [ -58.347248713524202, -34.601935403256263 ], [ -58.347222146181615, -34.601964192826735 ], [ -58.347222146178822, -34.601964192829904 ], [ -58.347117947947616, -34.602087913824818 ], [ -58.347117947938877, -34.602087913837209 ], [ -58.347033309157339, -34.602233163976379 ], [ -58.346863053343256, -34.602315541173766 ], [ -58.346863053334353, -34.602315541178598 ], [ -58.346783014945402, -34.602363505131656 ], [ -58.346783014931191, -34.602363505141824 ], [ -58.346783014919318, -34.602363505153846 ], [ -58.346783014910109, -34.602363505167382 ], [ -58.346783014903849, -34.602363505182034 ], [ -58.346759836699746, -34.602437418538301 ], [ -58.346759836696378, -34.602437418556661 ], [ -58.346743576495768, -34.602721220051102 ], [ -58.346654026972793, -34.602817728069958 ], [ -58.34665402696286, -34.602817728082776 ], [ -58.346654026955669, -34.602817728096795 ], [ -58.346654026951448, -34.60281772811161 ], [ -58.346646758964852, -34.60285826619738 ], [ -58.346646758963743, -34.602858266213858 ], [ -58.346646758966287, -34.602858266230221 ], [ -58.346646758972398, -34.602858266245931 ], [ -58.346646758981862, -34.602858266260462 ], [ -58.346646758994368, -34.602858266273309 ], [ -58.346673984468929, -34.602881513813017 ], [ -58.346674558135746, -34.602882112000209 ], [ -58.34667733069773, -34.602885000100258 ], [ -58.346704369410098, -34.602913176408357 ], [ -58.346717962152454, -34.603063155220248 ], [ -58.346663192697577, -34.603173429623475 ], [ -58.346663192692908, -34.603173429635042 ], [ -58.346637116949665, -34.603256403078262 ], [ -58.346637116949232, -34.603256403079698 ], [ -58.346600599428299, -34.603380866165566 ], [ -58.346600599427752, -34.603380866167505 ], [ -58.346583927007515, -34.603443727062768 ], [ -58.346583927004986, -34.603443727081427 ], [ -58.346583927007188, -34.603443727100121 ], [ -58.346621068567245, -34.603594106151156 ], [ -58.346563794546142, -34.603711393860983 ], [ -58.346563794538739, -34.603711393885895 ], [ -58.346537526249342, -34.603931744618635 ], [ -58.346537526249072, -34.603931744633698 ], [ -58.346544334588586, -34.604013318034873 ], [ -58.346496802191965, -34.604124130209343 ], [ -58.346462729149337, -34.60420356417746 ], [ -58.346462729149337, -34.60420356417746 ], [ -58.346462729144527, -34.604203564192886 ], [ -58.346462729143077, -34.604203564208781 ], [ -58.346462729145038, -34.604203564224626 ], [ -58.34646404902373, -34.604209232723711 ], [ -58.346473742243113, -34.604250850706926 ], [ -58.346481002677343, -34.604282022467721 ], [ -58.346425539525995, -34.604395642147267 ], [ -58.346425539523857, -34.604395642152014 ], [ -58.34639297859087, -34.604474912585275 ], [ -58.346392978586934, -34.604474912597702 ], [ -58.346357424609117, -34.604632289197248 ], [ -58.346357424609053, -34.604632289197532 ], [ -58.346337571539678, -34.604721722695253 ], [ -58.346334927541797, -34.604733630612785 ], [ -58.346244056137962, -34.604816250639722 ], [ -58.346244056133244, -34.604816250644298 ], [ -58.346180182349904, -34.604882757495602 ], [ -58.346180182342252, -34.604882757504654 ], [ -58.34615656142023, -34.604914720851305 ], [ -58.34610672958447, -34.604968335493957 ], [ -58.346106729579148, -34.60496833550021 ], [ -58.346083612044062, -34.604998125993561 ], [ -58.346083612034221, -34.604998126009562 ], [ -58.346083612028401, -34.60499812602685 ], [ -58.346083612026838, -34.604998126044748 ], [ -58.346083612029602, -34.60499812606254 ], [ -58.346083612036573, -34.604998126079543 ], [ -58.346083612047458, -34.604998126095055 ], [ -58.346107622667773, -34.605025590214929 ], [ -58.346119601919582, -34.605044668541446 ], [ -58.34611236222689, -34.605065530331494 ], [ -58.346087093512402, -34.605086971583418 ], [ -58.346087093498085, -34.605086971598475 ], [ -58.346087093487945, -34.605086971615712 ], [ -58.346087093482424, -34.605086971634314 ], [ -58.346084183751806, -34.60510485663891 ], [ -58.346084183750897, -34.605104856653746 ], [ -58.346084183752929, -34.605104856668511 ], [ -58.346088485515217, -34.605122747699497 ], [ -58.346088485521605, -34.605122747716756 ], [ -58.346088485532015, -34.605122747732629 ], [ -58.346088485546034, -34.605122747746449 ], [ -58.346088485563094, -34.60512274775769 ], [ -58.346088485582534, -34.605122747765911 ], [ -58.346088485603552, -34.605122747770736 ], [ -58.346088485625316, -34.605122747772029 ], [ -58.346112282665871, -34.605122174793188 ], [ -58.346117306692236, -34.605138874767746 ], [ -58.346117306700464, -34.605138874786192 ], [ -58.346131695091529, -34.605162738388238 ], [ -58.346138112870612, -34.605214022766837 ], [ -58.346132193177738, -34.605321938809801 ], [ -58.346129240736538, -34.605370232310918 ], [ -58.346129240737248, -34.605370232326734 ], [ -58.346129240741305, -34.60537023234221 ], [ -58.346129240748567, -34.605370232356861 ], [ -58.346129240758813, -34.605370232370234 ], [ -58.346145528354569, -34.605387841044752 ], [ -58.346145800481359, -34.605388136067148 ], [ -58.346150016976694, -34.605393790218947 ], [ -58.346170272478382, -34.605420953231921 ], [ -58.346165842588142, -34.605494288557125 ], [ -58.346151353642853, -34.605541975133953 ], [ -58.34615135363957, -34.605541975156626 ], [ -58.346151983230421, -34.605607563148538 ], [ -58.346143234762259, -34.605674931454708 ], [ -58.346130870164075, -34.605750047607557 ], [ -58.346120720646731, -34.605788794452046 ], [ -58.34612072064435, -34.605788794467514 ], [ -58.346118492140143, -34.605834703500292 ], [ -58.346118492140093, -34.605834703501486 ], [ -58.346116985586143, -34.605881209967862 ], [ -58.346114727759385, -34.605947988668824 ], [ -58.346112507039301, -34.605989127383381 ], [ -58.346104505331134, -34.606038609502754 ], [ -58.34608855634518, -34.60609881540698 ], [ -58.34608855634518, -34.60609881540698 ], [ -58.346088556343389, -34.606098815415827 ], [ -58.346079815311299, -34.606160817566192 ], [ -58.346064531589732, -34.606260377433273 ], [ -58.345987804041279, -34.606466607369256 ], [ -58.345987804039879, -34.606466607373356 ], [ -58.345974474909653, -34.606509556266744 ], [ -58.34592589914206, -34.606592507864242 ], [ -58.345925899138599, -34.606592507870822 ], [ -58.345872086575817, -34.606706785994859 ], [ -58.345744693567681, -34.606888136442493 ], [ -58.345669106755338, -34.606951650708751 ], [ -58.345669106739969, -34.606951650725037 ], [ -58.345626479147803, -34.607009445662072 ], [ -58.345207686912246, -34.607235829474789 ], [ -58.345207686899244, -34.607235829483031 ], [ -58.345207686887882, -34.607235829492787 ], [ -58.345159770073664, -34.607283738688658 ], [ -58.345112363057439, -34.607331138148929 ], [ -58.344930456785882, -34.607459752279794 ], [ -58.344780365083714, -34.60752877167797 ], [ -58.344780365062469, -34.607528771690738 ], [ -58.344705506035119, -34.607586324065181 ], [ -58.344602306833686, -34.607641674599058 ], [ -58.344273232546684, -34.607809497804752 ], [ -58.344220570116349, -34.607823160628342 ], [ -58.344220570092091, -34.607823160637459 ], [ -58.344061806867458, -34.607903499741617 ], [ -58.344061806855272, -34.60790349974878 ], [ -58.344001173819215, -34.607944581315046 ], [ -58.344001173813503, -34.607944581319202 ], [ -58.343934754875868, -34.607996390409973 ], [ -58.343934754870055, -34.607996390414833 ], [ -58.343784564829804, -34.60813278607187 ], [ -58.34361105902564, -34.608281294486268 ], [ -58.34342870653122, -34.60836914909094 ], [ -58.343428706510657, -34.608369149103758 ], [ -58.343227060023068, -34.608528958376546 ], [ -58.343059570724172, -34.60865758478608 ], [ -58.343059570718559, -34.608657584790713 ], [ -58.342684097286984, -34.608991115646731 ], [ -58.342482097897935, -34.609153945775873 ], [ -58.34242529147101, -34.609185654659584 ], [ -58.34242529145731, -34.609185654668629 ], [ -58.342425291445544, -34.609185654679379 ], [ -58.342394089504111, -34.609219252146737 ], [ -58.342205667009338, -34.60936010691546 ], [ -58.3420257220465, -34.609469850987708 ], [ -58.342025722033164, -34.609469850997307 ], [ -58.34194796351283, -34.609535777478577 ], [ -58.341875058884824, -34.609582777110568 ], [ -58.341875058870507, -34.609582777121638 ], [ -58.341875058858832, -34.609582777134648 ], [ -58.341835317892738, -34.609636551465485 ], [ -58.341722428427509, -34.60975336494225 ], [ -58.341525361900075, -34.609839294603837 ], [ -58.341525361883193, -34.609839294612947 ], [ -58.341471292179072, -34.609874750283993 ], [ -58.341471292163689, -34.609874750296306 ], [ -58.34141316084262, -34.609931395178407 ], [ -58.341413160835359, -34.609931395186322 ], [ -58.341286367828367, -34.61008683195876 ], [ -58.34128636782421, -34.610086831964281 ], [ -58.341246697626772, -34.610143971175731 ], [ -58.341246697616555, -34.610143971195662 ], [ -58.341222943973079, -34.61021215879051 ], [ -58.341045793534711, -34.610439362838029 ], [ -58.34101488698245, -34.610461899812705 ], [ -58.341014886967336, -34.610461899826227 ], [ -58.341014886955875, -34.610461899842001 ], [ -58.341014886948521, -34.610461899859374 ], [ -58.341014886945587, -34.61046189987762 ], [ -58.341014239215177, -34.610479832057187 ], [ -58.340867247235423, -34.610668354569221 ], [ -58.340867247225717, -34.610668354584845 ], [ -58.340867247219833, -34.610668354601714 ], [ -58.340819019830441, -34.610884614585729 ], [ -58.34081901983015, -34.610884614587142 ], [ -58.340798680216942, -34.610984765381126 ], [ -58.340743507809798, -34.611232751038834 ], [ -58.340708718761732, -34.611350774172699 ], [ -58.34055218524658, -34.611869356976449 ], [ -58.340426144064203, -34.612248447565328 ], [ -58.34033928774663, -34.61246301067608 ], [ -58.340339287742509, -34.612463010689765 ], [ -58.340278265857911, -34.612763460928946 ], [ -58.340173836404418, -34.613156882128557 ], [ -58.340173836403729, -34.613156882131349 ], [ -58.340058003101078, -34.613670269759133 ], [ -58.339982698050882, -34.61387530450434 ], [ -58.339982698046505, -34.61387530452356 ], [ -58.33994166600467, -34.614311720529663 ], [ -58.339941666004336, -34.614311720537408 ], [ -58.339944180476152, -34.614562149158871 ], [ -58.339865829449664, -34.614874506433146 ], [ -58.339865829447668, -34.614874506445091 ], [ -58.339851151655203, -34.615046212015898 ], [ -58.339851151654933, -34.615046212022257 ], [ -58.339851127648657, -34.615667819153686 ], [ -58.339851127648785, -34.615667819158155 ], [ -58.339877074538862, -34.616099724461556 ], [ -58.339877074542287, -34.616099724479909 ], [ -58.339877074550188, -34.616099724497289 ], [ -58.339971774022253, -34.616256791632978 ], [ -58.33998642795833, -34.616281095190473 ], [ -58.33998642797539, -34.616281095211036 ], [ -58.340142000471204, -34.616421968431617 ], [ -58.340142000472937, -34.616421968433151 ], [ -58.340450282354205, -34.616688445852269 ], [ -58.340450282358304, -34.61668844585563 ], [ -58.34045098699162, -34.616688993726697 ], [ -58.340671584689105, -34.616860389782531 ], [ -58.340673312931393, -34.616861822071122 ], [ -58.34071826144087, -34.61689907332466 ], [ -58.34071826145545, -34.6168990733348 ], [ -58.340718261471935, -34.61689907334268 ], [ -58.340718261489833, -34.616899073348073 ], [ -58.340762061182801, -34.616908776697656 ], [ -58.340854933556031, -34.616943894825866 ], [ -58.34085493356865, -34.616943894829873 ], [ -58.341152786201718, -34.617021385851295 ], [ -58.341152786201718, -34.617021385851295 ], [ -58.341152786214849, -34.617021385853981 ], [ -58.341255305850417, -34.617036878236576 ], [ -58.341255305858162, -34.617036878237521 ], [ -58.341542032673239, -34.617062811100688 ], [ -58.341542032677729, -34.617062811101007 ], [ -58.341725841016313, -34.617073094143485 ], [ -58.341725841022175, -34.617073094143684 ], [ -58.342094203356595, -34.617077281875083 ], [ -58.342094203362457, -34.617077281875019 ], [ -58.342278282980857, -34.617071180684682 ], [ -58.342278282984758, -34.617071180684484 ], [ -58.342461980073949, -34.617059625129272 ], [ -58.342636340316645, -34.61708434666383 ], [ -58.34272114137692, -34.617105348902747 ], [ -58.342883223437653, -34.617163953946338 ], [ -58.343031784629517, -34.617243358856847 ], [ -58.343031784648701, -34.617243358864989 ], [ -58.343261158554483, -34.617318178695051 ], [ -58.343261158557958, -34.617318178696145 ], [ -58.343493487304315, -34.617386486276494 ], [ -58.343493487307839, -34.617386486277468 ], [ -58.343728499454834, -34.617448201999487 ], [ -58.343977148332733, -34.617520591449015 ], [ -58.344261875054002, -34.617603483507679 ], [ -58.344261875054713, -34.617603483507885 ], [ -58.344636321374992, -34.617710099444714 ], [ -58.344636321397566, -34.617710099448992 ], [ -58.344862487936865, -34.61773245477638 ], [ -58.344862487961841, -34.617732454776458 ], [ -58.345013676361006, -34.617718569810741 ], [ -58.345013676378727, -34.61771856980787 ], [ -58.345013676395638, -34.617718569802626 ], [ -58.345279565065418, -34.61761446182431 ], [ -58.345279565079515, -34.617614461817688 ], [ -58.345398051407336, -34.617548713915852 ], [ -58.345532162947237, -34.6175083997069 ], [ -58.345674058825594, -34.617495876991214 ], [ -58.345805293779783, -34.61753485215543 ], [ -58.345805293802464, -34.617534852159984 ], [ -58.345943556210251, -34.617549839391287 ], [ -58.345943556233578, -34.617549839391728 ], [ -58.346082509598418, -34.617540152917734 ], [ -58.346185443104169, -34.617553971183476 ], [ -58.346185443127538, -34.617553971184506 ], [ -58.346185443150631, -34.617553971181408 ], [ -58.346723409717249, -34.617431356014549 ], [ -58.347025913517747, -34.617389633544725 ], [ -58.347025913523893, -34.617389633543723 ], [ -58.347179081937831, -34.617360960550918 ], [ -58.347179081965464, -34.617360960542356 ], [ -58.347292600562028, -34.617310396248186 ], [ -58.347292600581675, -34.617310396236981 ], [ -58.34729260059791, -34.617310396222507 ], [ -58.347292600609933, -34.617310396205482 ], [ -58.347292600617195, -34.617310396186689 ], [ -58.347292916247781, -34.617309104199485 ], [ -58.347297728883397, -34.617309077031834 ], [ -58.347297728911464, -34.617309077028636 ], [ -58.34742334544962, -34.6172806178147 ], [ -58.347423345467369, -34.617280617809271 ], [ -58.34749929891651, -34.617250965629871 ], [ -58.347499298933421, -34.61725096562165 ], [ -58.347499298948293, -34.617250965611056 ], [ -58.347537963276174, -34.617217945469399 ], [ -58.347610208566778, -34.617188167115593 ], [ -58.347610208586453, -34.617188167105169 ], [ -58.347610208602987, -34.617188167091527 ], [ -58.34761020861562, -34.617188167075284 ], [ -58.347610208623792, -34.617188167057193 ], [ -58.347610208627096, -34.617188167038066 ], [ -58.347610952656503, -34.617170572086259 ], [ -58.347643676677642, -34.617153316624872 ], [ -58.347724498968716, -34.617120003751474 ], [ -58.347724498994467, -34.617120003736694 ], [ -58.347814024706921, -34.61705092262568 ], [ -58.347923704598763, -34.617010481482374 ], [ -58.347932229541328, -34.617011496426294 ], [ -58.348004466162948, -34.61702009845488 ], [ -58.348004466183994, -34.61702009845569 ], [ -58.34800446620482, -34.617020098453139 ], [ -58.34800855828599, -34.617019256789156 ], [ -58.3481198929641, -34.616996356833603 ], [ -58.348119892966835, -34.616996356833006 ], [ -58.348223779630395, -34.61697260512031 ], [ -58.348223779646183, -34.616972605115592 ], [ -58.348223779660898, -34.616972605108934 ], [ -58.348298841387596, -34.616932130961494 ], [ -58.348396941441507, -34.616920297625647 ], [ -58.348403399722869, -34.616920886023991 ], [ -58.348537526012045, -34.616933112025436 ], [ -58.348537526037852, -34.616933112025237 ], [ -58.348537526062891, -34.616933112020035 ], [ -58.348540019637788, -34.616932324722427 ], [ -58.348570028696848, -34.61692284568327 ], [ -58.348653694932203, -34.616918154029797 ], [ -58.348656126743613, -34.616918659303678 ], [ -58.348745983424145, -34.616937321064967 ], [ -58.348745983442221, -34.616937321067397 ], [ -58.348853264237583, -34.616944245396596 ], [ -58.348853415992011, -34.616945885349757 ], [ -58.348853415995691, -34.616945885367059 ], [ -58.348853416003351, -34.616945885383451 ], [ -58.348853416014727, -34.616945885398295 ], [ -58.348853416029357, -34.616945885411027 ], [ -58.348853416046694, -34.616945885421174 ], [ -58.348918024889855, -34.616976361840912 ], [ -58.348918024911697, -34.616976361848749 ], [ -58.348918024935074, -34.616976361852466 ], [ -58.349009046769801, -34.616982467829615 ], [ -58.349009046776068, -34.616982467829892 ], [ -58.349172896784687, -34.616985631557775 ], [ -58.349212908809264, -34.617015772303205 ], [ -58.349212908827013, -34.617015772314076 ], [ -58.349212908847036, -34.61701577232175 ], [ -58.34931846264881, -34.617045974331447 ], [ -58.34931846266069, -34.617045974334239 ], [ -58.349416750567286, -34.617064128132519 ], [ -58.349485912888142, -34.617079244332267 ], [ -58.349489517108189, -34.617106340641463 ], [ -58.349489517111678, -34.617106340656193 ], [ -58.349489517118066, -34.61710634067024 ], [ -58.349489517127175, -34.617106340683222 ], [ -58.349540411915655, -34.617166594837919 ], [ -58.349540411928189, -34.617166594850246 ], [ -58.34954041194316, -34.617166594860535 ], [ -58.349540411960106, -34.617166594868451 ], [ -58.349540411978488, -34.617166594873737 ], [ -58.349627776436741, -34.617184738314862 ], [ -58.349707854373854, -34.617205885234654 ], [ -58.349751487425046, -34.617251080846493 ], [ -58.349751487439299, -34.617251080858701 ], [ -58.349751487456061, -34.617251080868471 ], [ -58.34985337595338, -34.617299341004653 ], [ -58.349973429754186, -34.617377721272064 ], [ -58.349973429767886, -34.617377721279681 ], [ -58.349973429782821, -34.617377721285514 ], [ -58.35004986266641, -34.617401874921462 ], [ -58.350071624138714, -34.617465112093953 ], [ -58.350071624146715, -34.617465112110651 ], [ -58.350071624158559, -34.617465112125728 ], [ -58.350071624173793, -34.617465112138539 ], [ -58.350071624191777, -34.617465112148601 ], [ -58.350166238811724, -34.617507344585256 ], [ -58.350177093052046, -34.617558530281237 ], [ -58.350184224406817, -34.617669919246758 ], [ -58.350184224411414, -34.617669919268302 ], [ -58.350184224422136, -34.617669919288282 ], [ -58.350227837557746, -34.617730166364289 ], [ -58.350187645128173, -34.617832480405028 ], [ -58.35015847027708, -34.617865567011592 ], [ -58.350158470268291, -34.617865567023358 ], [ -58.350158470261775, -34.617865567036105 ], [ -58.350143856267536, -34.617901677487971 ], [ -58.35014385626318, -34.61790167750285 ], [ -58.350143856261923, -34.61790167751812 ], [ -58.350143856263806, -34.617901677533339 ], [ -58.350158335458154, -34.617964907973757 ], [ -58.350158335464755, -34.61796490799189 ], [ -58.350187387837067, -34.618022131256453 ], [ -58.350179958312658, -34.618130496362724 ], [ -58.350179958313355, -34.618130496379194 ], [ -58.350179958317668, -34.618130496395302 ], [ -58.350179958325455, -34.618130496410465 ], [ -58.350205394019319, -34.618169654327758 ], [ -58.350225213739861, -34.618211169589308 ], [ -58.350225213749233, -34.618211169604535 ], [ -58.350225213761931, -34.618211169618043 ], [ -58.350225213777478, -34.618211169629319 ], [ -58.350225213795319, -34.618211169637952 ], [ -58.350225213814817, -34.618211169643651 ], [ -58.350225213835266, -34.618211169646223 ], [ -58.350227567414002, -34.618211277226784 ], [ -58.350151811178279, -34.618252333372972 ], [ -58.350051250160327, -34.61823756586741 ], [ -58.349927098606393, -34.618166525999484 ], [ -58.349927098585781, -34.61816652599024 ], [ -58.349927098563263, -34.618166525984833 ], [ -58.349927098539879, -34.618166525983533 ], [ -58.349927098516687, -34.61816652598641 ], [ -58.349927098494781, -34.618166525993303 ], [ -58.349799820335896, -34.618220212450332 ], [ -58.349799820316811, -34.618220212460592 ], [ -58.349799820300717, -34.618220212473901 ], [ -58.349799820288311, -34.618220212489675 ], [ -58.349799820280147, -34.618220212507239 ], [ -58.349799820276566, -34.61822021252582 ], [ -58.349799820277724, -34.618220212544621 ], [ -58.349799820283593, -34.618220212562804 ], [ -58.349847367631426, -34.618323104210795 ], [ -58.349867660303808, -34.618367017687028 ], [ -58.349867660314146, -34.618367017703868 ], [ -58.349867660328499, -34.618367017718555 ], [ -58.349869389851861, -34.618368449878915 ], [ -58.349917894912785, -34.618408640573556 ], [ -58.349917894924452, -34.61840864058194 ], [ -58.349988834107222, -34.618452729100724 ], [ -58.349988834122385, -34.618452729108625 ], [ -58.349988834138927, -34.618452729114367 ], [ -58.350107121929746, -34.618484632865083 ], [ -58.350107290641596, -34.618485644358046 ], [ -58.350112509052757, -34.618516968106306 ], [ -58.350121794052818, -34.61857269157607 ], [ -58.3499779393292, -34.618646084952537 ], [ -58.349977939312367, -34.618646084963117 ], [ -58.349977939298327, -34.618646084976199 ], [ -58.349977939287584, -34.618646084991255 ], [ -58.349977939280578, -34.618646085007754 ], [ -58.349977939277551, -34.618646085025063 ], [ -58.349973676757109, -34.618721740776465 ], [ -58.349973676758175, -34.618721740793923 ], [ -58.349973676763291, -34.618721740810876 ], [ -58.349973676772272, -34.618721740826693 ], [ -58.349973676784764, -34.618721740840776 ], [ -58.349973676800325, -34.618721740852607 ], [ -58.349973676818337, -34.61872174086173 ], [ -58.349973676838161, -34.618721740867812 ], [ -58.350254631834318, -34.618783143899876 ], [ -58.350254631834318, -34.618783143899876 ], [ -58.350254631854206, -34.618783143902633 ], [ -58.350254631874357, -34.618783143902306 ], [ -58.350254631894103, -34.618783143898924 ], [ -58.350254631912755, -34.618783143892578 ], [ -58.350254631929687, -34.618783143883519 ], [ -58.350254631944289, -34.618783143872037 ], [ -58.350254631956098, -34.618783143858508 ], [ -58.350256142785497, -34.618781026022269 ], [ -58.35034354898135, -34.618658495996527 ], [ -58.350414561398658, -34.618648779535825 ], [ -58.350414561417089, -34.61864877953191 ], [ -58.350414561434405, -34.618648779525415 ], [ -58.350414561450101, -34.618648779516526 ], [ -58.350414561463694, -34.61864877950552 ], [ -58.350536010700786, -34.618531498251862 ], [ -58.350545952906359, -34.618532772125029 ], [ -58.350728265849497, -34.618556133092781 ], [ -58.350692663951612, -34.618631915755202 ], [ -58.350550589521006, -34.618688035768194 ], [ -58.350550589504152, -34.618688035776465 ], [ -58.350550589489366, -34.618688035787102 ], [ -58.350550589477116, -34.61868803579975 ], [ -58.350517794132223, -34.618728961457947 ], [ -58.350402791947261, -34.61884613871765 ], [ -58.35040279193413, -34.618846138734561 ], [ -58.350402791925873, -34.618846138753483 ], [ -58.350375709374966, -34.61893978014308 ], [ -58.350375709372102, -34.61893978015987 ], [ -58.350375709373083, -34.618939780176817 ], [ -58.350375709377893, -34.618939780193315 ], [ -58.350375709386341, -34.618939780208763 ], [ -58.350375709398158, -34.618939780222625 ], [ -58.350440051006622, -34.619001979088829 ], [ -58.350446616170977, -34.619008325744076 ], [ -58.350446616189153, -34.619008325758067 ], [ -58.350446616210704, -34.619008325768277 ], [ -58.3504466162345, -34.619008325774196 ], [ -58.350446908390772, -34.619008369312603 ], [ -58.350573808671307, -34.619027466915334 ], [ -58.350575097780577, -34.619028832827937 ], [ -58.350591607186139, -34.619046338316267 ], [ -58.350671282057874, -34.619130817161079 ], [ -58.35068305513488, -34.619174850611998 ], [ -58.35068305514114, -34.619174850628049 ], [ -58.350683055150895, -34.619174850642878 ], [ -58.35068305516382, -34.619174850655924 ], [ -58.350683055179466, -34.619174850666759 ], [ -58.350683055197294, -34.619174850674995 ], [ -58.350683055216642, -34.619174850680338 ], [ -58.350683055236871, -34.619174850682612 ], [ -58.350830964237687, -34.61917987913818 ], [ -58.35103830024233, -34.619197648687731 ], [ -58.351152791111055, -34.619215496624378 ], [ -58.351224317973461, -34.619228918673372 ], [ -58.351251920721047, -34.619297632109316 ], [ -58.351265711865452, -34.619339621153003 ], [ -58.351265711865487, -34.619339621153124 ], [ -58.351271339183405, -34.619356657620017 ], [ -58.351230996375726, -34.619357181245455 ], [ -58.351230996356627, -34.619357181247103 ], [ -58.351201454287136, -34.619361931624809 ], [ -58.351201454266004, -34.619361931630081 ], [ -58.351155838613003, -34.619377648311833 ], [ -58.350874159177415, -34.619474698124307 ], [ -58.350873363933786, -34.619474972324198 ], [ -58.350873363914388, -34.619474972332888 ], [ -58.350873363897506, -34.619474972344626 ], [ -58.350873363883814, -34.619474972358937 ], [ -58.350873363873902, -34.619474972375237 ], [ -58.350873363868153, -34.619474972392851 ], [ -58.350873363866818, -34.619474972411055 ], [ -58.35088039531913, -34.619618318882274 ], [ -58.350776890121367, -34.619675889900549 ], [ -58.350776768003016, -34.619675957342565 ], [ -58.350687862510178, -34.619558463758239 ], [ -58.350687826592882, -34.619558415950024 ], [ -58.350687826579446, -34.619558415935614 ], [ -58.350687826562783, -34.619558415923734 ], [ -58.350687826543584, -34.619558415914859 ], [ -58.350687826522609, -34.619558415909353 ], [ -58.350687826500739, -34.619558415907441 ], [ -58.350687826478826, -34.619558415909196 ], [ -58.350687826457801, -34.619558415914554 ], [ -58.350173922614822, -34.619737976334939 ], [ -58.350165015572799, -34.619741088781993 ], [ -58.349741550053515, -34.619779751094882 ], [ -58.349578237607609, -34.619794661670213 ], [ -58.349578105682205, -34.619794673263478 ], [ -58.349073180719103, -34.619647772329103 ], [ -58.348312772614229, -34.619049391022429 ], [ -58.348312772599392, -34.619049391012659 ], [ -58.348312772582737, -34.619049391005134 ], [ -58.348312772564746, -34.619049391000125 ], [ -58.347844393969517, -34.618955456133094 ], [ -58.347844393947597, -34.618955456130607 ], [ -58.347295465735222, -34.618939668038955 ], [ -58.347295465734909, -34.618939668038948 ], [ -58.347295323993983, -34.618939664298473 ], [ -58.34729532397747, -34.618939664299084 ], [ -58.347295323961262, -34.618939664301735 ], [ -58.346568791309004, -34.619106929055093 ], [ -58.346568688818628, -34.619106952385735 ], [ -58.346380827147499, -34.619043779528702 ], [ -58.345974708678213, -34.61885861043897 ], [ -58.345974708657025, -34.618858610431602 ], [ -58.345974708634436, -34.618858610428063 ], [ -58.345225110902476, -34.618807940468116 ], [ -58.345225110879205, -34.618807940468599 ], [ -58.345225110856575, -34.618807940473175 ], [ -58.344613252262441, -34.618990515064006 ], [ -58.344613252243981, -34.618990515071182 ], [ -58.344613252227468, -34.618990515081087 ], [ -58.344613252213477, -34.618990515093351 ], [ -58.344548532370155, -34.619059141137697 ], [ -58.344548532358992, -34.619059141152192 ], [ -58.344548532351375, -34.619059141168172 ], [ -58.344548532347545, -34.619059141185048 ], [ -58.344548532347659, -34.619059141202236 ], [ -58.344582754467517, -34.619337743619816 ], [ -58.344582754470949, -34.619337743634865 ], [ -58.34468157759698, -34.619631672589513 ], [ -58.344681577596972, -34.619631672589513 ], [ -58.344681577605535, -34.619631672607341 ], [ -58.344681577618459, -34.619631672623278 ], [ -58.344681577635171, -34.619631672636586 ], [ -58.344681577654917, -34.619631672646662 ], [ -58.345198266351908, -34.619836330919732 ], [ -58.345198266378439, -34.619836330926965 ], [ -58.345452083810109, -34.619876644461108 ], [ -58.345452083833422, -34.6198766444627 ], [ -58.345452083856614, -34.619876644460142 ], [ -58.345452083878605, -34.619876644453555 ], [ -58.345452083898394, -34.619876644443238 ], [ -58.345922912215933, -34.619568279474471 ], [ -58.345922912217539, -34.619568279473405 ], [ -58.346243244309562, -34.619350212223146 ], [ -58.346243244323759, -34.619350212211508 ], [ -58.346243244335163, -34.619350212197929 ], [ -58.346334207728482, -34.619217241895555 ], [ -58.346339028228797, -34.619210195685497 ], [ -58.346567516043251, -34.619281805985516 ], [ -58.346899331492914, -34.619628154329483 ], [ -58.346903218422696, -34.619632211714084 ], [ -58.347156703244579, -34.619993611275859 ], [ -58.347105126801033, -34.620552097460859 ], [ -58.346972436666654, -34.620992920696693 ], [ -58.346585691811534, -34.621475495344001 ], [ -58.346458685800613, -34.621623948284203 ], [ -58.346458685790473, -34.621623948298776 ], [ -58.34645868578378, -34.621623948314628 ], [ -58.346458685780767, -34.621623948331241 ], [ -58.346458685781521, -34.621623948348024 ], [ -58.346517664701047, -34.62199466001406 ], [ -58.346468675398512, -34.622077176710889 ], [ -58.346468675398029, -34.62207717671172 ], [ -58.346381341008538, -34.622228165376356 ], [ -58.346381341008453, -34.622228165376505 ], [ -58.346321698097192, -34.622331751495913 ], [ -58.346321698095473, -34.622331751499047 ], [ -58.346283345563187, -34.622405494015268 ], [ -58.346202404716095, -34.622542435559325 ], [ -58.346185365892332, -34.622570526321411 ], [ -58.34609661466699, -34.622655922586944 ], [ -58.346096614666749, -34.622655922587171 ], [ -58.346067529968465, -34.622684097318597 ], [ -58.34606752995451, -34.622684097335771 ], [ -58.346067529945657, -34.62268409735514 ], [ -58.346027139797513, -34.62281699882417 ], [ -58.346027139794373, -34.622816998841621 ], [ -58.346027139795389, -34.62281699885925 ], [ -58.346043094846927, -34.622906749442372 ], [ -58.345938646563859, -34.622959746117012 ], [ -58.345938646563745, -34.622959746117068 ], [ -58.345938492837853, -34.622959824325406 ], [ -58.345925762514199, -34.622910154879122 ], [ -58.345942723739107, -34.622810270621436 ], [ -58.345962900179984, -34.622757114462196 ], [ -58.345962900184844, -34.622757114439842 ], [ -58.345966088726357, -34.622705842120752 ], [ -58.345966088725717, -34.622705842105404 ], [ -58.345966088721944, -34.622705842090362 ], [ -58.345952410630353, -34.622667932411687 ], [ -58.345952338549395, -34.622656394198906 ], [ -58.34595225123693, -34.622642507763366 ], [ -58.345952251233626, -34.622642507741801 ], [ -58.345952251224162, -34.622642507721501 ], [ -58.345938356105449, -34.622620908107038 ], [ -58.345940153111556, -34.62258061466089 ], [ -58.345947148821679, -34.622557596468077 ], [ -58.345947148824848, -34.622557596450456 ], [ -58.345947148823754, -34.622557596432692 ], [ -58.34594714881846, -34.622557596415447 ], [ -58.345938495961896, -34.622537827204418 ], [ -58.345935024377376, -34.622514411332077 ], [ -58.345935024371222, -34.622514411311343 ], [ -58.345922056077498, -34.622485873481715 ], [ -58.345929860091175, -34.622472672567937 ], [ -58.345947278417476, -34.622465493315872 ], [ -58.345947278434906, -34.622465493306898 ], [ -58.345947278449984, -34.622465493295394 ], [ -58.345947278462191, -34.622465493281759 ], [ -58.345947278471087, -34.622465493266475 ], [ -58.345947278476366, -34.622465493250075 ], [ -58.345947278477844, -34.622465493233165 ], [ -58.345945623285289, -34.622405049752608 ], [ -58.3459798559159, -34.62235579404004 ], [ -58.345979855926096, -34.622355794020194 ], [ -58.345979855930288, -34.622355793998928 ], [ -58.345982075090554, -34.622312263027389 ], [ -58.345982093043091, -34.622311903378559 ], [ -58.345982093041897, -34.622311903361066 ], [ -58.345982093036646, -34.622311903344091 ], [ -58.345982093027509, -34.622311903328281 ], [ -58.345982093014847, -34.622311903314241 ], [ -58.345982092999151, -34.622311903302474 ], [ -58.345980432665542, -34.622310884004165 ], [ -58.345970353003366, -34.622304695987062 ], [ -58.34597035298458, -34.622304695977789 ], [ -58.345970352963931, -34.622304695971806 ], [ -58.345970352942253, -34.622304695969341 ], [ -58.345957905465369, -34.622304328837387 ], [ -58.345957905465028, -34.62230432883738 ], [ -58.345957732124305, -34.622304324164233 ], [ -58.345944250360304, -34.622298195080546 ], [ -58.345944250343557, -34.622298195074393 ], [ -58.3459442503258, -34.622298195070641 ], [ -58.345931497331392, -34.622296425936284 ], [ -58.345931196479427, -34.622296384186974 ], [ -58.345913812122582, -34.622279457774297 ], [ -58.345913812105266, -34.622279457760747 ], [ -58.345913812084802, -34.622279457750651 ], [ -58.345913812062165, -34.622279457744462 ], [ -58.34591381203844, -34.622279457742501 ], [ -58.345872858401108, -34.62227977618916 ], [ -58.345872858400895, -34.622279776189167 ], [ -58.345872685195317, -34.622279777823508 ], [ -58.345879666614707, -34.622266832246169 ], [ -58.345879837722087, -34.62226683961908 ], [ -58.345890838085232, -34.622267312634975 ], [ -58.345898937073656, -34.622267661166077 ], [ -58.345898937091938, -34.622267661165601 ], [ -58.345898937109851, -34.622267661162596 ], [ -58.345900632164231, -34.622267252648491 ], [ -58.345909435715114, -34.622265130177851 ], [ -58.345909495609149, -34.622265157260124 ], [ -58.345913405452585, -34.62226693681707 ], [ -58.345933605230059, -34.622276126384364 ], [ -58.345933605246699, -34.622276126390496 ], [ -58.345933605264349, -34.622276126394247 ], [ -58.345933605282504, -34.622276126395526 ], [ -58.34593377865562, -34.622276126562326 ], [ -58.345940404998387, -34.622276132937579 ], [ -58.345940405019036, -34.622276132935973 ], [ -58.345940405038931, -34.622276132931148 ], [ -58.345940405057377, -34.622276132923318 ], [ -58.345942535104925, -34.622275003692323 ], [ -58.345949932420275, -34.622271082435233 ], [ -58.345961494829965, -34.622268845430213 ], [ -58.345961556919427, -34.622268867112581 ], [ -58.34596558832235, -34.622270274499002 ], [ -58.345974408550603, -34.6222733550062 ], [ -58.345975303233942, -34.622274496137941 ], [ -58.345983232557636, -34.622284605958548 ], [ -58.345987304119987, -34.622290793602261 ], [ -58.345987304131718, -34.6222907936166 ], [ -58.345987304146568, -34.622290793628842 ], [ -58.345987304163955, -34.622290793638484 ], [ -58.345996138476529, -34.622294737727373 ], [ -58.345996138494144, -34.622294737733654 ], [ -58.345996138512817, -34.622294737737285 ], [ -58.346010417074361, -34.622296437119687 ], [ -58.346010417096814, -34.622296437120426 ], [ -58.34601053486837, -34.62229643092374 ], [ -58.346010589391767, -34.622296428271923 ], [ -58.346010589392499, -34.622296428271888 ], [ -58.346018206408573, -34.62229601553441 ], [ -58.346020617463381, -34.622295885343945 ], [ -58.346020617482587, -34.62229588534148 ], [ -58.346020617500976, -34.622295885336221 ], [ -58.346020617517929, -34.622295885328349 ], [ -58.346031506200575, -34.622289712065424 ], [ -58.34603150621394, -34.622289712056485 ], [ -58.346031506225444, -34.622289712045919 ], [ -58.346040359504521, -34.622280163731801 ], [ -58.346049886042202, -34.622275675732837 ], [ -58.346050059386393, -34.622275675899445 ], [ -58.346061310102932, -34.622275686712911 ], [ -58.346061423504217, -34.62227568682188 ], [ -58.346063369862925, -34.62227568869249 ], [ -58.346063485445008, -34.622275688803576 ], [ -58.346063485464498, -34.622275688802141 ], [ -58.34606348548337, -34.622275688797849 ], [ -58.346063485500999, -34.622275688790857 ], [ -58.346063485516837, -34.622275688781343 ], [ -58.346068932131047, -34.622271759323965 ], [ -58.346068932147816, -34.622271759308738 ], [ -58.34606893215998, -34.622271759290754 ], [ -58.346068932166887, -34.622271759270966 ], [ -58.346070301378461, -34.622265014370541 ], [ -58.34607030137996, -34.622265014355733 ], [ -58.346070321932388, -34.622250398784381 ], [ -58.346072373919149, -34.622241968896148 ], [ -58.34607237392126, -34.622241968880665 ], [ -58.346072373920116, -34.622241968865119 ], [ -58.346072373915739, -34.622241968849956 ], [ -58.346070340898613, -34.622236907233983 ], [ -58.346070340887948, -34.622236907215083 ], [ -58.346070340872316, -34.622236907198719 ], [ -58.346065585734294, -34.622232967936981 ], [ -58.346065585715756, -34.622232967924667 ], [ -58.346065585694433, -34.622232967915963 ], [ -58.34606558567134, -34.622232967911295 ], [ -58.346049948520701, -34.622231266331745 ], [ -58.346036797017419, -34.622221358837841 ], [ -58.346035004189815, -34.622220008643325 ], [ -58.346049310032313, -34.622201472203166 ], [ -58.346061552312015, -34.622200359007465 ], [ -58.346061579521383, -34.622200372539247 ], [ -58.346063344730808, -34.622201250414555 ], [ -58.346078539697508, -34.622208808087365 ], [ -58.346078539717873, -34.622208808095259 ], [ -58.346078539739757, -34.622208808099529 ], [ -58.346078539762225, -34.622208808099991 ], [ -58.346078539784351, -34.622208808096637 ], [ -58.346078539805163, -34.62220880808961 ], [ -58.346078539823786, -34.622208808079201 ], [ -58.346078539839439, -34.622208808065857 ], [ -58.346078595532028, -34.622208749527161 ], [ -58.346082204622142, -34.622204961628938 ], [ -58.346086031022701, -34.622200944979035 ], [ -58.346086031033288, -34.622200944965641 ], [ -58.346086031040841, -34.622200944950876 ], [ -58.346086031045118, -34.622200944935273 ], [ -58.346086031045971, -34.622200944919264 ], [ -58.346086031043399, -34.622200944903405 ], [ -58.34608277007726, -34.622189018706926 ], [ -58.346082648577756, -34.622188574190872 ], [ -58.346082648571851, -34.622188574175659 ], [ -58.346082648562792, -34.622188574161576 ], [ -58.34608264855089, -34.622188574149021 ], [ -58.346082648536473, -34.622188574138406 ], [ -58.346065181300126, -34.622177833176274 ], [ -58.346064202981736, -34.62217723189913 ], [ -58.346050046616931, -34.622161559782924 ], [ -58.346049375701661, -34.622154813869301 ], [ -58.346054832279236, -34.622143013254437 ], [ -58.346054832285049, -34.622143013236503 ], [ -58.346054832286292, -34.622143013217958 ], [ -58.34605483228291, -34.62214301319959 ], [ -58.346054832275058, -34.622143013182189 ], [ -58.34605483226305, -34.622143013166479 ], [ -58.34604925439595, -34.622137157598864 ], [ -58.346046158966516, -34.622133909516762 ], [ -58.346044647728192, -34.622132322468936 ], [ -58.346044647712951, -34.622132322455897 ], [ -58.346044647694875, -34.622132322445637 ], [ -58.346044647674674, -34.622132322438567 ], [ -58.346044647653173, -34.622132322434986 ], [ -58.346044647631238, -34.622132322435036 ], [ -58.346044647609752, -34.622132322438731 ], [ -58.346044647589601, -34.622132322445879 ], [ -58.346044647571581, -34.622132322456231 ], [ -58.346031292215514, -34.622141776290462 ], [ -58.346014060568308, -34.622140335486414 ], [ -58.346013886167057, -34.62214032089949 ], [ -58.345990266943936, -34.622118778694222 ], [ -58.345996400422614, -34.622108666260509 ], [ -58.346018847746521, -34.622103628208933 ], [ -58.346018876006688, -34.622103660636228 ], [ -58.346020152938216, -34.622105155514092 ], [ -58.346030389089094, -34.622117130784794 ], [ -58.346030389103994, -34.622117130798856 ], [ -58.34603038912207, -34.622117130810082 ], [ -58.34603038914257, -34.622117130817976 ], [ -58.346030389164575, -34.622117130822218 ], [ -58.346030933193013, -34.622117187233144 ], [ -58.34604126754305, -34.622118266249892 ], [ -58.346041267565333, -34.622118266250318 ], [ -58.34604126758726, -34.622118266247 ], [ -58.346041267607916, -34.622118266240044 ], [ -58.346041300339834, -34.622118251848882 ], [ -58.346043462832533, -34.622117308339583 ], [ -58.346052834000602, -34.622113217695521 ], [ -58.346052834017996, -34.622113217686071 ], [ -58.346052834032896, -34.62211321767407 ], [ -58.346052834044762, -34.622113217659944 ], [ -58.346052834053175, -34.622113217644213 ], [ -58.346052834057815, -34.622113217627451 ], [ -58.346055579100799, -34.622095794042394 ], [ -58.346055579101296, -34.622095794022826 ], [ -58.346055579096664, -34.622095794003627 ], [ -58.346055579087121, -34.622095793985721 ], [ -58.346055579073138, -34.622095793969926 ], [ -58.346040637884336, -34.622082288121895 ], [ -58.346048136124793, -34.622069365469955 ], [ -58.34606514353456, -34.622064323067775 ], [ -58.346065143552629, -34.62206432306084 ], [ -58.346065143568858, -34.622064323051276 ], [ -58.346065143582713, -34.622064323039446 ], [ -58.346065143593734, -34.622064323025718 ], [ -58.346065143601543, -34.622064323010576 ], [ -58.346065143605898, -34.622064322994504 ], [ -58.346068574279577, -34.622042402026423 ], [ -58.346090209577774, -34.622028650065197 ], [ -58.346090209591907, -34.622028650054446 ], [ -58.346090209603531, -34.62202865004182 ], [ -58.346090209612314, -34.622028650027701 ], [ -58.346098070924448, -34.622012673627005 ], [ -58.346098070930552, -34.622012673609895 ], [ -58.346098070932477, -34.622012673592131 ], [ -58.346098070930132, -34.62201267357441 ], [ -58.34609807092361, -34.622012673557414 ], [ -58.346098070913179, -34.622012673541803 ], [ -58.346098070899217, -34.622012673528204 ], [ -58.346098070882299, -34.622012673517148 ], [ -58.346098070863086, -34.622012673509047 ], [ -58.346079266814279, -34.622006607826535 ], [ -58.346062556108699, -34.621998383462781 ], [ -58.346021858721024, -34.621953848533344 ], [ -58.346021858706521, -34.621953848520356 ], [ -58.346021858689234, -34.621953848509946 ], [ -58.346021858669808, -34.621953848502528 ], [ -58.346021858649017, -34.6219538484984 ], [ -58.345979625799792, -34.621948999723813 ], [ -58.345942981855202, -34.621931308399162 ], [ -58.345942981829523, -34.621931308390188 ], [ -58.345924286554848, -34.621926995143383 ], [ -58.345924286554514, -34.621926995143305 ], [ -58.345924175370023, -34.621926969796597 ], [ -58.345924175350426, -34.621926969793698 ], [ -58.345924175330502, -34.621926969793776 ], [ -58.345924175310948, -34.621926969796853 ], [ -58.345924175292389, -34.621926969802821 ], [ -58.34591162629868, -34.621932141785642 ], [ -58.345911626280923, -34.621932141794822 ], [ -58.345911626265618, -34.621932141806639 ], [ -58.345911626253326, -34.62193214182065 ], [ -58.345902725205015, -34.621944661140056 ], [ -58.345886091796523, -34.621948941281651 ], [ -58.345885996934122, -34.621948965519408 ], [ -58.345864059303736, -34.621942032342659 ], [ -58.345840572545654, -34.621921705312801 ], [ -58.345837985052896, -34.621903126417294 ], [ -58.345837985049357, -34.621903126402678 ], [ -58.345837985042948, -34.621903126388752 ], [ -58.345837985033853, -34.621903126375877 ], [ -58.345824421271146, -34.621887129360083 ], [ -58.345824421253816, -34.621887129344103 ], [ -58.345824421232408, -34.621887129331952 ], [ -58.345812496325991, -34.621881971648776 ], [ -58.34581240914811, -34.621881933705268 ], [ -58.345812409128477, -34.621881933698646 ], [ -58.34581240910768, -34.621881933695292 ], [ -58.345812409086484, -34.621881933695327 ], [ -58.345812409065694, -34.621881933698759 ], [ -58.345812409046104, -34.621881933705446 ], [ -58.34579672273987, -34.621888830674258 ], [ -58.345796722721758, -34.621888830684263 ], [ -58.345796722706396, -34.621888830697053 ], [ -58.345787826494401, -34.621897894905423 ], [ -58.345787826483473, -34.621897894918895 ], [ -58.345787826475622, -34.621897894933753 ], [ -58.345787826471131, -34.621897894949541 ], [ -58.345787826470129, -34.621897894965734 ], [ -58.345787826472645, -34.621897894981821 ], [ -58.345795623415533, -34.621926846141662 ], [ -58.345795623422568, -34.621926846159134 ], [ -58.345795623433752, -34.62192684617505 ], [ -58.345795623448609, -34.621926846188771 ], [ -58.345795623466536, -34.621926846199699 ], [ -58.345813370480684, -34.621935507885269 ], [ -58.345813968942402, -34.621936388225052 ], [ -58.345827459641406, -34.621956253136595 ], [ -58.345826917384386, -34.621969644920874 ], [ -58.345809814308438, -34.621979902792219 ], [ -58.345809658395176, -34.621979996302436 ], [ -58.345806028160574, -34.621960120278629 ], [ -58.34580602815474, -34.621960120260226 ], [ -58.345806028144388, -34.621960120243244 ], [ -58.34580602812995, -34.62196012022843 ], [ -58.345795782755864, -34.621951630715387 ], [ -58.345790965568362, -34.621947639100732 ], [ -58.345790891508067, -34.621947577732918 ], [ -58.345790891490843, -34.621947577721293 ], [ -58.345790891471147, -34.621947577712817 ], [ -58.345790891449759, -34.621947577707793 ], [ -58.345790891427598, -34.621947577706472 ], [ -58.345790891405578, -34.621947577708902 ], [ -58.345790891384603, -34.621947577714955 ], [ -58.345790891365539, -34.621947577724413 ], [ -58.345780430816234, -34.621954047945415 ], [ -58.345780430802101, -34.62195404795586 ], [ -58.34578043079037, -34.621954047968167 ], [ -58.345780430781389, -34.621954047981973 ], [ -58.345780430775449, -34.621954047996859 ], [ -58.345772416098249, -34.621982090618367 ], [ -58.345772416095436, -34.621982090635015 ], [ -58.345772416096416, -34.621982090651805 ], [ -58.345772416101148, -34.621982090668162 ], [ -58.345772416109469, -34.621982090683503 ], [ -58.3457724161211, -34.621982090697287 ], [ -58.345772416135617, -34.621982090709061 ], [ -58.345791711999865, -34.621995048238652 ], [ -58.345791772615684, -34.621995360153882 ], [ -58.345794026374975, -34.62200702577961 ], [ -58.34579402638051, -34.622007025796947 ], [ -58.34579402639006, -34.622007025813005 ], [ -58.345802700586063, -34.622018557001837 ], [ -58.345802834454233, -34.622018734710302 ], [ -58.345802834474334, -34.622018734730013 ], [ -58.345804291913034, -34.622019806117635 ], [ -58.345816140924235, -34.622028519804438 ], [ -58.345816186439372, -34.62202871452476 ], [ -58.345817299554369, -34.62203347684811 ], [ -58.345807629286362, -34.622043239780282 ], [ -58.34580762927191, -34.622043239799275 ], [ -58.345800951389059, -34.622055071663169 ], [ -58.345789166912851, -34.622058601070854 ], [ -58.345789166891528, -34.622058601079509 ], [ -58.345789166872976, -34.622058601091787 ], [ -58.345789166858083, -34.622058601107085 ], [ -58.34578916684756, -34.622058601124692 ], [ -58.345784972879812, -34.622068100740336 ], [ -58.345784972874512, -34.622068100757332 ], [ -58.34578497287329, -34.622068100774833 ], [ -58.345786496405196, -34.622099638330177 ], [ -58.345770279288693, -34.622112583255152 ], [ -58.345756522227113, -34.622114593679655 ], [ -58.345756522226964, -34.622114593679676 ], [ -58.345756352221464, -34.622114618736042 ], [ -58.345759147129577, -34.622027841074143 ], [ -58.345759147128959, -34.622027841061829 ], [ -58.345750607673416, -34.621964060174065 ], [ -58.345750607671569, -34.621964060164792 ], [ -58.345740479736058, -34.621925647269336 ], [ -58.345738090376592, -34.62191658570999 ], [ -58.345716788995915, -34.621835791764404 ], [ -58.345716788990956, -34.621835791750804 ], [ -58.345671272420425, -34.621739408756291 ], [ -58.345671272413725, -34.621739408744645 ], [ -58.345619286048851, -34.62166354479227 ], [ -58.345619286038769, -34.621663544780034 ], [ -58.3454863730555, -34.621527627686184 ], [ -58.345485491115724, -34.621526725415805 ], [ -58.345485491096781, -34.621526725400614 ], [ -58.345433134486768, -34.621493919974498 ], [ -58.34537912853294, -34.621460080807097 ], [ -58.345379128521174, -34.621460080800674 ], [ -58.34529869096739, -34.621422081236666 ], [ -58.345298690961897, -34.621422081234243 ], [ -58.345176727033483, -34.621371878571033 ], [ -58.345176727016344, -34.621371878565427 ], [ -58.345048640937641, -34.621339970447067 ], [ -58.345040944440399, -34.621338052879878 ], [ -58.345040944416873, -34.621338052876276 ], [ -58.345035923618468, -34.621337749639245 ], [ -58.344945696441293, -34.621332301395434 ], [ -58.344945696432809, -34.621332301395192 ], [ -58.344806350800418, -34.621332881845746 ], [ -58.344806350784246, -34.621332881846818 ], [ -58.344710357475115, -34.621345198395083 ], [ -58.344709841628195, -34.621345264598574 ], [ -58.344709841620713, -34.621345264599761 ], [ -58.344708984347442, -34.621345426021684 ], [ -58.344605509513535, -34.621364884365185 ], [ -58.344605509495523, -34.621364884369953 ], [ -58.3445232471446, -34.621393424341861 ], [ -58.344523247135648, -34.621393424345371 ], [ -58.344342983711954, -34.621472593362974 ], [ -58.344342115219007, -34.62147297471752 ], [ -58.34434211519595, -34.621472974731077 ], [ -58.344261531153471, -34.62153483710162 ], [ -58.344261531150657, -34.621534837103866 ], [ -58.344197667068194, -34.621587508656582 ], [ -58.344197667052519, -34.621587508672903 ], [ -58.34411718678416, -34.621694851221726 ], [ -58.344117186783244, -34.621694851222962 ], [ -58.344115283559447, -34.621697483308594 ], [ -58.344070068446385, -34.621760034291171 ], [ -58.344064093159183, -34.621702072937822 ], [ -58.344069272047861, -34.621684861820725 ], [ -58.344069272050888, -34.621684861804482 ], [ -58.344071076479288, -34.621660581164754 ], [ -58.344092796956261, -34.621601930868735 ], [ -58.344092796960133, -34.62160193085397 ], [ -58.344092796960958, -34.621601930838885 ], [ -58.344089438315187, -34.621529661769536 ], [ -58.34411543227305, -34.621509653196938 ], [ -58.34413879723661, -34.621511823197551 ], [ -58.344138797256115, -34.621511823197906 ], [ -58.344138797275392, -34.621511823195391 ], [ -58.344138797293809, -34.621511823190076 ], [ -58.344138797310784, -34.621511823182132 ], [ -58.344169711079175, -34.621494157627076 ], [ -58.344169711098502, -34.621494157612979 ], [ -58.344169711113267, -34.621494157595521 ], [ -58.344225494991974, -34.621408159934077 ], [ -58.344225494999911, -34.621408159918474 ], [ -58.344225495004189, -34.621408159901925 ], [ -58.344234978182556, -34.621340916116523 ], [ -58.344238611062487, -34.621315157124414 ], [ -58.344271537442438, -34.621217401564905 ], [ -58.344271537442438, -34.621217401564905 ], [ -58.344271537446417, -34.621217401539653 ], [ -58.344270055853997, -34.621114131768245 ], [ -58.34427005585092, -34.621114131748037 ], [ -58.344255987387378, -34.621066261708741 ], [ -58.344252003905751, -34.621027538289887 ], [ -58.344252003901339, -34.621027538271072 ], [ -58.344230318920722, -34.620969145771724 ], [ -58.344247804914353, -34.620937380648776 ], [ -58.344247804920656, -34.620937380634068 ], [ -58.344247804923796, -34.62093738061867 ], [ -58.344247804923683, -34.620937380603074 ], [ -58.3442478049203, -34.620937380587705 ], [ -58.344236743967961, -34.620903875777522 ], [ -58.344235608340163, -34.620900437559563 ], [ -58.344233154697093, -34.620893004775048 ], [ -58.344224334987551, -34.620846941834223 ], [ -58.344275687461725, -34.620806470507013 ], [ -58.344275687475069, -34.62080647049433 ], [ -58.344275687485336, -34.620806470479806 ], [ -58.344275687492164, -34.620806470463975 ], [ -58.344275687495312, -34.620806470447363 ], [ -58.344275687494672, -34.620806470430544 ], [ -58.344270632087913, -34.620773159037149 ], [ -58.344295657718739, -34.620761413658805 ], [ -58.34429565773705, -34.620761413648019 ], [ -58.344295657752276, -34.620761413634355 ], [ -58.344295657763801, -34.620761413618396 ], [ -58.34429565777112, -34.620761413600825 ], [ -58.344302695914088, -34.620736379955652 ], [ -58.344302695915246, -34.620736379950991 ], [ -58.344341244021734, -34.620556824287917 ], [ -58.344350521138267, -34.620525351286751 ], [ -58.344350521141131, -34.62052535127129 ], [ -58.344350521140726, -34.620525351255651 ], [ -58.344340396549427, -34.620448487319713 ], [ -58.344336821767321, -34.620421352029801 ], [ -58.344336821766497, -34.620421352024778 ], [ -58.344309704934972, -34.620286348033723 ], [ -58.344302544209725, -34.620181863007957 ], [ -58.344302544203437, -34.620181862982498 ], [ -58.344278099644171, -34.620125777194133 ], [ -58.344278099630678, -34.620125777172717 ], [ -58.344212309921822, -34.620048712888867 ], [ -58.344208088716265, -34.619974176780225 ], [ -58.344208088710332, -34.619974176754823 ], [ -58.344198761757447, -34.619952000858106 ], [ -58.344198761756971, -34.619952000857005 ], [ -58.34413529887405, -34.619807189046554 ], [ -58.344103671530029, -34.619662409212381 ], [ -58.344103671528536, -34.61966240920664 ], [ -58.344052977227854, -34.619493924131788 ], [ -58.344052977217984, -34.619493924110699 ], [ -58.344011682953195, -34.619430720412687 ], [ -58.344011682938628, -34.61943072039552 ], [ -58.343924428106966, -34.619349853512702 ], [ -58.34394389533557, -34.619199591745279 ], [ -58.343943895335435, -34.619199591725113 ], [ -58.343943895329886, -34.619199591705453 ], [ -58.343909509878429, -34.619119697415115 ], [ -58.343863293338863, -34.619011342944219 ], [ -58.343788570030128, -34.618830466763498 ], [ -58.343788570022042, -34.618830466748534 ], [ -58.343788570010808, -34.61883046673502 ], [ -58.343788569996782, -34.618830466723416 ], [ -58.343788569980461, -34.618830466714101 ], [ -58.343788569962371, -34.618830466707379 ], [ -58.343612191958378, -34.618780389186902 ], [ -58.343500000524671, -34.618744646834919 ], [ -58.343482724025691, -34.618736292400904 ], [ -58.343464897315492, -34.618727671895712 ], [ -58.343464897309048, -34.618727671892835 ], [ -58.343409429161419, -34.618704837849997 ], [ -58.343409429155656, -34.61870483784778 ], [ -58.343302673198785, -34.618667137900623 ], [ -58.34330267318024, -34.618667137895642 ], [ -58.343064733953923, -34.61862218421556 ], [ -58.342861057787012, -34.61857219522409 ], [ -58.34286105777587, -34.618572195221873 ], [ -58.342659784558123, -34.618541337279275 ], [ -58.342659784551117, -34.618541337278394 ], [ -58.342479682258741, -34.618523639958639 ], [ -58.34247968225749, -34.618523639958518 ], [ -58.342323727851593, -34.618509805466033 ], [ -58.34232372784215, -34.618509805465528 ], [ -58.342188848359115, -34.618507569524617 ], [ -58.342112571419293, -34.618498147862375 ], [ -58.342112571408457, -34.61849814786148 ], [ -58.342049525643496, -34.618495625242304 ], [ -58.342049525626365, -34.61849562524273 ], [ -58.34200178932106, -34.618499945161574 ], [ -58.341833384165426, -34.618496719082337 ], [ -58.341563213078302, -34.618483309788871 ], [ -58.341563213059857, -34.618483309789248 ], [ -58.341420152286972, -34.61849630692835 ], [ -58.341420152283035, -34.618496306928776 ], [ -58.341160803729515, -34.618527786505432 ], [ -58.341160803713066, -34.618527786508508 ], [ -58.3410969124972, -34.618544161701429 ], [ -58.341043923357326, -34.618556289481965 ], [ -58.34098073373417, -34.618563380700593 ], [ -58.340902830970549, -34.618571173754241 ], [ -58.340902830961028, -34.618571173755541 ], [ -58.340695930585213, -34.618607456334111 ], [ -58.340695930576558, -34.618607456335944 ], [ -58.340563465803207, -34.618640235744351 ], [ -58.340563465781401, -34.618640235751961 ], [ -58.340534020525226, -34.618653801316682 ], [ -58.340495066976359, -34.618658770390951 ], [ -58.340495066954439, -34.618658770395704 ], [ -58.340394626658188, -34.618690151289407 ], [ -58.340376198530535, -34.618683592943889 ], [ -58.340185617915914, -34.618587044478097 ], [ -58.340185617897568, -34.618587044470658 ], [ -58.339904962071252, -34.618499162811467 ], [ -58.339904962050461, -34.618499162806835 ], [ -58.339836623035282, -34.618489792820903 ], [ -58.339836623020609, -34.618489792819723 ], [ -58.339743156183246, -34.618487551009117 ], [ -58.339743156176439, -34.618487551009125 ], [ -58.339177512317058, -34.618503138336216 ], [ -58.339177512290661, -34.618503138339648 ], [ -58.338786471852458, -34.618595755462664 ], [ -58.338719925889578, -34.618605048757914 ], [ -58.338719925876575, -34.618605048760408 ], [ -58.338655254066659, -34.618620999111428 ], [ -58.338655254054117, -34.618620999115237 ], [ -58.338593427158195, -34.618643367739054 ], [ -58.338593427146314, -34.618643367744092 ], [ -58.338535372452668, -34.618671819364039 ], [ -58.338535372447019, -34.618671819367009 ], [ -58.338191780552158, -34.618864653279509 ], [ -58.338191780548598, -34.618864653281605 ], [ -58.338145273558901, -34.618893068781581 ], [ -58.338145273546587, -34.618893068790364 ], [ -58.338104392280101, -34.618926883235559 ], [ -58.338104392269507, -34.618926883245749 ], [ -58.338070045028346, -34.618965345790777 ], [ -58.338070045019691, -34.61896534580216 ], [ -58.338042993070317, -34.619007600886107 ], [ -58.338042993066779, -34.619007600892175 ], [ -58.337817328751918, -34.619434285463321 ], [ -58.337648156357169, -34.619702424951214 ], [ -58.337648156348941, -34.619702424968324 ], [ -58.337584407993816, -34.619888390484761 ], [ -58.337558021578282, -34.619928569262335 ], [ -58.337558021573813, -34.619928569269973 ], [ -58.337536320885626, -34.619970620620819 ], [ -58.337536320882052, -34.619970620628763 ], [ -58.337519497308534, -34.620014172457978 ], [ -58.337519497305877, -34.620014172466171 ], [ -58.337507699725862, -34.620058839122038 ], [ -58.337507699723403, -34.620058839144214 ], [ -58.337512570329274, -34.620181748098524 ], [ -58.33745061288257, -34.62061396673937 ], [ -58.337450612882243, -34.620613966742013 ], [ -58.337417693136885, -34.620921002829384 ], [ -58.337355372854198, -34.621065804576432 ], [ -58.337355372851839, -34.621065804582614 ], [ -58.337344307863802, -34.621098863495995 ], [ -58.337327577581405, -34.621130252533533 ], [ -58.337305533004773, -34.621159312226403 ], [ -58.337065670868149, -34.621429762040428 ], [ -58.33703428118509, -34.621459026554575 ], [ -58.337034281173956, -34.621459026566953 ], [ -58.337009387395675, -34.621492287479661 ], [ -58.337009387387234, -34.621492287493432 ], [ -58.336991720466365, -34.621528571128991 ], [ -58.336991720460908, -34.621528571143749 ], [ -58.336981797771244, -34.621566813465677 ], [ -58.336981797769681, -34.621566813473279 ], [ -58.336968447628308, -34.621654216505732 ], [ -58.336950906197494, -34.621708390711426 ], [ -58.336950906195938, -34.62170839071689 ], [ -58.336937479758618, -34.621763363337834 ], [ -58.336937479757474, -34.621763363343369 ], [ -58.336928222076352, -34.62181892079456 ], [ -58.336928222075549, -34.621818920801211 ], [ -58.336922357697624, -34.621896049105096 ], [ -58.336922357697446, -34.621896049112827 ], [ -58.336924518411514, -34.621973309223925 ], [ -58.33692451841214, -34.62197330923167 ], [ -58.336934690930327, -34.622050130537886 ], [ -58.336934690931749, -34.62205013054556 ], [ -58.336952798715963, -34.622125946874952 ], [ -58.336952798718158, -34.622125946882477 ], [ -58.336978707425821, -34.622200200114413 ], [ -58.336978707428798, -34.622200200121746 ], [ -58.337012228181912, -34.622272341091957 ], [ -58.337012228185642, -34.622272341099055 ], [ -58.337053112104478, -34.622341838608335 ], [ -58.337053112108926, -34.622341838615149 ], [ -58.337101057942746, -34.622408180338944 ], [ -58.337101057947898, -34.62240818034541 ], [ -58.337131216215596, -34.622442775528782 ], [ -58.337155713159447, -34.62247087644073 ], [ -58.337155713165238, -34.622470876446805 ], [ -58.337216672831772, -34.62252946496001 ], [ -58.337216672838181, -34.622529464965659 ], [ -58.33721817575379, -34.622530680729639 ], [ -58.337283489462024, -34.622583513645765 ], [ -58.337283489468987, -34.62258351365093 ], [ -58.33735566860905, -34.6226326244524 ], [ -58.337355668616532, -34.622632624457047 ], [ -58.337432678701852, -34.622676433550474 ], [ -58.337432678709796, -34.622676433554588 ], [ -58.337513951027447, -34.622714619439435 ], [ -58.337513951035781, -34.622714619442959 ], [ -58.337598888459965, -34.622746899351611 ], [ -58.337598888468627, -34.622746899354539 ], [ -58.337686862178749, -34.622773036460259 ], [ -58.337686862187695, -34.622773036462576 ], [ -58.337777223667644, -34.62279283718803 ], [ -58.337777223676795, -34.622792837189678 ], [ -58.337869307979794, -34.622806155717491 ], [ -58.337869307989081, -34.622806155718507 ], [ -58.337962433738554, -34.622812893991536 ], [ -58.337962433747904, -34.622812893991878 ], [ -58.33797385899549, -34.622812907533508 ], [ -58.337973973487877, -34.622812907651124 ], [ -58.338055802821046, -34.622813001610254 ], [ -58.338055916223041, -34.622813001726705 ], [ -58.338055916243128, -34.622813001725184 ], [ -58.338652094055462, -34.622721289108433 ], [ -58.33865209405802, -34.622721289108014 ], [ -58.339204915486008, -34.622624887171156 ], [ -58.339310469631016, -34.622606646135047 ], [ -58.339417332665725, -34.622594701843013 ], [ -58.339524954963132, -34.622589115931255 ], [ -58.339535204629676, -34.622589192134448 ], [ -58.339632785851165, -34.622589917586367 ], [ -58.339740270347235, -34.622597101738535 ], [ -58.33984685679026, -34.622610631774144 ], [ -58.339846856790551, -34.622610631774187 ], [ -58.340232657539957, -34.622658721966779 ], [ -58.340232657549336, -34.622658721967611 ], [ -58.340345535039447, -34.622664624703717 ], [ -58.340345535045032, -34.622664624703894 ], [ -58.340458630062805, -34.62266573381158 ], [ -58.34045863006839, -34.622665733811509 ], [ -58.340460998538219, -34.622665656871774 ], [ -58.340571643830806, -34.622662044482404 ], [ -58.340571643841521, -34.622662044481615 ], [ -58.340957581965306, -34.622617713697267 ], [ -58.340967875142702, -34.62261786193708 ], [ -58.341017979185928, -34.622618581927355 ], [ -58.341078064852319, -34.622623710819646 ], [ -58.341137401771725, -34.622633063879981 ], [ -58.34119555496882, -34.622646572162928 ], [ -58.341264929953304, -34.622688099612503 ], [ -58.341264929957951, -34.622688099615118 ], [ -58.341336804284204, -34.622726611584568 ], [ -58.341336804297995, -34.622726611590835 ], [ -58.341393782259757, -34.622748253910601 ], [ -58.341393782268689, -34.622748253913606 ], [ -58.341452852413759, -34.622765648108825 ], [ -58.341452852431658, -34.622765648112711 ], [ -58.341739052040872, -34.622806804866073 ], [ -58.341739052044154, -34.622806804866499 ], [ -58.341832044360672, -34.62281778032488 ], [ -58.341839893930825, -34.622818706686324 ], [ -58.341861550016681, -34.622821263035249 ], [ -58.341882584995929, -34.622825774839441 ], [ -58.341882585014638, -34.622825774842035 ], [ -58.341904247108204, -34.622827207121318 ], [ -58.341904247127147, -34.622827207121205 ], [ -58.341909430414965, -34.622826802133986 ], [ -58.341925882145937, -34.622825516856373 ], [ -58.341925882164574, -34.622825516853553 ], [ -58.34194683687808, -34.622820755677061 ], [ -58.34194683689585, -34.622820755671611 ], [ -58.341966476476884, -34.622813067179266 ], [ -58.341966476493248, -34.622813067171364 ], [ -58.341984210693219, -34.622802683342705 ], [ -58.341984210707672, -34.622802683332566 ], [ -58.341999501498869, -34.622789918228506 ], [ -58.341999501514316, -34.622789918212241 ], [ -58.341999501524874, -34.62278991819349 ], [ -58.34200908600711, -34.622766059065924 ], [ -58.342009086010812, -34.622766059054079 ], [ -58.342014668853601, -34.622741346810884 ], [ -58.342014668855327, -34.622741346798712 ], [ -58.34201614690199, -34.622716236554169 ], [ -58.342016146901699, -34.622716236541926 ], [ -58.342013493310802, -34.622691192499978 ], [ -58.342013493305828, -34.622691192479856 ], [ -58.342004816204216, -34.62266923070792 ], [ -58.341976663190557, -34.62259797353471 ], [ -58.34197529052831, -34.622591125001854 ], [ -58.341975290523884, -34.622591124987373 ], [ -58.341961715790106, -34.622558376474913 ], [ -58.341961715782851, -34.622558376461228 ], [ -58.341941788302854, -34.622527929262091 ], [ -58.341929095992349, -34.622503238505509 ], [ -58.341925130532395, -34.62249552473429 ], [ -58.341914566234109, -34.62246141627994 ], [ -58.341910335246602, -34.622426381159364 ], [ -58.341912533443178, -34.622391219026397 ], [ -58.341921112760573, -34.622356732095 ], [ -58.341935875770325, -34.622323708012047 ], [ -58.34194887638008, -34.62230886468739 ], [ -58.341970190745855, -34.62229438928459 ], [ -58.341989599390423, -34.622281208218908 ], [ -58.34199032941094, -34.622280830352196 ], [ -58.342015908717464, -34.622267576994936 ], [ -58.342044280771724, -34.622257147850014 ], [ -58.342074147154655, -34.62225013024792 ], [ -58.342104913401947, -34.622246662415357 ], [ -58.342116014658025, -34.62224671671224 ], [ -58.342135963340858, -34.622246814050229 ], [ -58.34217164628059, -34.622251543172666 ], [ -58.342235994637846, -34.622260071370526 ], [ -58.342239592668228, -34.622261012414576 ], [ -58.342250390054119, -34.622263835555309 ], [ -58.342250955756747, -34.62226398304788 ], [ -58.342266008440745, -34.622267918252255 ], [ -58.342312868498638, -34.622282811098565 ], [ -58.342428992611239, -34.622324964767415 ], [ -58.342541445023386, -34.622373445352039 ], [ -58.342649722301438, -34.622428037827284 ], [ -58.342753338498845, -34.622488496539042 ], [ -58.342763041951116, -34.622494548334728 ], [ -58.342878473623919, -34.622566531533344 ], [ -58.342878473624467, -34.6225665315337 ], [ -58.3428786217873, -34.622566622723141 ], [ -58.342919013409599, -34.622591644501085 ], [ -58.342972124131201, -34.622624546389652 ], [ -58.342993115647793, -34.622641049526742 ], [ -58.342993115660946, -34.622641049535574 ], [ -58.342993276907713, -34.622641141639285 ], [ -58.342993276907819, -34.622641141639342 ], [ -58.343027832808261, -34.62266083113677 ], [ -58.343028847574423, -34.622661857040157 ], [ -58.343029734953838, -34.622662753919393 ], [ -58.343035205151118, -34.622670553865269 ], [ -58.343039098820917, -34.622678976037186 ], [ -58.343041315958132, -34.622687803996662 ], [ -58.343041801279519, -34.622696810532155 ], [ -58.343040540939526, -34.622705766670187 ], [ -58.343037567983885, -34.622714440779092 ], [ -58.343032959059741, -34.622722612984461 ], [ -58.343017433505487, -34.622737995697001 ], [ -58.342762483889501, -34.622990600012123 ], [ -58.342645806501466, -34.623106202443203 ], [ -58.342562501813532, -34.623188740418996 ], [ -58.342395348137359, -34.623354353803229 ], [ -58.342395348128875, -34.623354353812864 ], [ -58.342377505675223, -34.623377718843848 ], [ -58.342203215553425, -34.623291947305958 ], [ -58.342201712986878, -34.623291208472743 ], [ -58.342151453577266, -34.623137505536867 ], [ -58.342151160467857, -34.623136610137294 ], [ -58.342151160459089, -34.623136610118841 ], [ -58.342151160445653, -34.623136610102421 ], [ -58.342151160428202, -34.623136610088842 ], [ -58.342151160407575, -34.62313661007871 ], [ -58.341890493947751, -34.623039042806525 ], [ -58.341890493926364, -34.62303904280062 ], [ -58.341890493903961, -34.623039042798503 ], [ -58.340688023655431, -34.623028299453026 ], [ -58.34068802363393, -34.623028299454603 ], [ -58.340688023613247, -34.623028299459648 ], [ -58.340052998328694, -34.623241356051246 ], [ -58.340052998309538, -34.623241356059602 ], [ -58.340052998292748, -34.623241356070899 ], [ -58.33920240640078, -34.623941879131621 ], [ -58.338438566956953, -34.624570940326784 ], [ -58.338213545642276, -34.624623616710807 ], [ -58.338213545622381, -34.624623616717265 ], [ -58.33821354560439, -34.624623616726794 ], [ -58.338213545588999, -34.624623616739072 ], [ -58.338213545576785, -34.62462361675356 ], [ -58.338213545568244, -34.624623616769775 ], [ -58.338213545563676, -34.624623616787026 ], [ -58.338213545563285, -34.624623616804705 ], [ -58.338213545567065, -34.624623616822092 ], [ -58.338240782930093, -34.624703131709154 ], [ -58.338226970066273, -34.62470636533164 ], [ -58.337805796728723, -34.624804958938647 ], [ -58.337804806268466, -34.624805190485489 ], [ -58.337804632934812, -34.62480523084627 ], [ -58.337785482672686, -34.624747384360639 ], [ -58.337785289455859, -34.624746800042949 ], [ -58.337785289449066, -34.624746800027857 ], [ -58.337785289439154, -34.624746800014023 ], [ -58.337785289426421, -34.624746800001866 ], [ -58.337785289411272, -34.624746799991783 ], [ -58.337764109064516, -34.624735095817982 ], [ -58.337764109045011, -34.624735095809427 ], [ -58.33776410902383, -34.624735095804297 ], [ -58.337764109001817, -34.624735095802798 ], [ -58.337764108979897, -34.624735095804986 ], [ -58.337484934633167, -34.624787203100347 ], [ -58.337363340162923, -34.624809897922852 ], [ -58.337363340156649, -34.62480989792418 ], [ -58.337027693940364, -34.624890123281894 ], [ -58.337027693923275, -34.624890123287308 ], [ -58.337027693907515, -34.624890123294996 ], [ -58.337027693893532, -34.624890123304759 ], [ -58.336067511927453, -34.625684141049305 ], [ -58.335270462058993, -34.626343239581139 ], [ -58.335269562384731, -34.62634398320791 ], [ -58.335173259966737, -34.626423616999801 ], [ -58.335173259959667, -34.626423617006246 ], [ -58.335167719540443, -34.626429181046902 ], [ -58.335167719530205, -34.626429181059123 ], [ -58.33516336121027, -34.626435422404626 ], [ -58.335163361202589, -34.626435422418069 ], [ -58.335160304101798, -34.626442171727177 ], [ -58.335160304096895, -34.626442171741509 ], [ -58.335158632464314, -34.62644924431212 ], [ -58.335158632462459, -34.626449244324434 ], [ -58.335158624649168, -34.626449361500548 ], [ -58.335158624649161, -34.626449361500661 ], [ -58.335158311932453, -34.626454168433135 ], [ -58.335158311932489, -34.626454168443288 ], [ -58.335158664214873, -34.626459090551691 ], [ -58.335157064787857, -34.627086647777233 ], [ -58.335157064788071, -34.627086647783194 ], [ -58.335157563097354, -34.627093051977887 ], [ -58.335157563098484, -34.627093051986229 ], [ -58.335158710890965, -34.627099027788425 ], [ -58.33515871089817, -34.627099027809294 ], [ -58.335159330592134, -34.62710024357132 ], [ -58.335159330599716, -34.627100243583492 ], [ -58.335167346356826, -34.627111030255186 ], [ -58.335167346366561, -34.627111030266292 ], [ -58.335177249269989, -34.62712068764047 ], [ -58.335177249275603, -34.627120687645544 ], [ -58.335178969992327, -34.627122127214115 ], [ -58.335188506901289, -34.627130106664659 ], [ -58.335648328151287, -34.627514820720883 ], [ -58.335650048884283, -34.627516260282768 ], [ -58.336261850455777, -34.628028123531067 ], [ -58.336204302017073, -34.628183175854147 ], [ -58.336204302012888, -34.628183175870987 ], [ -58.336204302012661, -34.628183175888175 ], [ -58.336204302016377, -34.628183175905079 ], [ -58.336204302023908, -34.628183175921095 ], [ -58.336204302034979, -34.628183175935646 ], [ -58.33620430204919, -34.628183175948195 ], [ -58.336204302066015, -34.628183175958277 ], [ -58.336204302084873, -34.628183175965539 ], [ -58.336206341452986, -34.628183773927468 ], [ -58.336349219381724, -34.628225661052461 ], [ -58.3363492194025, -34.628225661056717 ], [ -58.336349219423887, -34.62822566105752 ], [ -58.33634921944504, -34.628225661054877 ], [ -58.336349219465184, -34.628225661048852 ], [ -58.336349219483488, -34.628225661039693 ], [ -58.336352917499674, -34.62822337438655 ], [ -58.336363658955108, -34.628216732225134 ], [ -58.336373293635063, -34.628217922201287 ], [ -58.336383131150093, -34.628219137632925 ], [ -58.336383131172148, -34.628219137633785 ], [ -58.336383131193969, -34.62821913763095 ], [ -58.336383131214653, -34.628219137624534 ], [ -58.336383131233347, -34.628219137614813 ], [ -58.336383131249285, -34.628219137602166 ], [ -58.336383131261819, -34.628219137587131 ], [ -58.336383131270431, -34.628219137570305 ], [ -58.336383634947573, -34.628217785968104 ], [ -58.33642988760608, -34.628093774694122 ], [ -58.33643921429455, -34.628068769244955 ], [ -58.33644966518883, -34.62807170338133 ], [ -58.336985472785464, -34.62822213178098 ], [ -58.33698514546937, -34.628222986803067 ], [ -58.336977596740581, -34.628242711916791 ], [ -58.336944199484073, -34.628329962485097 ], [ -58.336925889811319, -34.628377795265237 ], [ -58.336925889806913, -34.628377795282368 ], [ -58.336925889806608, -34.628377795299905 ], [ -58.336925889810416, -34.628377795317149 ], [ -58.33692588981819, -34.628377795333456 ], [ -58.336925889829622, -34.6283777953482 ], [ -58.336925889844295, -34.628377795360848 ], [ -58.336925889861661, -34.628377795370916 ], [ -58.336925889881044, -34.628377795378007 ], [ -58.33692795221107, -34.628378359097823 ], [ -58.338164512950321, -34.628716173678754 ], [ -58.338164512971311, -34.628716173682641 ], [ -58.338164512992812, -34.628716173683046 ], [ -58.338164513013979, -34.628716173679962 ], [ -58.338164513034016, -34.628716173673496 ], [ -58.338164513052121, -34.628716173663918 ], [ -58.338164513067603, -34.628716173651576 ], [ -58.33816451307986, -34.628716173636974 ], [ -58.338164513088394, -34.628716173620646 ], [ -58.338165602340801, -34.628713361414171 ], [ -58.338220790652095, -34.628570888590758 ], [ -58.338220790653189, -34.628570888587745 ], [ -58.338224403997295, -34.628560307039272 ], [ -58.338234815688637, -34.628563286051865 ], [ -58.338796589569327, -34.628724026397784 ], [ -58.338796255746956, -34.628724868798095 ], [ -58.33873416580046, -34.628881765623348 ], [ -58.338734165795856, -34.6288817656405 ], [ -58.338734165795358, -34.628881765658072 ], [ -58.338734165798996, -34.628881765675388 ], [ -58.338734165806635, -34.62888176569178 ], [ -58.338734165817954, -34.628881765706645 ], [ -58.338734165832562, -34.628881765719413 ], [ -58.338734165849885, -34.628881765729588 ], [ -58.338734165869262, -34.628881765736793 ], [ -58.338736233657627, -34.62888234205144 ], [ -58.338872519211598, -34.628920303728783 ], [ -58.338884003790739, -34.628923501954482 ], [ -58.33888400381305, -34.628923501958603 ], [ -58.338884003835915, -34.628923501958788 ], [ -58.338884003858318, -34.628923501955029 ], [ -58.338884003879286, -34.62892350194749 ], [ -58.338884003897896, -34.628923501936512 ], [ -58.338887139201006, -34.628921204717166 ], [ -58.338894402146202, -34.628915881142241 ], [ -58.338894402159958, -34.628915881130105 ], [ -58.338894402170794, -34.628915881116093 ], [ -58.338894402178319, -34.628915881100667 ], [ -58.338916974424947, -34.628853575610606 ], [ -58.338929550924171, -34.628819267866263 ], [ -58.338951631466131, -34.628759028906309 ], [ -58.33896211748641, -34.628761925905415 ], [ -58.339215882956978, -34.62883204144665 ], [ -58.339215606872514, -34.628832919966314 ], [ -58.339202112546062, -34.628875851568857 ], [ -58.339202112542779, -34.628875851585754 ], [ -58.339202112543418, -34.628875851602857 ], [ -58.339202112547959, -34.628875851619547 ], [ -58.339202112556229, -34.628875851635222 ], [ -58.339202112567932, -34.628875851649326 ], [ -58.339202112582647, -34.628875851661356 ], [ -58.33920211259985, -34.62887585167087 ], [ -58.339202112618921, -34.62887585167752 ], [ -58.339204127055915, -34.628876374746277 ], [ -58.339283950231945, -34.62889710199709 ], [ -58.339283950253225, -34.628897102000742 ], [ -58.339283950274968, -34.628897102000835 ], [ -58.339283950296291, -34.628897101997353 ], [ -58.339283950316364, -34.628897101990447 ], [ -58.339283950334384, -34.628897101980385 ], [ -58.339283950349625, -34.628897101967567 ], [ -58.339283950361484, -34.628897101952511 ], [ -58.339283950369499, -34.628897101935806 ], [ -58.339284895535449, -34.628894361686285 ], [ -58.339307186296288, -34.62882975181406 ], [ -58.339307495146699, -34.628828855217613 ], [ -58.339307495150479, -34.628828855200567 ], [ -58.33930749515023, -34.628828855183244 ], [ -58.339307495145981, -34.628828855166276 ], [ -58.339307495137895, -34.628828855150289 ], [ -58.339307495126249, -34.628828855135893 ], [ -58.339307495111491, -34.628828855123579 ], [ -58.339307495094154, -34.628828855113845 ], [ -58.339307495074891, -34.628828855107038 ], [ -58.339226739281123, -34.628807605903496 ], [ -58.33922673926012, -34.628807605899809 ], [ -58.339226739238654, -34.628807605899581 ], [ -58.339226739217551, -34.62880760590285 ], [ -58.339226739197628, -34.628807605909465 ], [ -58.339226739179665, -34.628807605919178 ], [ -58.339226739164346, -34.628807605931613 ], [ -58.339226739152274, -34.628807605946292 ], [ -58.339226739143911, -34.628807605962642 ], [ -58.339222032554339, -34.628820121775597 ], [ -58.339205984098157, -34.628815665997585 ], [ -58.339128211334042, -34.628794069112239 ], [ -58.339125055946944, -34.628793192497568 ], [ -58.339179556998005, -34.62877194847178 ], [ -58.33917955701687, -34.628771948462401 ], [ -58.33917955703307, -34.628771948450066 ], [ -58.339179557045945, -34.6287719484353 ], [ -58.33918973879743, -34.628757363945297 ], [ -58.339189738806276, -34.628757363929125 ], [ -58.339226877223787, -34.628666643393615 ], [ -58.339230236112805, -34.628658437638947 ], [ -58.339230330991299, -34.628658403497582 ], [ -58.339230330993182, -34.628658403496885 ], [ -58.339230371329563, -34.628658388226803 ], [ -58.339240945854691, -34.628660479446857 ], [ -58.339276721671432, -34.62866755499789 ], [ -58.339345108584531, -34.628681079972999 ], [ -58.339345717984855, -34.628681200480806 ], [ -58.339345718006939, -34.628681200483243 ], [ -58.339345718029165, -34.628681200481907 ], [ -58.339345718050602, -34.628681200476869 ], [ -58.339345783511263, -34.628681178909481 ], [ -58.339350034071536, -34.628679805863122 ], [ -58.339393631763485, -34.628665724946785 ], [ -58.339393631784858, -34.628665724937505 ], [ -58.339393631803233, -34.628665724924588 ], [ -58.339450986436134, -34.62861532993486 ], [ -58.339450986451084, -34.628615329918247 ], [ -58.339450986461053, -34.628615329899269 ], [ -58.339502842503705, -34.62847411148713 ], [ -58.339506684600529, -34.628464339514274 ], [ -58.339754457411466, -34.627834157388016 ], [ -58.339764890017307, -34.627836983955 ], [ -58.340267921639899, -34.627973282829636 ], [ -58.340267921659354, -34.627973282833317 ], [ -58.340267921679285, -34.627973282834006 ], [ -58.340267921699045, -34.62797328283169 ], [ -58.340267921717953, -34.627973282826432 ], [ -58.340267921735389, -34.627973282818409 ], [ -58.340267921750758, -34.627973282807893 ], [ -58.340270771343064, -34.627970940193514 ], [ -58.340525272159212, -34.627761638661894 ], [ -58.340541512672281, -34.627748955836573 ], [ -58.340556429932825, -34.627737305664169 ], [ -58.340558127754079, -34.627738763097923 ], [ -58.340668546649113, -34.627833567181767 ], [ -58.340668546665384, -34.627833567193235 ], [ -58.34066854668405, -34.627833567201847 ], [ -58.340668546704379, -34.627833567207297 ], [ -58.34066854672561, -34.627833567209365 ], [ -58.340668546746933, -34.627833567207965 ], [ -58.340668546767503, -34.627833567203162 ], [ -58.340668546786539, -34.627833567195118 ], [ -58.340668546803322, -34.627833567184162 ], [ -58.340668578464076, -34.627833541976294 ], [ -58.340668578464431, -34.627833541976003 ], [ -58.340674499086909, -34.627828785738927 ], [ -58.340775950906334, -34.627747293166102 ], [ -58.340775950918598, -34.627747293154393 ], [ -58.340775950928254, -34.62774729314112 ], [ -58.340775950935019, -34.627747293126681 ], [ -58.340785275122109, -34.627720872926787 ], [ -58.340785275126194, -34.627720872908071 ], [ -58.340785275125434, -34.62772087288905 ], [ -58.340785275119849, -34.62772087287059 ], [ -58.34078527510971, -34.627720872853523 ], [ -58.340785275095456, -34.62772087283858 ], [ -58.340698760300931, -34.627647617839934 ], [ -58.340675773579811, -34.627628153922572 ], [ -58.341074148523845, -34.627302642713154 ], [ -58.341079987579583, -34.627307311536633 ], [ -58.341185608363539, -34.627391754864767 ], [ -58.341188038346232, -34.627393697148399 ], [ -58.341188038363306, -34.62739369715954 ], [ -58.341188038382718, -34.627393697167676 ], [ -58.341188038403693, -34.627393697172437 ], [ -58.3411880384254, -34.627393697173687 ], [ -58.341188038446965, -34.627393697171335 ], [ -58.34118803846755, -34.627393697165509 ], [ -58.341188038486315, -34.6273936971564 ], [ -58.341188038502523, -34.627393697144406 ], [ -58.341193446744256, -34.627388805156095 ], [ -58.341237335054863, -34.627349099266219 ], [ -58.341307066650813, -34.627286013898392 ], [ -58.34130706666329, -34.627286013884671 ], [ -58.3413070666724, -34.627286013869245 ], [ -58.341307066677807, -34.627286013852668 ], [ -58.34130706667932, -34.627286013835551 ], [ -58.341307066676883, -34.627286013818498 ], [ -58.341307066670574, -34.627286013802149 ], [ -58.341307066660619, -34.627286013787071 ], [ -58.341307066647403, -34.627286013773833 ], [ -58.341205344802077, -34.627201957554675 ], [ -58.341203613138738, -34.627200527137909 ], [ -58.341420758529765, -34.627021199977662 ], [ -58.341420758530198, -34.6270211999773 ], [ -58.341558446671527, -34.626906187665575 ], [ -58.341601881300463, -34.626869905737571 ], [ -58.34160777811212, -34.626874599833059 ], [ -58.341698469830554, -34.626946789278861 ], [ -58.3416984698462, -34.626946789289207 ], [ -58.341698469863871, -34.626946789297008 ], [ -58.341698469882964, -34.626946789302004 ], [ -58.341698469902852, -34.626946789304029 ], [ -58.341698469922854, -34.626946789303013 ], [ -58.341698469942294, -34.626946789298991 ], [ -58.341698469960498, -34.626946789292091 ], [ -58.34170568944181, -34.626943361185951 ], [ -58.34177123762619, -34.626912241962216 ], [ -58.341771237643329, -34.626912241952134 ], [ -58.341771237657817, -34.626912241939529 ], [ -58.3417712376691, -34.626912241924863 ], [ -58.341797723431768, -34.62686912735618 ], [ -58.341797723439505, -34.626869127339802 ], [ -58.341797723443243, -34.626869127322493 ], [ -58.34179918836746, -34.626853865074189 ], [ -58.341799188367254, -34.62685386505806 ], [ -58.341799188363581, -34.626853865042207 ], [ -58.341799188356546, -34.626853865027158 ], [ -58.341799188346378, -34.626853865013395 ], [ -58.341791699290383, -34.626845509552652 ], [ -58.341795897449884, -34.62682014336702 ], [ -58.341795897450758, -34.626820143350393 ], [ -58.341795897447923, -34.626820143333916 ], [ -58.341795897441472, -34.626820143318156 ], [ -58.341795897431631, -34.62682014330364 ], [ -58.341795897418713, -34.626820143290871 ], [ -58.341737173571261, -34.626771892280964 ], [ -58.341735437537544, -34.626770465470152 ], [ -58.341748550067862, -34.626758602421738 ], [ -58.341755120016629, -34.626752657808161 ], [ -58.3419200126243, -34.626603476000113 ], [ -58.34192329048583, -34.626600510895017 ], [ -58.342128990458683, -34.626436312178264 ], [ -58.342129090586404, -34.626436393343901 ], [ -58.342134711762121, -34.62644096911626 ], [ -58.34222118601749, -34.626511363773311 ], [ -58.342221186035303, -34.626511363785049 ], [ -58.342221186055667, -34.626511363793462 ], [ -58.342221186077715, -34.626511363798222 ], [ -58.34222118610046, -34.626511363799068 ], [ -58.342221186122941, -34.626511363795998 ], [ -58.342221186144151, -34.626511363789135 ], [ -58.342221186163172, -34.626511363778761 ], [ -58.342227473371949, -34.626507099101659 ], [ -58.342357454715994, -34.626418934168889 ], [ -58.342357454731591, -34.626418934155915 ], [ -58.342357454743691, -34.626418934140588 ], [ -58.342357454751806, -34.626418934123578 ], [ -58.3423574547556, -34.626418934105551 ], [ -58.342357454754911, -34.626418934087262 ], [ -58.342357454749774, -34.62641893406947 ], [ -58.34235745474038, -34.6264189340529 ], [ -58.34235745472715, -34.626418934038249 ], [ -58.342258341217409, -34.626329684662529 ], [ -58.342438882167137, -34.626188004906062 ], [ -58.342438882180801, -34.626188004893081 ], [ -58.342451397514623, -34.626173520733857 ], [ -58.342462032157904, -34.626174580513627 ], [ -58.342740319347463, -34.626202315763472 ], [ -58.342740185608129, -34.626203563106657 ], [ -58.342728897211749, -34.626309144041421 ], [ -58.342728897212154, -34.626309144060478 ], [ -58.342728897217413, -34.626309144079045 ], [ -58.342728897227261, -34.626309144096261 ], [ -58.34272889724128, -34.626309144111403 ], [ -58.342728897258823, -34.626309144123766 ], [ -58.34273067215269, -34.626310147353429 ], [ -58.342744752546672, -34.626318103663316 ], [ -58.342744752566887, -34.626318103672318 ], [ -58.342744752588928, -34.626318103677619 ], [ -58.342744752611821, -34.62631810367899 ], [ -58.342755740434832, -34.626317802647499 ], [ -58.342905224325726, -34.62631370911064 ], [ -58.342905224347682, -34.626313709108167 ], [ -58.342905224368572, -34.626313709102099 ], [ -58.342905224387557, -34.626313709092649 ], [ -58.342905224403843, -34.626313709080215 ], [ -58.342905224416739, -34.626313709065336 ], [ -58.342905224425749, -34.626313709048588 ], [ -58.342905224430467, -34.626313709030697 ], [ -58.342911160102247, -34.62627043511187 ], [ -58.342917274294422, -34.626225855304597 ], [ -58.342928654619804, -34.626227021240702 ], [ -58.342985927494837, -34.626232890087955 ], [ -58.34304317526643, -34.62623878051761 ], [ -58.343332675157683, -34.626268597829835 ], [ -58.343332585044436, -34.626269843416353 ], [ -58.343326786933368, -34.626350278443823 ], [ -58.343326786934156, -34.626350278461231 ], [ -58.343326786938981, -34.626350278478192 ], [ -58.343326786947657, -34.626350278494073 ], [ -58.343326786959864, -34.626350278508269 ], [ -58.343326786975162, -34.62635027852027 ], [ -58.343326786992961, -34.626350278529607 ], [ -58.343328565538641, -34.626351023047228 ], [ -58.343446211143409, -34.626400293017475 ], [ -58.343446211166579, -34.626400293024581 ], [ -58.343446211191065, -34.626400293027189 ], [ -58.343486050164856, -34.626400783776027 ], [ -58.3434860501876, -34.626400783774336 ], [ -58.343486050209421, -34.626400783768766 ], [ -58.343486050229359, -34.626400783759543 ], [ -58.343486050246533, -34.626400783747115 ], [ -58.343486050260196, -34.626400783731995 ], [ -58.343486050269753, -34.62640078371485 ], [ -58.343486050274791, -34.626400783696425 ], [ -58.343486069001628, -34.626400652107812 ], [ -58.343486069001642, -34.626400652107684 ], [ -58.343501424704733, -34.626291421742877 ], [ -58.343512784141296, -34.626292717406756 ], [ -58.343561069032752, -34.626298225604188 ], [ -58.34356106903391, -34.62629822560433 ], [ -58.3435789519134, -34.626300104585425 ], [ -58.344121589847269, -34.626361105789435 ], [ -58.344210179198889, -34.626371064641646 ], [ -58.344277550657068, -34.626378637403604 ], [ -58.344384770524066, -34.626454943257407 ], [ -58.34438463633154, -34.626455050326584 ], [ -58.344384636331441, -34.626455050326669 ], [ -58.344364837273503, -34.626470888766612 ], [ -58.344364837273275, -34.626470888766811 ], [ -58.344364746661675, -34.626470961693222 ], [ -58.343825706395208, -34.62690218154701 ], [ -58.343716606723866, -34.626816583329898 ], [ -58.343716606707162, -34.626816583319147 ], [ -58.343716606688268, -34.626816583311253 ], [ -58.34371660666789, -34.626816583306535 ], [ -58.34371660664678, -34.626816583305164 ], [ -58.343716606625755, -34.626816583307175 ], [ -58.343716606605589, -34.626816583312532 ], [ -58.343716606587066, -34.626816583320995 ], [ -58.343716606570858, -34.62681658333225 ], [ -58.343707426874417, -34.626824338244134 ], [ -58.343707343898785, -34.626824408473439 ], [ -58.343581277931712, -34.626930908112193 ], [ -58.343581277918624, -34.626930908125608 ], [ -58.343581277908861, -34.626930908140828 ], [ -58.343581277902778, -34.626930908157313 ], [ -58.343581277900604, -34.626930908174451 ], [ -58.343581277902423, -34.626930908191618 ], [ -58.34358127790815, -34.626930908208195 ], [ -58.343581277917586, -34.626930908223557 ], [ -58.343581277930404, -34.626930908237156 ], [ -58.343678708055464, -34.627016124643909 ], [ -58.343678620785965, -34.627016198412534 ], [ -58.343678620785759, -34.627016198412697 ], [ -58.343331167777123, -34.627311436504947 ], [ -58.343264658707241, -34.627257360888983 ], [ -58.343216632061711, -34.627218311975454 ], [ -58.343216632045696, -34.627218311964697 ], [ -58.343216632027513, -34.627218311956625 ], [ -58.343216632007824, -34.62721831195153 ], [ -58.34321663198731, -34.627218311949591 ], [ -58.343216631966726, -34.627218311950898 ], [ -58.343216631946817, -34.62721831195536 ], [ -58.343216631928271, -34.627218311962864 ], [ -58.34321663191178, -34.627218311973117 ], [ -58.343087080353129, -34.627315970161852 ], [ -58.343087080338563, -34.627315970175268 ], [ -58.343087080327528, -34.627315970190807 ], [ -58.343087080320444, -34.627315970207839 ], [ -58.343087080317609, -34.627315970225702 ], [ -58.343087080319123, -34.627315970243679 ], [ -58.343087080324921, -34.627315970261044 ], [ -58.343087080334797, -34.627315970277103 ], [ -58.343087080348333, -34.627315970291228 ], [ -58.343097605660944, -34.627324939854795 ], [ -58.343169586053975, -34.627386279228816 ], [ -58.343169586054131, -34.627386279228951 ], [ -58.343169855069874, -34.627386507552494 ], [ -58.343198197445368, -34.627410661006557 ], [ -58.343208685680999, -34.627419598914202 ], [ -58.343196423427244, -34.627430975287879 ], [ -58.343179756568944, -34.627444719916966 ], [ -58.343041679944349, -34.62755858706376 ], [ -58.342826132083829, -34.627736340291825 ], [ -58.34282572045371, -34.627736001015613 ], [ -58.342729305721413, -34.627656673840136 ], [ -58.342725526293513, -34.627653563818889 ], [ -58.34272379124215, -34.627652136060988 ], [ -58.342723791225886, -34.627652136049967 ], [ -58.342723791207362, -34.627652136041732 ], [ -58.342723791187275, -34.627652136036595 ], [ -58.342723791166364, -34.627652136034726 ], [ -58.34272379114541, -34.627652136036225 ], [ -58.342723791125195, -34.627652136041021 ], [ -58.342723791106465, -34.627652136048923 ], [ -58.342723791089924, -34.627652136059666 ], [ -58.342709690498381, -34.627663261839807 ], [ -58.342709604253798, -34.627663329360736 ], [ -58.342709604253493, -34.627663329360978 ], [ -58.342599138932961, -34.627750490853636 ], [ -58.342599138919041, -34.627750490867001 ], [ -58.342599138908533, -34.627750490882342 ], [ -58.342599138901853, -34.627750490899082 ], [ -58.342599138899232, -34.627750490916583 ], [ -58.342599138900795, -34.627750490934176 ], [ -58.342599138906458, -34.627750490951179 ], [ -58.342599138916022, -34.627750490966932 ], [ -58.342599138929117, -34.627750490980866 ], [ -58.342635227199331, -34.627781951909213 ], [ -58.342698998093098, -34.627837545847221 ], [ -58.342683482196804, -34.627850119642204 ], [ -58.342683482196591, -34.627850119642375 ], [ -58.342683390488943, -34.627850194369259 ], [ -58.342509065825226, -34.627991467813118 ], [ -58.342322790171004, -34.628142427503228 ], [ -58.342322757497818, -34.628142453548904 ], [ -58.342214660796451, -34.628049481410081 ], [ -58.342210631077386, -34.628046015966042 ], [ -58.342208933149919, -34.628044555786737 ], [ -58.34220893313303, -34.628044555774906 ], [ -58.342208933113604, -34.628044555766124 ], [ -58.342208933092415, -34.628044555760766 ], [ -58.342208933070381, -34.628044555759068 ], [ -58.342208933048376, -34.628044555761072 ], [ -58.342208933027308, -34.628044555766721 ], [ -58.34220893300806, -34.62804455577578 ], [ -58.342208932991419, -34.628044555787845 ], [ -58.342158824173097, -34.628089132514368 ], [ -58.342089763405923, -34.628150569433139 ], [ -58.342089763393403, -34.628150569446618 ], [ -58.34208976338418, -34.628150569461809 ], [ -58.342089763378553, -34.628150569478166 ], [ -58.342089763376762, -34.628150569495091 ], [ -58.342089763378837, -34.628150569512009 ], [ -58.342089763384713, -34.628150569528287 ], [ -58.342089763394178, -34.628150569543372 ], [ -58.342089763406911, -34.628150569556716 ], [ -58.342096597530379, -34.628156489647189 ], [ -58.342096686836484, -34.628156567257825 ], [ -58.342096686836612, -34.628156567257932 ], [ -58.342200704962586, -34.628246676155243 ], [ -58.342187182166072, -34.628257844751758 ], [ -58.342187091547963, -34.628257919479388 ], [ -58.342125580230231, -34.6283087226779 ], [ -58.342058713608388, -34.628363949186443 ], [ -58.341870555297369, -34.628519351193688 ], [ -58.341828674068182, -34.628553941053113 ], [ -58.341819057813467, -34.62856174310371 ], [ -58.341813005143344, -34.628557653707709 ], [ -58.341767806310891, -34.628520669494812 ], [ -58.341766066888141, -34.628519247127649 ], [ -58.341722815546319, -34.628483856738725 ], [ -58.341721077215617, -34.628482434372017 ], [ -58.341721077198493, -34.628482434360578 ], [ -58.341721077178931, -34.628482434352222 ], [ -58.341721077157743, -34.628482434347276 ], [ -58.341721077135787, -34.628482434345976 ], [ -58.341701745535673, -34.628482891925529 ], [ -58.341701745514527, -34.62848289192776 ], [ -58.341701745494312, -34.628482891933345 ], [ -58.341701745475802, -34.628482891942063 ], [ -58.341650055135339, -34.62851312983306 ], [ -58.341650055121029, -34.628513129843057 ], [ -58.341642838298185, -34.628519124283294 ], [ -58.341610479403293, -34.628546003825292 ], [ -58.341610479389828, -34.62854600383892 ], [ -58.341610479379817, -34.628546003854439 ], [ -58.341610479373649, -34.628546003871278 ], [ -58.341610479371546, -34.628546003888772 ], [ -58.341610471788137, -34.628551197849077 ], [ -58.341610471564394, -34.628551351089833 ], [ -58.341610457782174, -34.628560790688461 ], [ -58.341589942856857, -34.628581519925291 ], [ -58.341589942844315, -34.628581519941079 ], [ -58.341589942836031, -34.628581519958701 ], [ -58.341589942832378, -34.628581519977345 ], [ -58.341589942833508, -34.628581519996224 ], [ -58.341589942839377, -34.628581520014485 ], [ -58.341589942849708, -34.628581520031346 ], [ -58.341589942864083, -34.628581520046048 ], [ -58.341591672456282, -34.628582952321501 ], [ -58.341637493610108, -34.628620890922676 ], [ -58.341639219936468, -34.628622320489946 ], [ -58.341640949530372, -34.628623752764703 ], [ -58.341691130582255, -34.62866530220149 ], [ -58.341672218848338, -34.628680708337939 ], [ -58.341672124955181, -34.628680784864827 ], [ -58.341405728822842, -34.628897793906717 ], [ -58.341405728808795, -34.628897793920721 ], [ -58.341405728798449, -34.628897793936765 ], [ -58.341405728792218, -34.628897793954209 ], [ -58.341405728790349, -34.628897793972342 ], [ -58.341405909063106, -34.628907252726194 ], [ -58.341405909063106, -34.628907252726378 ], [ -58.34140591212627, -34.62890739515332 ], [ -58.341406801293395, -34.628954081354649 ], [ -58.34140680129574, -34.628954081371859 ], [ -58.341406801302021, -34.6289540813884 ], [ -58.341406801312012, -34.62895408140362 ], [ -58.341406801325341, -34.628954081417 ], [ -58.341408533105714, -34.62895551189429 ], [ -58.341563569178945, -34.629083504850627 ], [ -58.341563569199224, -34.629083504863807 ], [ -58.341563569222693, -34.629083504872682 ], [ -58.341669499625773, -34.629111593252688 ], [ -58.341688807967394, -34.629116712725043 ], [ -58.341788697303926, -34.629143199469375 ], [ -58.341869864690345, -34.6291647213895 ], [ -58.341869510124262, -34.629165601634874 ], [ -58.34184814646877, -34.629218660331091 ], [ -58.341848146463867, -34.629218660349508 ], [ -58.341848146463704, -34.629218660368345 ], [ -58.341848146468294, -34.629218660386805 ], [ -58.341848146477417, -34.629218660404071 ], [ -58.34184814649069, -34.629218660419404 ], [ -58.34184814650753, -34.629218660432109 ], [ -58.341848146527191, -34.629218660441644 ], [ -58.341850149751998, -34.629219411514171 ], [ -58.342005507645695, -34.629277686797707 ], [ -58.342005655870693, -34.629277742832954 ], [ -58.342005655870999, -34.629277742833068 ], [ -58.342010715164967, -34.62927963993927 ], [ -58.342010715184301, -34.629279639944784 ], [ -58.342010715204559, -34.629279639947207 ], [ -58.342010715224987, -34.629279639946461 ], [ -58.342010715244911, -34.629279639942581 ], [ -58.342010715263591, -34.629279639935689 ], [ -58.342010715280381, -34.62927963992604 ], [ -58.342010715294705, -34.62927963991396 ], [ -58.342010715306053, -34.629279639899885 ], [ -58.342010715314004, -34.629279639884302 ], [ -58.342012120861241, -34.629275958090297 ], [ -58.342031045370931, -34.629226393539028 ], [ -58.342038591929494, -34.629206627636485 ], [ -58.342048758663822, -34.629209481685919 ], [ -58.342208628948633, -34.62925436883765 ], [ -58.342379367169237, -34.62930230613388 ], [ -58.342385618486617, -34.629304061053233 ], [ -58.342385314108462, -34.629304923325108 ], [ -58.342379338724989, -34.629321863147894 ], [ -58.342359544508966, -34.629377970279378 ], [ -58.342359544505008, -34.6293779702969 ], [ -58.342359544505285, -34.629377970314721 ], [ -58.342359544509819, -34.629377970332143 ], [ -58.342359544518402, -34.6293779703485 ], [ -58.342366382423386, -34.629388113530581 ], [ -58.342358422945587, -34.629405396588496 ], [ -58.342358422940066, -34.629405396605144 ], [ -58.342358422938474, -34.629405396622367 ], [ -58.342358422940897, -34.629405396639498 ], [ -58.342358422947221, -34.629405396655969 ], [ -58.342358422957233, -34.629405396671118 ], [ -58.342358422970548, -34.629405396684426 ], [ -58.342358422986692, -34.629405396695383 ], [ -58.342358423005066, -34.629405396703589 ], [ -58.342360480810576, -34.62940611537082 ], [ -58.342379207054634, -34.62941265929755 ], [ -58.342426296799502, -34.629429113571582 ], [ -58.342507561641426, -34.629457508498945 ], [ -58.342507710962799, -34.629457560928998 ], [ -58.342507710962977, -34.629457560929062 ], [ -58.342514148151615, -34.629459810030269 ], [ -58.342514148171141, -34.629459810035364 ], [ -58.342514148191484, -34.629459810037353 ], [ -58.342514148211905, -34.62945981003616 ], [ -58.342514148231714, -34.62945981003184 ], [ -58.342514148250181, -34.629459810024535 ], [ -58.342514148266673, -34.629459810014502 ], [ -58.3425141482806, -34.629459810002082 ], [ -58.342514148291478, -34.629459809987736 ], [ -58.342514148298939, -34.629459809971969 ], [ -58.342515356182986, -34.629456310964251 ], [ -58.342529112684289, -34.629416467513167 ], [ -58.342545587183913, -34.629368747461839 ], [ -58.342545601417584, -34.629368707814002 ], [ -58.34254560141791, -34.6293687078131 ], [ -58.342550366111276, -34.62935490560892 ], [ -58.342560674805064, -34.629357647981507 ], [ -58.342851824325471, -34.629435097168638 ], [ -58.34285182434531, -34.629435097172269 ], [ -58.34285182436561, -34.629435097172795 ], [ -58.342851824385676, -34.629435097170202 ], [ -58.342851824404811, -34.629435097164588 ], [ -58.342851824422368, -34.629435097156119 ], [ -58.342851824437709, -34.629435097145119 ], [ -58.342854461270832, -34.629432817360041 ], [ -58.343189179565897, -34.62914339044837 ], [ -58.343195827894881, -34.6291473830168 ], [ -58.343286009630908, -34.629201540605152 ], [ -58.343286918313524, -34.62920208595542 ], [ -58.343325822774155, -34.629225450207805 ], [ -58.343325822793915, -34.629225450217234 ], [ -58.343325822815608, -34.629225450223061 ], [ -58.343325822838288, -34.629225450225022 ], [ -58.343325822860969, -34.629225450223039 ], [ -58.343325822882662, -34.629225450217206 ], [ -58.343325822902408, -34.629225450207777 ], [ -58.343325822919354, -34.629225450195143 ], [ -58.343330260542359, -34.62922136933603 ], [ -58.343401227491078, -34.629156120603561 ], [ -58.343401227502987, -34.629156120590373 ], [ -58.343401227511791, -34.629156120575622 ], [ -58.343401227517198, -34.629156120559792 ], [ -58.343401227519045, -34.629156120543406 ], [ -58.343401243965936, -34.629144687881741 ], [ -58.343401244502786, -34.629144314695452 ], [ -58.343401244500903, -34.629144314678697 ], [ -58.343401244495304, -34.629144314662526 ], [ -58.343401244486159, -34.629144314647498 ], [ -58.343401244473803, -34.629144314634146 ], [ -58.343401244458654, -34.62914431462292 ], [ -58.343393285455754, -34.629139439144694 ], [ -58.343391299345981, -34.629138223044436 ], [ -58.343398960509255, -34.629131762077812 ], [ -58.343399051129936, -34.629131685546334 ], [ -58.343409177693538, -34.629123144654216 ], [ -58.343409177706704, -34.629123144640722 ], [ -58.343409177716509, -34.629123144625396 ], [ -58.343409177722577, -34.629123144608805 ], [ -58.343409177724695, -34.629123144591553 ], [ -58.343409177722783, -34.629123144574294 ], [ -58.343409177716907, -34.629123144557646 ], [ -58.343409177707272, -34.629123144542241 ], [ -58.343409177694262, -34.629123144528656 ], [ -58.34338083825412, -34.629098778398038 ], [ -58.343324709436217, -34.629050520803503 ], [ -58.343319854130087, -34.629046346135304 ], [ -58.343457657163128, -34.628936828738425 ], [ -58.343464280708112, -34.628931564657854 ], [ -58.343648284351161, -34.628785328048359 ], [ -58.343694232956707, -34.628748810775186 ], [ -58.343699132560523, -34.628752512234186 ], [ -58.34369996032067, -34.628753212544041 ], [ -58.343700528862655, -34.628753693557059 ], [ -58.34378353171104, -34.628823915114779 ], [ -58.343783531727375, -34.628823915126134 ], [ -58.34378353174607, -34.628823915134639 ], [ -58.343783531766398, -34.628823915139954 ], [ -58.343783531787594, -34.628823915141922 ], [ -58.343783531808853, -34.628823915140437 ], [ -58.343783531829345, -34.628823915135548 ], [ -58.343783531848302, -34.628823915127462 ], [ -58.343783531864979, -34.628823915116477 ], [ -58.343789300618781, -34.628819287482727 ], [ -58.343901380727203, -34.628729356452368 ], [ -58.34391621525873, -34.628717453331333 ], [ -58.343916215272536, -34.628717453317854 ], [ -58.343916215282889, -34.628717453302393 ], [ -58.343916215289404, -34.628717453285553 ], [ -58.34391621529182, -34.628717453268003 ], [ -58.343916215290037, -34.628717453250395 ], [ -58.343916215284139, -34.628717453233413 ], [ -58.343916215274341, -34.628717453217703 ], [ -58.343916215261032, -34.628717453203883 ], [ -58.34389061905577, -34.628695655309329 ], [ -58.343823931389196, -34.628638864764831 ], [ -58.34419025891107, -34.628336766853124 ], [ -58.344190258923831, -34.628336766840484 ], [ -58.34419064117462, -34.628336308478112 ], [ -58.344190730403355, -34.6283363770021 ], [ -58.344190730419854, -34.628336377012538 ], [ -58.344190730438442, -34.628336377020204 ], [ -58.34419073045845, -34.628336377024816 ], [ -58.344190730479163, -34.628336377026187 ], [ -58.344190730499811, -34.628336377024304 ], [ -58.344190730519649, -34.628336377019224 ], [ -58.344190730537967, -34.628336377011117 ], [ -58.344190730554082, -34.628336377000281 ], [ -58.344190814616091, -34.628336308576735 ], [ -58.344205814069852, -34.628325615340671 ], [ -58.344207515248222, -34.628327068222887 ], [ -58.344318201178375, -34.62842160153879 ], [ -58.344318201194383, -34.628421601550052 ], [ -58.344318201212701, -34.628421601558571 ], [ -58.34431820123266, -34.628421601564021 ], [ -58.344318201253515, -34.628421601566203 ], [ -58.344318201274483, -34.628421601565044 ], [ -58.344318201294783, -34.628421601560561 ], [ -58.344318201313691, -34.628421601552965 ], [ -58.344318201330466, -34.628421601542513 ], [ -58.344318228622022, -34.628421580836509 ], [ -58.344318228622555, -34.628421580836104 ], [ -58.344324114946261, -34.62841705425015 ], [ -58.344407569237006, -34.628352877168666 ], [ -58.344407569253967, -34.628352877152025 ], [ -58.34440756926562, -34.628352877132535 ], [ -58.344424230979179, -34.628313673593304 ], [ -58.344424230984067, -34.628313673577189 ], [ -58.34442423098529, -34.628313673560605 ], [ -58.344424230982803, -34.628313673544113 ], [ -58.344424230976713, -34.628313673528275 ], [ -58.344424230967192, -34.628313673513645 ], [ -58.344424230954601, -34.628313673500692 ], [ -58.344354327020838, -34.62825404869151 ], [ -58.34431987181938, -34.628224660487483 ], [ -58.344319961261014, -34.628224589425521 ], [ -58.344319961274934, -34.628224589412056 ], [ -58.344319961285393, -34.628224589396595 ], [ -58.344319961291994, -34.628224589379734 ], [ -58.344319961294474, -34.628224589362127 ], [ -58.34431996129274, -34.62822458934447 ], [ -58.344319961286878, -34.628224589327438 ], [ -58.34431996127708, -34.628224589311671 ], [ -58.34431996126375, -34.628224589297808 ], [ -58.344313761897943, -34.628219301007753 ], [ -58.344321094981218, -34.628213394022687 ], [ -58.344581929640761, -34.628003290707397 ], [ -58.344968150116287, -34.628328224962722 ], [ -58.34501929787951, -34.628371256867837 ], [ -58.3450192978801, -34.628371256868313 ], [ -58.345019354518115, -34.628371303796726 ], [ -58.345019438384803, -34.628371374188433 ], [ -58.345019438385144, -34.628371374188724 ], [ -58.345020273795797, -34.628372069090389 ], [ -58.345020273811244, -34.628372069101061 ], [ -58.345020273828801, -34.628372069109204 ], [ -58.345020273847872, -34.62837206911454 ], [ -58.345020273867796, -34.628372069116885 ], [ -58.345020273887904, -34.628372069116161 ], [ -58.345020273907508, -34.628372069112409 ], [ -58.345020273925947, -34.628372069105716 ], [ -58.345020273942588, -34.628372069096358 ], [ -58.345026471681521, -34.628367838443381 ], [ -58.345033697628104, -34.628362905693869 ], [ -58.345034695694793, -34.62836268672266 ], [ -58.34503572302782, -34.628362602085495 ], [ -58.345036753437803, -34.628362654464496 ], [ -58.345037759665871, -34.628362842030349 ], [ -58.345038717728393, -34.628363160252889 ], [ -58.345039602557534, -34.628363600093714 ], [ -58.345040390180564, -34.628364151616431 ], [ -58.34504176693352, -34.628365285129192 ], [ -58.345041766933633, -34.62836528512927 ], [ -58.34504212528347, -34.628365579338819 ], [ -58.345281789457957, -34.628562746869683 ], [ -58.345281789459833, -34.628562746871189 ], [ -58.345282987651629, -34.628563686401002 ], [ -58.345283189070777, -34.628563908338521 ], [ -58.345283979520183, -34.628564779866586 ], [ -58.345284734585107, -34.628565994793092 ], [ -58.345285232176003, -34.628567296907008 ], [ -58.345285459259607, -34.628568649238041 ], [ -58.345285409346651, -34.628570013920772 ], [ -58.345285082490783, -34.628571353096099 ], [ -58.34528448856102, -34.628572628013124 ], [ -58.345283645057236, -34.628573801731015 ], [ -58.34528257492385, -34.628574842722742 ], [ -58.34528130982428, -34.628575720373469 ], [ -58.345271875928361, -34.628581216200182 ], [ -58.345271875912402, -34.628581216211522 ], [ -58.345271875899392, -34.628581216225193 ], [ -58.3452718758898, -34.628581216240669 ], [ -58.345271875883974, -34.628581216257388 ], [ -58.34527187588214, -34.628581216274718 ], [ -58.345271875884364, -34.628581216292019 ], [ -58.345271875890575, -34.628581216308632 ], [ -58.345271875900536, -34.628581216323965 ], [ -58.345271875913859, -34.62858121633743 ], [ -58.345273602294206, -34.628582651261887 ], [ -58.345275023699081, -34.628583832592895 ], [ -58.34527675117134, -34.62858526661698 ], [ -58.345279247617079, -34.628587340490007 ], [ -58.345279391390541, -34.628587460517593 ], [ -58.345279391390783, -34.628587460517785 ], [ -58.345280975089615, -34.628588774514128 ], [ -58.345302764548933, -34.628606867214494 ], [ -58.345304492022116, -34.628608301238167 ], [ -58.345378095921767, -34.62866941551502 ], [ -58.34537809593818, -34.628669415526218 ], [ -58.345378095956917, -34.628669415534567 ], [ -58.345378095977274, -34.62866941553974 ], [ -58.345378095998441, -34.628669415541559 ], [ -58.345378096019637, -34.628669415539939 ], [ -58.345378096040058, -34.628669415534944 ], [ -58.345378096058901, -34.628669415526765 ], [ -58.345378096075478, -34.628669415515716 ], [ -58.345378241199278, -34.628669297633081 ], [ -58.345378383808743, -34.628669415793418 ], [ -58.345378383825178, -34.628669415804609 ], [ -58.345378383843943, -34.628669415812951 ], [ -58.345378383864315, -34.628669415818102 ], [ -58.345378383885496, -34.6286694158199 ], [ -58.345378383906706, -34.628669415818251 ], [ -58.345378383927113, -34.628669415813228 ], [ -58.345378383945956, -34.628669415805014 ], [ -58.345378383962519, -34.628669415793929 ], [ -58.345384055558121, -34.62866479249768 ], [ -58.346015493861621, -34.628150157290051 ], [ -58.346382296586754, -34.62785120180596 ], [ -58.346382296587883, -34.627851201805029 ], [ -58.347055328493198, -34.627286223521608 ], [ -58.347055416643663, -34.627286294754903 ], [ -58.347055416643791, -34.62728629475501 ], [ -58.347061164566085, -34.627290924505935 ], [ -58.34727116293368, -34.627460085291787 ], [ -58.34779276505558, -34.627882314944067 ], [ -58.347794488189265, -34.62788375253372 ], [ -58.348698056265057, -34.628637330038238 ], [ -58.348698056267295, -34.628637330040064 ], [ -58.34869825343106, -34.628637485269152 ], [ -58.348764217374459, -34.628689327337383 ], [ -58.34876423034008, -34.628689411149445 ], [ -58.348774505476861, -34.62875799965704 ], [ -58.348431990238872, -34.628792009860121 ], [ -58.34843199021892, -34.628792009863695 ], [ -58.34843199020014, -34.628792009870274 ], [ -58.348431990183173, -34.628792009879618 ], [ -58.348431990168592, -34.628792009891427 ], [ -58.348431990156939, -34.628792009905268 ], [ -58.348431990148605, -34.628792009920659 ], [ -58.348431990143887, -34.628792009937072 ], [ -58.348431990142942, -34.628792009953912 ], [ -58.348441289866102, -34.628953377865514 ], [ -58.348441289869392, -34.628953377883633 ], [ -58.348441289877051, -34.628953377900814 ], [ -58.348441289888761, -34.628953377916368 ], [ -58.348441289904024, -34.628953377929641 ], [ -58.348441289922221, -34.628953377940086 ], [ -58.348441289942585, -34.628953377947298 ], [ -58.348441289964306, -34.628953377950936 ], [ -58.348441289986454, -34.628953377950872 ], [ -58.348442928092901, -34.628953235266579 ], [ -58.348452486255241, -34.628952405046874 ], [ -58.34877966337131, -34.628923962864548 ], [ -58.348779933537671, -34.628924940176937 ], [ -58.34878009087759, -34.628925508217769 ], [ -58.348784807812478, -34.628942541316547 ], [ -58.34878672108772, -34.629021499169106 ], [ -58.348786721087777, -34.629021499170783 ], [ -58.348789835811999, -34.629087955484074 ], [ -58.348768339515864, -34.62915188184806 ], [ -58.348768339515168, -34.629151881850241 ], [ -58.348747007954607, -34.629222076830978 ], [ -58.348711458034288, -34.629302954670898 ], [ -58.348711458033357, -34.629302954673072 ], [ -58.348695830561397, -34.629341563021505 ], [ -58.348690212156768, -34.62935123892381 ], [ -58.348573020204554, -34.629376729898809 ], [ -58.348485054435812, -34.629395863545902 ], [ -58.348485054417047, -34.629395863551544 ], [ -58.348485054399838, -34.629395863559921 ], [ -58.34848505438476, -34.62939586357075 ], [ -58.348485054372347, -34.629395863583689 ], [ -58.348485054362968, -34.629395863598276 ], [ -58.348485054356978, -34.629395863614015 ], [ -58.348485054354555, -34.629395863630407 ], [ -58.348484506627791, -34.629411121408751 ], [ -58.348484506627777, -34.629411121409234 ], [ -58.348484505483896, -34.629411160168871 ], [ -58.348470722581901, -34.629795156442299 ], [ -58.348470722581865, -34.629795156443755 ], [ -58.348470280683344, -34.629822246304755 ], [ -58.348444834171509, -34.62986324489281 ], [ -58.348439783135191, -34.629863966671181 ], [ -58.348439598805413, -34.629863992638683 ], [ -58.348439598805165, -34.629863992638718 ], [ -58.348080062626103, -34.629915370559544 ], [ -58.348000419843522, -34.629921973901524 ], [ -58.348000419825091, -34.629921973904381 ], [ -58.348000419807533, -34.629921973909823 ], [ -58.348000419791362, -34.629921973917654 ], [ -58.347966918721582, -34.629941591328958 ], [ -58.347966704975335, -34.629941616363446 ], [ -58.347966704955603, -34.629941616367333 ], [ -58.347966704937079, -34.629941616374182 ], [ -58.347966704920402, -34.629941616383739 ], [ -58.347966704906163, -34.629941616395691 ], [ -58.347966704894837, -34.62994161640961 ], [ -58.347966704886851, -34.629941616425036 ], [ -58.347926885756991, -34.630043709358468 ], [ -58.347926885756927, -34.63004370935861 ], [ -58.347897097064397, -34.630120527010362 ], [ -58.347897097059857, -34.630120527028012 ], [ -58.347897097059651, -34.630120527046067 ], [ -58.3478970970638, -34.630120527063788 ], [ -58.347897097072149, -34.630120527080472 ], [ -58.347897097084335, -34.630120527095443 ], [ -58.347911258433506, -34.630134631449707 ], [ -58.347911258449336, -34.630134631462539 ], [ -58.347911258467988, -34.63013463147248 ], [ -58.347911258488672, -34.630134631479081 ], [ -58.347911258510557, -34.630134631482086 ], [ -58.347911258532719, -34.63013463148139 ], [ -58.347911518114167, -34.630134601078744 ], [ -58.347911518114323, -34.63013460107873 ], [ -58.347921305876611, -34.630133443002215 ], [ -58.348132054616357, -34.630108520574446 ], [ -58.348271400756751, -34.630092041660994 ], [ -58.348271708638464, -34.630093346218239 ], [ -58.348271708638492, -34.630093346218345 ], [ -58.348271776943051, -34.630093633834818 ], [ -58.348315231425453, -34.630277641436955 ], [ -58.348258719462983, -34.630345538750305 ], [ -58.348140485653026, -34.630423080668002 ], [ -58.348140485637913, -34.63042308068006 ], [ -58.348140485625862, -34.630423080694271 ], [ -58.348140485617336, -34.630423080710145 ], [ -58.348140485612653, -34.630423080727063 ], [ -58.348084318388338, -34.630782538137225 ], [ -58.347993407306511, -34.630980902835404 ], [ -58.347993407303711, -34.630980902842374 ], [ -58.347931785442391, -34.63115757188087 ], [ -58.347870994984596, -34.631171580066955 ], [ -58.347848947551221, -34.63117665941872 ], [ -58.347847779342239, -34.631176928713664 ], [ -58.347834438495816, -34.6311364371306 ], [ -58.34781678207883, -34.631082849188459 ], [ -58.347761321804249, -34.630914530009115 ], [ -58.347760996020895, -34.630913541747169 ], [ -58.347760424818262, -34.630911805977924 ], [ -58.347760424810396, -34.630911805960992 ], [ -58.347760424798608, -34.630911805945701 ], [ -58.347760424783338, -34.630911805932683 ], [ -58.347760424765234, -34.630911805922437 ], [ -58.347760424745019, -34.630911805915403 ], [ -58.347760424723504, -34.63091180591185 ], [ -58.347760424701562, -34.630911805911936 ], [ -58.347760424680082, -34.630911805915638 ], [ -58.347693470203389, -34.630929347152552 ], [ -58.34769347018473, -34.630929347159068 ], [ -58.347693470167833, -34.630929347168347 ], [ -58.347693470153317, -34.630929347180043 ], [ -58.347693470141664, -34.630929347193749 ], [ -58.347693470133279, -34.630929347209012 ], [ -58.347693470128469, -34.630929347225269 ], [ -58.347693470127375, -34.630929347242017 ], [ -58.347693470130046, -34.630929347258622 ], [ -58.34776646610468, -34.631192580651437 ], [ -58.347697174736609, -34.631328628043455 ], [ -58.347575298876507, -34.63139753846832 ], [ -58.347401267721075, -34.631440514145844 ], [ -58.347401267718709, -34.631440514146455 ], [ -58.347262038446068, -34.631477770745917 ], [ -58.347136779446849, -34.631477651515127 ], [ -58.347136779425469, -34.63147765151686 ], [ -58.346980168996524, -34.631503387355323 ], [ -58.346903629240494, -34.631497562395751 ], [ -58.346903629216897, -34.631497562396063 ], [ -58.346903629193932, -34.631497562400575 ], [ -58.346854896799414, -34.63151189618349 ], [ -58.346765749268805, -34.631489129592005 ], [ -58.346764464059746, -34.631488801163307 ], [ -58.34674102972069, -34.631430461631183 ], [ -58.346740852581661, -34.631430021570253 ], [ -58.346740192932579, -34.631428380360632 ], [ -58.346740192924479, -34.631428380345369 ], [ -58.346740192913117, -34.631428380331606 ], [ -58.346740192898878, -34.631428380319804 ], [ -58.346740192882265, -34.631428380310361 ], [ -58.346740192863827, -34.63142838030361 ], [ -58.346740192844202, -34.631428380299781 ], [ -58.346740192824058, -34.631428380299006 ], [ -58.346740192804084, -34.631428380301315 ], [ -58.346152008080715, -34.631542860156067 ], [ -58.346152008059804, -34.631542860162043 ], [ -58.346152008040768, -34.631542860171393 ], [ -58.346152008024426, -34.631542860183728 ], [ -58.346152008011423, -34.631542860198529 ], [ -58.346152008002299, -34.631542860215198 ], [ -58.346103125767627, -34.631663608561212 ], [ -58.346103125762852, -34.631663608578485 ], [ -58.346103125762269, -34.631663608596206 ], [ -58.346103125765879, -34.631663608613685 ], [ -58.346103125773567, -34.631663608630227 ], [ -58.346103125785014, -34.631663608645205 ], [ -58.346103125799786, -34.631663608658052 ], [ -58.346103125817315, -34.631663608668255 ], [ -58.346103125836926, -34.631663608675431 ], [ -58.346105205755251, -34.631664174961074 ], [ -58.347153519060718, -34.631949345866992 ], [ -58.34715467563661, -34.631949683196602 ], [ -58.347513218268091, -34.63205422159718 ], [ -58.347588152890992, -34.632076070042757 ], [ -58.347611764229875, -34.6320875936131 ], [ -58.347633246044388, -34.632102069102515 ], [ -58.347634368950786, -34.632103093270757 ], [ -58.347651857403051, -34.632119044198824 ], [ -58.347667177895801, -34.632138134501254 ], [ -58.347678860241601, -34.632158908804747 ], [ -58.347686320727625, -34.63217999731129 ], [ -58.347686639001559, -34.632180897220671 ], [ -58.347690356422966, -34.632203829182146 ], [ -58.347692415178074, -34.632216523987296 ], [ -58.347692415181193, -34.632216523999723 ], [ -58.347692572666126, -34.632216986575962 ], [ -58.347696013443475, -34.632227091116874 ], [ -58.347696013448207, -34.632227091127938 ], [ -58.347701242712631, -34.632237182039724 ], [ -58.347701242723524, -34.632237182055938 ], [ -58.347701242738204, -34.632237182069943 ], [ -58.347701242756045, -34.632237182081163 ], [ -58.347701242776282, -34.632237182089149 ], [ -58.347702406985668, -34.632237524829627 ], [ -58.347708552855536, -34.632239335285178 ], [ -58.347821854219703, -34.63232447957828 ], [ -58.347821854233857, -34.632324479587268 ], [ -58.347821854249588, -34.632324479594246 ], [ -58.347821854266499, -34.632324479598992 ], [ -58.3480064639446, -34.632362813931856 ], [ -58.348306440623745, -34.632437032248014 ], [ -58.348496802149519, -34.632489682158173 ], [ -58.348496802158415, -34.632489682160269 ], [ -58.348580454511115, -34.632506455112832 ], [ -58.348580454529603, -34.632506455115177 ], [ -58.348713172122572, -34.632513735320615 ], [ -58.348880499915303, -34.632530587550868 ], [ -58.348880499932051, -34.632530587551479 ], [ -58.348880499948699, -34.632530587549965 ], [ -58.349010388333639, -34.632510342715456 ], [ -58.349044773554063, -34.632512934949645 ], [ -58.349073779306664, -34.632560819204542 ], [ -58.349073779317877, -34.632560819219293 ], [ -58.349073779332315, -34.632560819231976 ], [ -58.349073779349425, -34.632560819242137 ], [ -58.349073779368588, -34.632560819249385 ], [ -58.349073779389066, -34.632560819253456 ], [ -58.349073779410119, -34.632560819254195 ], [ -58.349073779430952, -34.632560819251566 ], [ -58.349563855601964, -34.632458245264822 ], [ -58.349563855603797, -34.632458245264431 ], [ -58.350147456128312, -34.632327136113112 ], [ -58.350147456157259, -34.632327136102695 ], [ -58.350192280913234, -34.632304123937203 ], [ -58.350192280913234, -34.632304123937203 ], [ -58.350192280929505, -34.632304123926986 ], [ -58.350192280943197, -34.632304123914423 ], [ -58.350245451376942, -34.63224502492745 ], [ -58.350921576585662, -34.631583135200913 ], [ -58.350921576586501, -34.631583135200096 ], [ -58.351144192717868, -34.631359867060695 ], [ -58.351252329614859, -34.631257594295541 ], [ -58.35125232962784, -34.631257594280349 ], [ -58.351252329636779, -34.631257594263268 ], [ -58.351288812989573, -34.631161751230934 ], [ -58.35135830086309, -34.630982939584221 ], [ -58.351498974802176, -34.630649645161597 ], [ -58.351498974803029, -34.630649645159494 ], [ -58.351685625545841, -34.630169698671835 ], [ -58.351886791104505, -34.629690346531724 ], [ -58.351954273156508, -34.629529542988024 ], [ -58.351954273161503, -34.629529542970829 ], [ -58.351954273162349, -34.629529542953144 ], [ -58.351954273158988, -34.629529542935671 ], [ -58.351954273151556, -34.62952954291908 ], [ -58.351954273140365, -34.629529542904017 ], [ -58.35195427312582, -34.629529542891035 ], [ -58.35195427310849, -34.629529542880654 ], [ -58.351954273089042, -34.629529542873271 ], [ -58.351954168545568, -34.629529513060632 ], [ -58.351954187104894, -34.629529469895296 ], [ -58.351954187105164, -34.629529469894656 ], [ -58.352076363015712, -34.629238335197087 ], [ -58.352101487290987, -34.629228947322346 ], [ -58.352198420165671, -34.629199232986892 ], [ -58.352198420183548, -34.629199232979822 ], [ -58.352198420199578, -34.629199232970201 ], [ -58.352198420213242, -34.629199232958335 ], [ -58.352308988076324, -34.629083849411977 ], [ -58.35238763512637, -34.629014982385193 ], [ -58.35238776040655, -34.629015024842332 ], [ -58.352395879781319, -34.62901777614023 ], [ -58.35257245914643, -34.629077612212924 ], [ -58.352572459152483, -34.629077612214815 ], [ -58.352697663387929, -34.629113019012927 ], [ -58.352882863558428, -34.629165392405071 ], [ -58.352882863575431, -34.629165392408652 ], [ -58.352882863592917, -34.629165392409917 ], [ -58.352883035874811, -34.62916539346719 ], [ -58.352959536305569, -34.629182329116418 ], [ -58.352959536326686, -34.629182329119303 ], [ -58.352959536348088, -34.629182329118706 ], [ -58.352959536368935, -34.629182329114691 ], [ -58.352959536388425, -34.629182329107351 ], [ -58.352993932578137, -34.629165859769252 ], [ -58.352993932593833, -34.629165859760128 ], [ -58.352993932607347, -34.629165859748859 ], [ -58.352993969732829, -34.629165822824348 ], [ -58.352993969733312, -34.629165822823857 ], [ -58.35299688523105, -34.629162881430574 ], [ -58.352996885234447, -34.629162881426979 ], [ -58.353293152093187, -34.628831040598953 ], [ -58.353435301902238, -34.628682343764957 ], [ -58.353435301906813, -34.628682343759799 ], [ -58.353631840599967, -34.628443693622081 ], [ -58.353972757517511, -34.62809340406811 ], [ -58.354164045979026, -34.627966307808393 ], [ -58.354173561000593, -34.627959985664376 ], [ -58.354596505406256, -34.627678970430964 ], [ -58.354761841532131, -34.627573256957355 ], [ -58.354881017568019, -34.627497056121861 ], [ -58.355167838918057, -34.627313664863749 ], [ -58.356193952030424, -34.62665756271344 ], [ -58.356198290156549, -34.626654789253742 ], [ -58.356343488999279, -34.626561946208369 ], [ -58.356343489000103, -34.62656194620785 ], [ -58.357191525397809, -34.626008908791043 ], [ -58.35719152541423, -34.626008908777777 ], [ -58.357191525426941, -34.626008908761975 ], [ -58.357191525435361, -34.626008908744303 ], [ -58.35719152543912, -34.626008908725588 ], [ -58.357191525438047, -34.626008908706623 ], [ -58.357191525432206, -34.626008908688277 ], [ -58.357182177884198, -34.625988556513313 ], [ -58.360299773344906, -34.623948799038395 ], [ -58.360301259735294, -34.623950390323415 ], [ -58.360350456653308, -34.624003033225002 ], [ -58.360350456653308, -34.624003033225002 ], [ -58.360350456667966, -34.624003033237841 ], [ -58.360350456685367, -34.624003033248094 ], [ -58.36035045670485, -34.624003033255327 ], [ -58.360350456725662, -34.624003033259285 ], [ -58.360350456747007, -34.624003033259825 ], [ -58.360350456768074, -34.624003033256898 ], [ -58.360350456788048, -34.624003033250652 ], [ -58.360350456806167, -34.624003033241294 ], [ -58.360350701252862, -34.6240028775022 ], [ -58.360357685440803, -34.62399843038942 ], [ -58.360385116921229, -34.623980965117156 ], [ -58.360385116921357, -34.623980965117063 ], [ -58.360443201439686, -34.623943870260447 ], [ -58.360443201440603, -34.623943870259858 ], [ -58.360508306073513, -34.623901364724738 ], [ -58.360508842862529, -34.62390194922309 ], [ -58.360728718683411, -34.624141004781862 ], [ -58.36072871868582, -34.624141004784391 ], [ -58.360842827152112, -34.624256296544438 ], [ -58.360842827166849, -34.624256296556709 ], [ -58.360842827184136, -34.624256296566415 ], [ -58.360842827203349, -34.624256296573222 ], [ -58.360842827223777, -34.624256296576874 ], [ -58.360842827244682, -34.624256296577244 ], [ -58.36084282726528, -34.624256296574309 ], [ -58.36084282728482, -34.62425629656817 ], [ -58.360842827302584, -34.624256296559068 ], [ -58.360864398416332, -34.624242714074796 ], [ -58.360864398418308, -34.624242714073524 ], [ -58.360871255115896, -34.62423818840103 ], [ -58.360973513992498, -34.624170701197684 ], [ -58.361229154459878, -34.624001985058193 ], [ -58.361301432519063, -34.623954282959289 ], [ -58.361312419745246, -34.623947032121897 ], [ -58.36139849829253, -34.623890222753488 ], [ -58.361445497302483, -34.623859204534895 ], [ -58.361495779995764, -34.623826018422868 ], [ -58.361584796065308, -34.623767269717774 ], [ -58.361618586976704, -34.623744968852584 ], [ -58.361665939403593, -34.623713716473922 ], [ -58.361668628355716, -34.623711942018453 ], [ -58.361705784776809, -34.623687419232006 ], [ -58.361772700677243, -34.623643256819015 ], [ -58.361774207822059, -34.623644836386049 ], [ -58.361774925490295, -34.623645588766401 ], [ -58.36191855200498, -34.623796074668931 ], [ -58.361917853653758, -34.623796540967192 ], [ -58.361912528079372, -34.623800102552273 ], [ -58.361911413864263, -34.623800840789187 ], [ -58.361911413864036, -34.623800840789343 ], [ -58.361909258540635, -34.623802276760344 ], [ -58.361902189074534, -34.623806990711216 ], [ -58.361901083584598, -34.623807727152567 ], [ -58.361901083584463, -34.623807727152659 ], [ -58.361899025381348, -34.62380910280919 ], [ -58.361878283911338, -34.623822991574961 ], [ -58.36187924781585, -34.623822292285283 ], [ -58.361879247830295, -34.623822292272564 ], [ -58.3618792478415, -34.623822292257785 ], [ -58.361879247849046, -34.623822292241499 ], [ -58.36187924785267, -34.623822292224318 ], [ -58.361879247852215, -34.623822292206889 ], [ -58.36187924784771, -34.623822292189857 ], [ -58.361879247839312, -34.623822292173848 ], [ -58.361879247827353, -34.623822292159488 ], [ -58.361879247812276, -34.623822292147295 ], [ -58.361879247794633, -34.623822292137724 ], [ -58.3618792477751, -34.623822292131145 ], [ -58.361879247754395, -34.623822292127798 ], [ -58.361879247733299, -34.623822292127805 ], [ -58.361879247712601, -34.62382229213118 ], [ -58.361879247693082, -34.623822292137781 ], [ -58.361879247675446, -34.623822292147374 ], [ -58.361869775150176, -34.623828611327447 ], [ -58.361869128007029, -34.623829042568758 ], [ -58.361868020332295, -34.623829781712303 ], [ -58.361861075267939, -34.623834414636491 ], [ -58.361860648567905, -34.62383469912988 ], [ -58.361847253889195, -34.623843634568544 ], [ -58.361846809729329, -34.623843929864329 ], [ -58.361846809729187, -34.623843929864421 ], [ -58.361832516903696, -34.623853463997726 ], [ -58.361831625306714, -34.623854059093695 ], [ -58.361818022182916, -34.623863133174169 ], [ -58.361818022182746, -34.623863133174289 ], [ -58.361817854121263, -34.623863245711689 ], [ -58.361805680606075, -34.623871365476496 ], [ -58.361805680605961, -34.623871365476575 ], [ -58.361805397957177, -34.623871554539228 ], [ -58.361797119311134, -34.62387707605015 ], [ -58.361797119310722, -34.623877076050427 ], [ -58.361797000357633, -34.623877156177535 ], [ -58.361786474710989, -34.62388417667961 ], [ -58.361785813379427, -34.623884617824288 ], [ -58.361773485982646, -34.623892841120963 ], [ -58.361773285181975, -34.6238929752652 ], [ -58.361758364839368, -34.623902927125584 ], [ -58.361758364838678, -34.623902927126032 ], [ -58.361758285172556, -34.623902981144603 ], [ -58.361746630016768, -34.623910755190096 ], [ -58.361745892292824, -34.623911247651833 ], [ -58.36173673186201, -34.623917357952166 ], [ -58.36172849904068, -34.623922849749775 ], [ -58.361728362627375, -34.623922940679428 ], [ -58.361710665987673, -34.623934744439907 ], [ -58.36170977329742, -34.623935340435487 ], [ -58.36169368851305, -34.623946070143518 ], [ -58.361693601209382, -34.623946127761435 ], [ -58.361693601208955, -34.623946127761734 ], [ -58.361630942646705, -34.623987923904856 ], [ -58.36162889644249, -34.62398928874974 ], [ -58.361558352008089, -34.624036345270099 ], [ -58.361557858735246, -34.624036674777855 ], [ -58.36154827921321, -34.62404306505541 ], [ -58.361547866698665, -34.62404333964389 ], [ -58.361547866698572, -34.624043339643947 ], [ -58.361541634224395, -34.624047497195271 ], [ -58.36154138758787, -34.624047661949142 ], [ -58.361534239503982, -34.624052429897873 ], [ -58.361533621822893, -34.62405284133078 ], [ -58.361517093920952, -34.624063866311019 ], [ -58.361516468598978, -34.624064284047449 ], [ -58.361491306238129, -34.624081068192744 ], [ -58.361491306238001, -34.624081068192837 ], [ -58.361491069422961, -34.624081226644741 ], [ -58.36146388703439, -34.624099357620352 ], [ -58.361463887032244, -34.624099357621823 ], [ -58.361463857566591, -34.624099378329099 ], [ -58.361441658099189, -34.624114185422023 ], [ -58.361441658098293, -34.624114185422613 ], [ -58.361441607897476, -34.624114219634308 ], [ -58.361420881692936, -34.624128044506527 ], [ -58.361420133052107, -34.624128544168506 ], [ -58.36135667210052, -34.624170874941612 ], [ -58.361356483303084, -34.624171000982443 ], [ -58.3613404071587, -34.624181724340808 ], [ -58.36134017798247, -34.624181877390413 ], [ -58.361311009334379, -34.624201334460622 ], [ -58.361310792162662, -34.624201479407432 ], [ -58.36129095315291, -34.624214712767547 ], [ -58.361288926580627, -34.624216065003218 ], [ -58.361212975382976, -34.624266726980679 ], [ -58.361209275820912, -34.62426919467228 ], [ -58.361177474856923, -34.624290406371578 ], [ -58.361177474856795, -34.624290406371664 ], [ -58.36117713436515, -34.624290634145446 ], [ -58.361101053165157, -34.624341382479756 ], [ -58.361097342682271, -34.624343858271558 ], [ -58.361048666595323, -34.624376327132317 ], [ -58.361048333743739, -34.624376548602164 ], [ -58.361048333743625, -34.624376548602243 ], [ -58.361045474489352, -34.624378456309358 ], [ -58.361044385455976, -34.624379100810486 ], [ -58.361039689940952, -34.624381881355589 ], [ -58.361039562268324, -34.624381956967682 ], [ -58.361039207622568, -34.624382166700833 ], [ -58.361039207611832, -34.624382166708081 ], [ -58.361034316807583, -34.624385919719671 ], [ -58.36103431679593, -34.624385919730145 ], [ -58.361029666650097, -34.624390826758827 ], [ -58.361029666644242, -34.62439082676562 ], [ -58.361024079220734, -34.624398000976896 ], [ -58.361024079210324, -34.62439800099402 ], [ -58.361021612541613, -34.624403434478573 ], [ -58.361021612537442, -34.624403434490027 ], [ -58.361019965275503, -34.624409351821861 ], [ -58.361019965273137, -34.624409351834245 ], [ -58.361019482050409, -34.624413928831544 ], [ -58.361019482050025, -34.624413928841484 ], [ -58.361019696285638, -34.624421509949585 ], [ -58.361019696289986, -34.624421509972784 ], [ -58.361022157565813, -34.624428470986338 ], [ -58.361022157566822, -34.624428470989002 ], [ -58.361023900104414, -34.624432885794363 ], [ -58.361023900108073, -34.624432885802349 ], [ -58.361026740588535, -34.62443828497571 ], [ -58.361026740588599, -34.624438284975817 ], [ -58.361026927707094, -34.624438639389908 ], [ -58.361026969045859, -34.624438718749182 ], [ -58.361026969060653, -34.624438718769632 ], [ -58.361033140639073, -34.624445134831291 ], [ -58.361034061965007, -34.624446092910055 ], [ -58.361046254837476, -34.62445876896102 ], [ -58.361047889485043, -34.624460467702072 ], [ -58.361057132155892, -34.624470076456419 ], [ -58.361063058704772, -34.624476238111193 ], [ -58.361096087089535, -34.624510575574462 ], [ -58.361097776190839, -34.62451233114983 ], [ -58.361111658183461, -34.624526763670872 ], [ -58.36111273742312, -34.624527885038027 ], [ -58.361129248365664, -34.624545050155518 ], [ -58.361130342850764, -34.624546188662194 ], [ -58.361142833060292, -34.624559174138881 ], [ -58.361148373012746, -34.624564933433099 ], [ -58.361188627262692, -34.624606783032377 ], [ -58.361188790619359, -34.62460695263583 ], [ -58.361199904297884, -34.624618506403294 ], [ -58.361200579503276, -34.624619209173282 ], [ -58.361208709207986, -34.624627660464711 ], [ -58.361211370829039, -34.624630427342332 ], [ -58.361223159720787, -34.624642682976209 ], [ -58.361225478293804, -34.624645093506238 ], [ -58.361255380166405, -34.62467618049898 ], [ -58.361256102202738, -34.624676931083073 ], [ -58.361266707316112, -34.624687956187763 ], [ -58.361266846713328, -34.624688101432646 ], [ -58.361266846713399, -34.62468810143271 ], [ -58.361267640560484, -34.624688926825733 ], [ -58.361267532602184, -34.624689001493778 ], [ -58.36119767956064, -34.624728240374047 ], [ -58.361197679555069, -34.624728240377394 ], [ -58.360927420326732, -34.62490164235281 ], [ -58.360927420323073, -34.624901642355276 ], [ -58.360772616603789, -34.625010153044968 ], [ -58.360761107155653, -34.625008350457527 ], [ -58.360761107132532, -34.625008350455985 ], [ -58.360761107109532, -34.625008350458529 ], [ -58.360761107087704, -34.625008350465016 ], [ -58.360761107068022, -34.625008350475198 ], [ -58.35899691529459, -34.626153208939762 ], [ -58.357460328572472, -34.627142199383435 ], [ -58.357384753338074, -34.627190840999624 ], [ -58.357384753337577, -34.627190840999944 ], [ -58.355847292418517, -34.628192161384845 ], [ -58.35584729241242, -34.628192161389137 ], [ -58.355468782254221, -34.628478264561174 ], [ -58.355468782248025, -34.628478264566233 ], [ -58.355131398541587, -34.628777522258638 ], [ -58.355131398538404, -34.628777522261593 ], [ -58.354893354544238, -34.629008180212715 ], [ -58.354893354539136, -34.629008180218044 ], [ -58.354694555732692, -34.629233147741523 ], [ -58.354694555727548, -34.62923314774789 ], [ -58.354294203844567, -34.629777922877913 ], [ -58.354294203842251, -34.629777922881225 ], [ -58.354272558598254, -34.629810413157401 ], [ -58.354214781778033, -34.629897136453849 ], [ -58.354194753588558, -34.629927198841571 ], [ -58.354122902203301, -34.63003504774165 ], [ -58.354068708965407, -34.630116391809381 ], [ -58.354068708961641, -34.630116391815577 ], [ -58.354042527903182, -34.630164039828252 ], [ -58.354042527902394, -34.630164039829701 ], [ -58.353979807711177, -34.630283739641968 ], [ -58.35397980771026, -34.630283739643787 ], [ -58.353920261441822, -34.630404541996754 ], [ -58.353920261440742, -34.630404541999049 ], [ -58.353837571877413, -34.630586253056471 ], [ -58.35379252934743, -34.630675219476309 ], [ -58.353792529344425, -34.630675219482939 ], [ -58.353750312589383, -34.630781332480829 ], [ -58.353750312588083, -34.630781332484361 ], [ -58.353720345226286, -34.63086853211184 ], [ -58.353714530471791, -34.630881087233092 ], [ -58.353714530470569, -34.630881087235842 ], [ -58.353679890518151, -34.630963890952387 ], [ -58.35367989051646, -34.630963890956806 ], [ -58.353645777475698, -34.631061413477759 ], [ -58.353645777474043, -34.631061413483046 ], [ -58.353620715989443, -34.631153688866775 ], [ -58.353467298668008, -34.631582639848148 ], [ -58.353467298667901, -34.631582639848439 ], [ -58.35276622889829, -34.633566862017048 ], [ -58.352766228894502, -34.633566862032964 ], [ -58.352766228894232, -34.633566862049172 ], [ -58.35276622889748, -34.633566862065166 ], [ -58.353029389359243, -34.634397015849423 ], [ -58.353197882574619, -34.634939315266379 ], [ -58.353200026229679, -34.634946216645105 ], [ -58.353252063658296, -34.635114626616584 ], [ -58.353252063662367, -34.635114626627036 ], [ -58.353290563099108, -34.635196211625484 ], [ -58.3532934983281, -34.63520243224383 ], [ -58.353319822638923, -34.635264259814825 ], [ -58.353383041161941, -34.635412734157761 ], [ -58.353388193414922, -34.635424834009655 ], [ -58.353469290209723, -34.63561529797839 ], [ -58.353481086414241, -34.635643002823457 ], [ -58.353512116447959, -34.635715881447773 ], [ -58.353512116459292, -34.635715881466865 ], [ -58.353539950210603, -34.635751397994873 ], [ -58.353820764843888, -34.636109730012819 ], [ -58.353913385295805, -34.636227916713842 ], [ -58.353914406549748, -34.636229220176688 ], [ -58.354007132877278, -34.636347541210455 ], [ -58.354008975059855, -34.636349891952712 ], [ -58.354068818834428, -34.63642625407801 ], [ -58.354070227693029, -34.636428051862922 ], [ -58.354143559196501, -34.636521625056361 ], [ -58.354143559210762, -34.636521625070962 ], [ -58.354143559228362, -34.636521625082807 ], [ -58.354144611988268, -34.636522193917429 ], [ -58.354871125548051, -34.63691468862045 ], [ -58.354921872681793, -34.636943354599147 ], [ -58.354921872686269, -34.636943354601542 ], [ -58.35525083243742, -34.637110276010837 ], [ -58.356048991670292, -34.637542188359824 ], [ -58.356049851992353, -34.637543150914659 ], [ -58.356095561908887, -34.637594267156551 ], [ -58.356128192589736, -34.637630759027886 ], [ -58.356233402039528, -34.63774841505569 ], [ -58.356501454964445, -34.638049117377783 ], [ -58.356521738322812, -34.638071870659701 ], [ -58.356587812593197, -34.638145993360396 ], [ -58.356592013028155, -34.638150704231357 ], [ -58.356592106685071, -34.638150809778942 ], [ -58.356592106685149, -34.638150809779027 ], [ -58.356592289643579, -34.638151015462007 ], [ -58.356592289643658, -34.638151015462078 ], [ -58.356633789778741, -34.638197570253688 ], [ -58.356638631664936, -34.638203001014325 ], [ -58.35666024590823, -34.638227248181984 ], [ -58.35666401944647, -34.638231480025176 ], [ -58.356698513834772, -34.638270176431426 ], [ -58.356702724082822, -34.638274899025561 ], [ -58.356725700759604, -34.638300674371337 ], [ -58.356726306270104, -34.638301352765517 ], [ -58.356727705692776, -34.638302923354033 ], [ -58.356763737875553, -34.638343343691716 ], [ -58.356764477337713, -34.638344173640583 ], [ -58.356856966927218, -34.638447926280854 ], [ -58.356858087558535, -34.63844918383316 ], [ -58.356919530693233, -34.638518109249191 ], [ -58.356961182572327, -34.638564833525578 ], [ -58.356968742774583, -34.638573315232563 ], [ -58.356968742785739, -34.638573315243214 ], [ -58.356968742798756, -34.638573315252309 ], [ -58.356969705079784, -34.638573886687716 ], [ -58.356971371361503, -34.638574876994042 ], [ -58.357603959372128, -34.638951119111994 ], [ -58.357692153232335, -34.639003573201791 ], [ -58.357863063958547, -34.639105223243142 ], [ -58.357896659187908, -34.63912520422781 ], [ -58.357970510554495, -34.639169127336103 ], [ -58.357974010993317, -34.639171209024838 ], [ -58.358032146414672, -34.639205786160602 ], [ -58.358032146434276, -34.639205786169889 ], [ -58.358032146455791, -34.639205786175623 ], [ -58.358032146478259, -34.63920578617757 ], [ -58.358032435492284, -34.639205786427056 ], [ -58.358032435493165, -34.639205786427056 ], [ -58.358043564262886, -34.639205722116152 ], [ -58.358047728280376, -34.639205698667361 ], [ -58.358961350614955, -34.63920049110417 ], [ -58.360175798537334, -34.639193557335268 ], [ -58.360302063784836, -34.639192836535955 ], [ -58.36031609362022, -34.639192756439378 ], [ -58.360353192413946, -34.639192544378282 ], [ -58.36035911559884, -34.639192507912981 ], [ -58.360368311905496, -34.639194981945039 ], [ -58.36036954062542, -34.639195312900384 ], [ -58.360455739698935, -34.63921849973363 ], [ -58.360466490737281, -34.63922139152811 ], [ -58.360519567798384, -34.639235668730201 ], [ -58.360552394404785, -34.639244498719293 ], [ -58.360905139401432, -34.639339383692167 ], [ -58.360943601653503, -34.639349729080834 ], [ -58.360955420091663, -34.639352908378356 ], [ -58.361127586673923, -34.639399218752416 ], [ -58.361128378089113, -34.639400398436734 ], [ -58.36136400373239, -34.639751708904036 ], [ -58.361380093857605, -34.639775698216816 ], [ -58.361386741107246, -34.639785608531746 ], [ -58.361444084280315, -34.63987110613224 ], [ -58.361428023982441, -34.639896745173672 ], [ -58.361427883017001, -34.639896969508428 ], [ -58.361427883008773, -34.639896969525658 ], [ -58.361427883004978, -34.639896969543926 ], [ -58.361427883005781, -34.639896969562443 ], [ -58.361427883011153, -34.639896969580434 ], [ -58.361427883020859, -34.639896969597132 ], [ -58.361427900410007, -34.639896993005131 ], [ -58.361117731114753, -34.640392124686613 ], [ -58.36110749945685, -34.640408457884057 ], [ -58.360980276003879, -34.64061154659823 ], [ -58.360977149556362, -34.640616537819575 ], [ -58.360908096636329, -34.640726767174705 ], [ -58.360906035584023, -34.640727474845974 ], [ -58.359896541676548, -34.641074210874699 ], [ -58.359858922385101, -34.641087132318432 ], [ -58.35971916200144, -34.641135135781603 ], [ -58.359711995580632, -34.641137597771355 ], [ -58.359461824188166, -34.641223522517507 ], [ -58.359458024930298, -34.641224827236989 ], [ -58.359425161669755, -34.641236114723419 ], [ -58.359425161669492, -34.641236114723512 ], [ -58.359424964177371, -34.641236183062858 ], [ -58.35936977343308, -34.641255138789234 ], [ -58.359368297154951, -34.641255645929682 ], [ -58.359356089764226, -34.641259838827871 ], [ -58.35935548201352, -34.641260047438337 ], [ -58.359160285801842, -34.641327089576421 ], [ -58.359150924022231, -34.64133030504491 ], [ -58.359111025156423, -34.6413440094436 ], [ -58.359108538500813, -34.641344863664202 ], [ -58.358884685839286, -34.641421747771538 ], [ -58.358865944779758, -34.641428184058782 ], [ -58.358570110389309, -34.641529791254399 ], [ -58.358551463117976, -34.641536195122718 ], [ -58.358545826380912, -34.641538131930758 ], [ -58.358542984008984, -34.641539107525347 ], [ -58.358531693077801, -34.641542985632469 ], [ -58.358520217746431, -34.641546926679148 ], [ -58.358486459511596, -34.641558521427086 ], [ -58.35848645949126, -34.641558521436281 ], [ -58.358486459473745, -34.641558521448793 ], [ -58.358333363162011, -34.641693981637957 ], [ -58.35813070802228, -34.641872699310348 ], [ -58.358130708008261, -34.641872699325724 ], [ -58.358130707998498, -34.64187269934321 ], [ -58.357866108288263, -34.642521775020548 ], [ -58.357838864967427, -34.642587822526501 ], [ -58.357838864967263, -34.642587822526885 ], [ -58.357771487445909, -34.642753625618106 ], [ -58.357479768093462, -34.64346439500401 ], [ -58.357479768090279, -34.643464395013403 ], [ -58.3574695635224, -34.64350232853937 ], [ -58.357466778964536, -34.643512677978421 ], [ -58.357449971873542, -34.643575150414684 ], [ -58.357449531337011, -34.643576790608527 ], [ -58.357438231988915, -34.643618788564694 ], [ -58.357437883507536, -34.643620083596225 ], [ -58.357418660004335, -34.643691541943006 ], [ -58.357418307142403, -34.643692850491895 ], [ -58.357402649530854, -34.643751052109927 ], [ -58.357399950432601, -34.643761084322968 ], [ -58.357397307220737, -34.643770910160328 ], [ -58.357393838825899, -34.643783803699243 ], [ -58.35739383882558, -34.643783803700494 ], [ -58.357389825515959, -34.643799793128089 ], [ -58.357363721986893, -34.643903782078958 ], [ -58.357362278238611, -34.643909538165182 ], [ -58.35732768207393, -34.64404736156758 ], [ -58.35732768207167, -34.644047361586964 ], [ -58.357327682074491, -34.644047361606304 ], [ -58.357334765680541, -34.64407252716714 ], [ -58.357468268161632, -34.644546786683421 ], [ -58.357468268162208, -34.644546786685353 ], [ -58.357487850812952, -34.644610008217327 ], [ -58.357572102808504, -34.644882021164022 ], [ -58.357594087299645, -34.64495299963361 ], [ -58.35760360063616, -34.64498371368952 ], [ -58.357603600642889, -34.644983713705138 ], [ -58.357603600652979, -34.644983713719462 ], [ -58.357603600666053, -34.644983713732024 ], [ -58.357603600681706, -34.644983713742391 ], [ -58.357603600699385, -34.644983713750214 ], [ -58.357605043051294, -34.644984217088634 ], [ -58.357739906811084, -34.645031308455231 ], [ -58.357822505816166, -34.645060149495471 ], [ -58.358100184936497, -34.645157107605023 ], [ -58.358102341386704, -34.645157860344177 ], [ -58.358298112968107, -34.645226217525391 ], [ -58.358752142128438, -34.645384749196964 ], [ -58.358921240679116, -34.645478252718618 ], [ -58.359143262135937, -34.645601019695178 ], [ -58.359160995629651, -34.645610825110722 ], [ -58.359819161867058, -34.645974753950107 ], [ -58.359820763509461, -34.64597611553787 ], [ -58.360254466234224, -34.646344797403913 ], [ -58.360254466234856, -34.646344797404446 ], [ -58.360256187781964, -34.646346236616239 ], [ -58.360888701547864, -34.646874801261205 ], [ -58.360995349723474, -34.646979830807275 ], [ -58.361135593665942, -34.647128330304973 ], [ -58.361398850061164, -34.647407083294077 ], [ -58.361398850063289, -34.647407083296251 ], [ -58.361438793045735, -34.647446777122418 ], [ -58.361454870474134, -34.647462754609641 ], [ -58.361474362104801, -34.647482124265863 ], [ -58.361512483671859, -34.647520008308128 ], [ -58.361577844815038, -34.647584962018719 ], [ -58.361672676772336, -34.647679201986897 ], [ -58.361762571874763, -34.647780428601976 ], [ -58.361806172284425, -34.647830603938338 ], [ -58.361806172297698, -34.647830603950929 ], [ -58.36180617231355, -34.647830603961303 ], [ -58.361826891397307, -34.647841743762385 ], [ -58.362390701573311, -34.648144872482185 ], [ -58.362390701573617, -34.648144872482362 ], [ -58.362399071933325, -34.648149339609304 ], [ -58.362399071951046, -34.648149339616943 ], [ -58.362399071970152, -34.648149339621789 ], [ -58.362399071990012, -34.648149339623679 ], [ -58.363080415129751, -34.648162136392578 ], [ -58.363080415141837, -34.648162136392244 ], [ -58.363082649168568, -34.648161973269325 ], [ -58.363912359183217, -34.648101516568893 ], [ -58.363923175740325, -34.648100815972292 ], [ -58.363925174310367, -34.648101426049188 ], [ -58.364338595791082, -34.648227559199462 ], [ -58.364340150617906, -34.64822893870889 ], [ -58.364554398353533, -34.648418921509148 ], [ -58.364637020261299, -34.648492186875437 ], [ -58.364901611179533, -34.648726809981682 ], [ -58.364950561638494, -34.648770215635196 ], [ -58.364976151006722, -34.648792907754149 ], [ -58.364976151025196, -34.648792907767238 ], [ -58.36497646277175, -34.64879308289305 ], [ -58.365002227663062, -34.648807543428198 ], [ -58.365066900991195, -34.648843841432324 ], [ -58.365091149688062, -34.648857451594445 ], [ -58.365134338680988, -34.648881691159353 ], [ -58.365134338685984, -34.648881691161982 ], [ -58.366146715414665, -34.649385736549469 ], [ -58.366146715415418, -34.649385736549853 ], [ -58.366240260771463, -34.649431470402199 ], [ -58.36697740212945, -34.649791845557701 ], [ -58.367073204042555, -34.649841394436088 ], [ -58.367623187269125, -34.650125843120392 ], [ -58.367624920552871, -34.650126739585048 ], [ -58.367653814071481, -34.6501416833676 ], [ -58.367715794818778, -34.650173739396834 ], [ -58.368637863270301, -34.650670907350396 ], [ -58.368642625923108, -34.650673475569697 ], [ -58.369017957833869, -34.650918217344817 ], [ -58.369188634133856, -34.651029508921887 ], [ -58.369661848405485, -34.65133795774662 ], [ -58.36986499655842, -34.651776090087523 ], [ -58.369900518639817, -34.651853295498945 ], [ -58.370017172741143, -34.652106460455528 ], [ -58.369983668104979, -34.652217392586458 ], [ -58.369732889544778, -34.653047686890027 ], [ -58.369676107020055, -34.653235683711863 ], [ -58.369676107017099, -34.65323568372709 ], [ -58.369676107017334, -34.653235683742516 ], [ -58.369676107020737, -34.653235683757671 ], [ -58.369684827006296, -34.653261793604102 ], [ -58.369792056324279, -34.653582368270818 ], [ -58.369792056331399, -34.653582368286358 ], [ -58.369792056341844, -34.653582368300555 ], [ -58.36979205635528, -34.653582368312925 ], [ -58.370317890285435, -34.6539849858979 ], [ -58.370317890307469, -34.653984985910981 ], [ -58.370830583239346, -34.654215285049673 ], [ -58.370833307832143, -34.65421650853186 ], [ -58.371243188175697, -34.654400622396054 ], [ -58.371801764296897, -34.654651524139155 ], [ -58.372417166826793, -34.65500708002525 ], [ -58.372554292401489, -34.655182882520165 ], [ -58.372554292412694, -34.655182882532181 ], [ -58.37255429242618, -34.655182882542476 ], [ -58.372839438676962, -34.655366244240902 ], [ -58.373268597181458, -34.655934335504277 ], [ -58.3732691766672, -34.655935112950608 ], [ -58.3732691766673, -34.655935112950722 ], [ -58.373269281236738, -34.655935252747106 ], [ -58.373269281237668, -34.655935252748336 ], [ -58.373276708222747, -34.655944833049332 ], [ -58.373542693067044, -34.656287887276029 ], [ -58.373542693067492, -34.656287887276576 ], [ -58.373630804467524, -34.656399712086269 ], [ -58.373630804467524, -34.656399712086269 ], [ -58.373630804485721, -34.656399712103905 ], [ -58.373714625211122, -34.656462426478924 ], [ -58.374064391880651, -34.656724119976786 ], [ -58.374123908948448, -34.656768650088495 ], [ -58.374123908963419, -34.656768650097902 ], [ -58.374123908980124, -34.656768650105022 ], [ -58.374123908998065, -34.65676865010969 ], [ -58.374533268870195, -34.656843604798325 ], [ -58.375107340241428, -34.65694871697071 ], [ -58.375107340260051, -34.656948716972742 ], [ -58.375107340278817, -34.656948716972117 ], [ -58.376222698663142, -34.656831222493309 ], [ -58.376377405735305, -34.656825608904803 ], [ -58.376618425015451, -34.656946160671041 ], [ -58.376618425035922, -34.656946160679013 ], [ -58.376618425057956, -34.656946160683319 ], [ -58.376618425080579, -34.656946160683781 ], [ -58.376627451019388, -34.656945567766542 ], [ -58.376710346421689, -34.656940122305237 ], [ -58.376877058686894, -34.656929170678346 ], [ -58.376877058686894, -34.656929170678346 ], [ -58.376877058706306, -34.656929170675603 ], [ -58.376877058724823, -34.656929170670011 ], [ -58.376877058741805, -34.656929170661748 ], [ -58.376904432997705, -34.656912955099472 ], [ -58.37693470815374, -34.656900760167822 ], [ -58.376967027511924, -34.656892929605561 ], [ -58.377000478857205, -34.656889686325393 ], [ -58.377034115208467, -34.656891119804811 ], [ -58.37732772816554, -34.656924256635207 ], [ -58.377327728166428, -34.656924256635293 ], [ -58.377385947352728, -34.656930423829728 ], [ -58.377413728271279, -34.656936704623767 ], [ -58.377440085443695, -34.656946303493974 ], [ -58.377476014473665, -34.65696725406201 ], [ -58.377505062173334, -34.656992576242487 ], [ -58.377530574880502, -34.657022666858694 ], [ -58.377530574887139, -34.657022666865757 ], [ -58.377531647226, -34.657023697034468 ], [ -58.37763707433735, -34.657125033255923 ], [ -58.3776370743538, -34.65712503326877 ], [ -58.377637074373098, -34.657125033278518 ], [ -58.377637074394421, -34.657125033284771 ], [ -58.377637377589778, -34.657125093892489 ], [ -58.377756827870883, -34.657148967863378 ], [ -58.377969286191636, -34.657202135180569 ], [ -58.377969286195793, -34.657202135181528 ], [ -58.378217743431613, -34.657255521638781 ], [ -58.378212793347046, -34.657278018445545 ], [ -58.378212793345334, -34.657278018464162 ], [ -58.378212793348297, -34.657278018482671 ], [ -58.3782127933558, -34.657278018500286 ], [ -58.378212793367545, -34.657278018516237 ], [ -58.378212793383014, -34.657278018529851 ], [ -58.378212793401552, -34.657278018540538 ], [ -58.378212793422342, -34.657278018547849 ], [ -58.378353909538802, -34.657313835600611 ], [ -58.378353909562364, -34.657313835604313 ], [ -58.378353909586323, -34.657313835603674 ], [ -58.378457588452477, -34.6573015512162 ], [ -58.378472685064544, -34.657306645683633 ], [ -58.378522943227331, -34.657323607381777 ], [ -58.378595066287339, -34.657355855098686 ], [ -58.378595066308925, -34.657355855105983 ], [ -58.3787451144958, -34.657391733655714 ], [ -58.378745114512249, -34.657391733658521 ], [ -58.378903840310535, -34.657408538709305 ], [ -58.378984310607684, -34.657418406269343 ], [ -58.37899185950404, -34.657419331832457 ], [ -58.37905967613996, -34.65742891926714 ], [ -58.379059676140855, -34.657428919267268 ], [ -58.379157795407487, -34.657442104388927 ], [ -58.379254470295479, -34.657456481006186 ], [ -58.379254470305654, -34.657456481007308 ], [ -58.379640597736916, -34.65748334636725 ], [ -58.37985187032308, -34.657506975673769 ], [ -58.379851870342648, -34.657506975674494 ], [ -58.38003948348662, -34.657499949412689 ], [ -58.380155358712685, -34.657506787283204 ], [ -58.38016214128114, -34.657507187628688 ], [ -58.380162141299294, -34.657507187628511 ], [ -58.380237665316628, -34.657501221264113 ], [ -58.380310193577351, -34.657495490787902 ], [ -58.380406033922839, -34.657501391734229 ], [ -58.380406033941526, -34.657501391734058 ], [ -58.3804060339599, -34.657501391731252 ], [ -58.380499546168103, -34.657480117011183 ], [ -58.380564192401977, -34.657485884869175 ], [ -58.380564192407384, -34.657485884869544 ], [ -58.380794237301764, -34.657496884756874 ], [ -58.380862058842389, -34.657502893481734 ], [ -58.380862058845267, -34.657502893481961 ], [ -58.381224257363904, -34.657526987433272 ], [ -58.381224257366284, -34.657526987433407 ], [ -58.381510986221279, -34.657540850043631 ], [ -58.381524412986707, -34.657541499053139 ], [ -58.381524413011704, -34.657541499051966 ], [ -58.381524413035727, -34.657541499046125 ], [ -58.381526704632968, -34.657540694719259 ], [ -58.381616315842791, -34.657509249484882 ], [ -58.381794305637911, -34.657511867313552 ], [ -58.381794305641336, -34.657511867313559 ], [ -58.38199634387562, -34.657509617061805 ], [ -58.381996343894926, -34.657509617060164 ], [ -58.381996343913592, -34.657509617055709 ], [ -58.382048312348374, -34.657492957529854 ], [ -58.382126216696221, -34.657518051578819 ], [ -58.382126216713125, -34.657518051583004 ], [ -58.382126216730619, -34.65751805158488 ], [ -58.382371537381601, -34.657527754318579 ], [ -58.382378896270332, -34.657532273465847 ], [ -58.382416247956968, -34.657555211282677 ], [ -58.382416247976352, -34.657555211292198 ], [ -58.382416247997675, -34.657555211298202 ], [ -58.382416248020043, -34.657555211300469 ], [ -58.382416248042482, -34.657555211298892 ], [ -58.382416248064061, -34.657555211293527 ], [ -58.382416248083857, -34.657555211284617 ], [ -58.382481223935564, -34.657518287410589 ], [ -58.382536065979615, -34.65751474604064 ], [ -58.38253606598068, -34.657514746040569 ], [ -58.382641510475608, -34.657507069995198 ], [ -58.382680720621892, -34.657529289614175 ], [ -58.382684691357127, -34.657531539463783 ], [ -58.382684691376021, -34.657531539472352 ], [ -58.382684691396591, -34.657531539477695 ], [ -58.382684691418028, -34.657531539479571 ], [ -58.382684691439508, -34.657531539477937 ], [ -58.38268469146017, -34.657531539472863 ], [ -58.382684691479213, -34.657531539464507 ], [ -58.382684691495889, -34.657531539453224 ], [ -58.382687500523772, -34.6575292219731 ], [ -58.382709243433659, -34.657511282916737 ], [ -58.382818921698927, -34.657510162791503 ], [ -58.382867956270779, -34.657543585290775 ], [ -58.382867956289239, -34.657543585300935 ], [ -58.382947293881514, -34.657578220345393 ], [ -58.382947293898496, -34.657578220351354 ], [ -58.382947293916466, -34.65757822035485 ], [ -58.383035313821765, -34.657589010560045 ], [ -58.383035313821765, -34.657589010560045 ], [ -58.38303531384701, -34.657589010560706 ], [ -58.383085826318492, -34.657585466091398 ], [ -58.383085826340007, -34.657585466088065 ], [ -58.383085826360286, -34.657585466081258 ], [ -58.383085826378519, -34.657585466071218 ], [ -58.383085826393945, -34.657585466058386 ], [ -58.383085826405967, -34.657585466043258 ], [ -58.383085826414103, -34.657585466026461 ], [ -58.383085826418004, -34.657585466008655 ], [ -58.383088562641881, -34.657556794817481 ], [ -58.383268631035882, -34.65754194697999 ], [ -58.383268631038895, -34.657541946979705 ], [ -58.383414400055976, -34.657526540061781 ], [ -58.383466346429636, -34.657533729499569 ], [ -58.383468075135163, -34.657535162957231 ], [ -58.383550584502622, -34.657603545006999 ], [ -58.383550584519746, -34.657603545018574 ], [ -58.38355058453935, -34.657603545027058 ], [ -58.383550584560616, -34.657603545032075 ], [ -58.383550584582679, -34.657603545033467 ], [ -58.383876158791828, -34.657596602124066 ], [ -58.38412724547986, -34.657613937350774 ], [ -58.384527193043674, -34.657704349474656 ], [ -58.384527193044867, -34.657704349474912 ], [ -58.384812873269304, -34.657766066903811 ], [ -58.385178826817729, -34.657850435361603 ], [ -58.385267837873307, -34.657885587092316 ], [ -58.385291818211904, -34.657895057363078 ], [ -58.385401148773298, -34.657945523491193 ], [ -58.385506374719057, -34.65800163155378 ], [ -58.385607073018747, -34.658063153234139 ], [ -58.385702833747544, -34.658129839492261 ], [ -58.385793270992544, -34.658201422374042 ], [ -58.38579372984929, -34.658201848130254 ], [ -58.386002001423222, -34.658395033381005 ], [ -58.386002001428345, -34.658395033385453 ], [ -58.38600345991928, -34.658396213358991 ], [ -58.386232153577453, -34.658581209193635 ], [ -58.386232842462775, -34.658581799152579 ], [ -58.386384428313015, -34.658711526246307 ], [ -58.386384428330565, -34.658711526258465 ], [ -58.386384428350802, -34.658711526267325 ], [ -58.386384428372828, -34.658711526272505 ], [ -58.386384428395672, -34.65871152627377 ], [ -58.38638448403168, -34.658711524506039 ], [ -58.386446541070619, -34.658709839236209 ], [ -58.386447013135182, -34.658711305162825 ], [ -58.386469221906985, -34.658780267375747 ], [ -58.386469221917388, -34.65878026739685 ], [ -58.386514187119793, -34.658846121440121 ], [ -58.386533206985042, -34.65887761528019 ], [ -58.386533206994415, -34.658877615292973 ], [ -58.386533207006224, -34.658877615304284 ], [ -58.386534905324169, -34.658878992831937 ], [ -58.386596833974131, -34.658929255851596 ], [ -58.386596876453488, -34.65892931806475 ], [ -58.386596876453567, -34.658929318064864 ], [ -58.386597253389347, -34.658929868162076 ], [ -58.386675045785864, -34.65905944117241 ], [ -58.386675045787776, -34.659059441175451 ], [ -58.386758055057435, -34.659185420771337 ], [ -58.386758055058046, -34.659185420772253 ], [ -58.38691024506042, -34.65941018269325 ], [ -58.386910245071242, -34.659410182706374 ], [ -58.387290887425024, -34.659793927812828 ], [ -58.3872908874337, -34.659793927820587 ], [ -58.387292360155541, -34.659795100576041 ], [ -58.387517587961675, -34.659974374137185 ], [ -58.387517587978124, -34.659974374147957 ], [ -58.387517587996761, -34.659974374155922 ], [ -58.387517588016898, -34.659974374160804 ], [ -58.387564983721241, -34.65998185107982 ], [ -58.387565993753924, -34.659983169540475 ], [ -58.387594325513405, -34.660020147781289 ], [ -58.387623140782864, -34.660068886153049 ], [ -58.387623140797125, -34.660068886171253 ], [ -58.387720035244449, -34.660164822394322 ], [ -58.387720035256422, -34.660164822404447 ], [ -58.387720035270178, -34.660164822412895 ], [ -58.387720631708731, -34.660165131967382 ], [ -58.38783601049942, -34.660224995980286 ], [ -58.387836010517823, -34.660224995987946 ], [ -58.387836010537647, -34.660224995992593 ], [ -58.387836010558168, -34.660224995994085 ], [ -58.387836010578674, -34.660224995992372 ], [ -58.387836010598406, -34.660224995987484 ], [ -58.387891444884715, -34.660206427833018 ], [ -58.387965890543747, -34.660230801166328 ], [ -58.387966269264822, -34.660231790209863 ], [ -58.387986231353871, -34.660283878088592 ], [ -58.387986231353871, -34.660283878088592 ], [ -58.387986231363392, -34.660283878106426 ], [ -58.387986231377333, -34.660283878122165 ], [ -58.387986231395033, -34.660283878135068 ], [ -58.387986260813669, -34.660283895268407 ], [ -58.388019484890151, -34.660332434338137 ], [ -58.388019484902514, -34.660332434352647 ], [ -58.38801948491809, -34.660332434364875 ], [ -58.388019484936258, -34.660332434374347 ], [ -58.388020531805743, -34.660332867699111 ], [ -58.388071419487375, -34.660353931782566 ], [ -58.388099116627984, -34.660366827356874 ], [ -58.388138926785487, -34.66038974779886 ], [ -58.3881389268033, -34.660389747807194 ], [ -58.388138926822691, -34.660389747812623 ], [ -58.388138926842956, -34.660389747814961 ], [ -58.38827618338474, -34.660394843306136 ], [ -58.388276333884718, -34.660394878551003 ], [ -58.388276333885109, -34.660394878551095 ], [ -58.388357706700702, -34.660413657258161 ], [ -58.388357942284919, -34.660413712389143 ], [ -58.388357942285303, -34.660413712389229 ], [ -58.388778487240302, -34.660510765713646 ], [ -58.388778487241701, -34.660510765713951 ], [ -58.388874816625155, -34.660531868045652 ], [ -58.388874816648922, -34.660531868048587 ], [ -58.388874816672889, -34.660531868047173 ], [ -58.389044733164624, -34.660505977606569 ], [ -58.389045942675047, -34.66050748906207 ], [ -58.389117761696745, -34.660597246834037 ], [ -58.389117761710963, -34.660597246848369 ], [ -58.389117761728436, -34.660597246859979 ], [ -58.389117761748409, -34.660597246868406 ], [ -58.389117761770045, -34.660597246873273 ], [ -58.389117761792427, -34.660597246874389 ], [ -58.38911776181461, -34.660597246871681 ], [ -58.389118262631726, -34.660597141711065 ], [ -58.389191377415777, -34.660581789163828 ], [ -58.389191328902932, -34.66058359454648 ], [ -58.389189912703543, -34.660636522867797 ], [ -58.389189912705078, -34.660636522885021 ], [ -58.389189912710563, -34.660636522901669 ], [ -58.3891899127198, -34.660636522917159 ], [ -58.389189912732434, -34.660636522930929 ], [ -58.389189912748009, -34.660636522942426 ], [ -58.389189912765943, -34.660636522951272 ], [ -58.389189912785604, -34.660636522957134 ], [ -58.389191672078482, -34.66063689450732 ], [ -58.389278218831983, -34.660655179065664 ], [ -58.389278218856525, -34.660655179068435 ], [ -58.389278218881181, -34.66065517906658 ], [ -58.389367186711723, -34.660639913532336 ], [ -58.3894825807225, -34.660645286463314 ], [ -58.389730153478297, -34.660731295705297 ], [ -58.389730153488351, -34.660731295708317 ], [ -58.390228569917184, -34.660858659540715 ], [ -58.39032746049034, -34.660921977229499 ], [ -58.390427840208162, -34.6609978803668 ], [ -58.390427840222223, -34.660997880375788 ], [ -58.390427840237855, -34.660997880382787 ], [ -58.390542103579328, -34.661039446981292 ], [ -58.390628665504892, -34.661072411905373 ], [ -58.39062866552468, -34.661072411911071 ], [ -58.3906286655454, -34.661072411913551 ], [ -58.390628665566332, -34.661072411912691 ], [ -58.390628665586675, -34.661072411908563 ], [ -58.390628665605682, -34.661072411901287 ], [ -58.39062866562265, -34.661072411891162 ], [ -58.390628665636974, -34.661072411878507 ], [ -58.390680668702203, -34.661016633708087 ], [ -58.390727223644205, -34.661019710002677 ], [ -58.390743007631301, -34.661023826229915 ], [ -58.39075775344044, -34.661030037622879 ], [ -58.390776824466663, -34.66104025746025 ], [ -58.390777581841618, -34.661041167421871 ], [ -58.390786199699612, -34.661051528877472 ], [ -58.390793195789435, -34.661063923850129 ], [ -58.390797622115699, -34.661077102424287 ], [ -58.390799355719736, -34.661090703967865 ], [ -58.390803516877043, -34.661144065592808 ], [ -58.390803516880581, -34.6611440656105 ], [ -58.390803516888305, -34.661144065627262 ], [ -58.390827727420799, -34.661184147835613 ], [ -58.390827727423741, -34.661184147840153 ], [ -58.390859513667358, -34.661230019814383 ], [ -58.3908595136689, -34.661230019816536 ], [ -58.390889750776523, -34.661270966442117 ], [ -58.390889750786073, -34.66127096645311 ], [ -58.39092706394576, -34.661307712179166 ], [ -58.390927063957207, -34.661307712188851 ], [ -58.390928125831422, -34.661308485330238 ], [ -58.390970611696972, -34.661339430807566 ], [ -58.390970948418378, -34.661339847450407 ], [ -58.391005932299556, -34.661383162170395 ], [ -58.391005932299748, -34.661383162170637 ], [ -58.391066480897258, -34.661457609711228 ], [ -58.39106648091812, -34.661457609730313 ], [ -58.391067761977233, -34.661458488465662 ], [ -58.391137443980561, -34.661506305522167 ], [ -58.391139174014349, -34.661507737085742 ], [ -58.391225704302528, -34.661579338835381 ], [ -58.391225704306471, -34.661579338838493 ], [ -58.391262048540312, -34.66160654963781 ], [ -58.391262759233719, -34.661607218000967 ], [ -58.391300117743974, -34.661642346502724 ], [ -58.391336031954225, -34.661676159874219 ], [ -58.391369317233028, -34.661721169036575 ], [ -58.391369317239963, -34.661721169044867 ], [ -58.391408481130306, -34.661762823907168 ], [ -58.391408481138335, -34.661762823914778 ], [ -58.391453032087561, -34.661800601355637 ], [ -58.3914530320964, -34.661800601362337 ], [ -58.391453239249074, -34.661800742104845 ], [ -58.391453239249223, -34.661800742104944 ], [ -58.3915024130484, -34.661834029605039 ], [ -58.391503637203272, -34.661835119228385 ], [ -58.391549300696227, -34.661875745754074 ], [ -58.391549300702351, -34.661875745759112 ], [ -58.391550121625905, -34.661876369118644 ], [ -58.391590837517256, -34.661907252047399 ], [ -58.391590837536235, -34.661907252058938 ], [ -58.391677393393657, -34.661948802190622 ], [ -58.391677393417424, -34.661948802199092 ], [ -58.391677393442933, -34.661948802202694 ], [ -58.391712028836992, -34.661950253085962 ], [ -58.391814177959986, -34.661984656849178 ], [ -58.391897266650901, -34.662030497315321 ], [ -58.391897266669766, -34.662030497323641 ], [ -58.391897266690236, -34.662030497328765 ], [ -58.391897266711524, -34.662030497330484 ], [ -58.391897266732805, -34.662030497328757 ], [ -58.391966549858523, -34.662019089944991 ], [ -58.392015022783262, -34.662040583629093 ], [ -58.392015022784904, -34.662040583629803 ], [ -58.392200262351011, -34.662119396870729 ], [ -58.392200262362572, -34.662119396874978 ], [ -58.392338772623198, -34.662162407365123 ], [ -58.392338772630652, -34.662162407367184 ], [ -58.392473827882917, -34.662195398289896 ], [ -58.392473827900105, -34.66219539829288 ], [ -58.392610249680942, -34.662209708072965 ], [ -58.39272112225742, -34.662228995839349 ], [ -58.392721122262664, -34.662228995840159 ], [ -58.392874798534713, -34.662249318721798 ], [ -58.392995044870865, -34.662275836478052 ], [ -58.392995044884046, -34.662275836480262 ], [ -58.393183797800248, -34.662297409623449 ], [ -58.393183797816235, -34.662297409624294 ], [ -58.393351786899771, -34.662296075575476 ], [ -58.393351786906784, -34.662296075575235 ], [ -58.39353710386569, -34.66228473380832 ], [ -58.393537103876021, -34.662284733807276 ], [ -58.393708576840588, -34.662260504468229 ], [ -58.393708576849036, -34.662260504466744 ], [ -58.393870361670494, -34.66222657828142 ], [ -58.393985698317806, -34.662229180482562 ], [ -58.393985698334191, -34.662229180481916 ], [ -58.393985698350285, -34.662229180479237 ], [ -58.394098021720382, -34.662203111421817 ], [ -58.394140644391669, -34.66219871778361 ], [ -58.394229907019962, -34.662206423183029 ], [ -58.394229907021348, -34.662206423183136 ], [ -58.394306103131328, -34.662212190298121 ], [ -58.394306103157724, -34.662212190297453 ], [ -58.394306103183169, -34.662212190291591 ], [ -58.394347679141852, -34.662197903879928 ], [ -58.394347679150606, -34.662197903876539 ], [ -58.394412372163266, -34.662169882169998 ], [ -58.394823764522215, -34.662121557504804 ], [ -58.394823764550267, -34.662121557498246 ], [ -58.394903770043676, -34.662092882489311 ], [ -58.395001980388457, -34.66207794884987 ], [ -58.395001980406363, -34.66207794884582 ], [ -58.395001980423167, -34.662077948839332 ], [ -58.395047025721951, -34.662056509621159 ], [ -58.395159621270579, -34.662025090752948 ], [ -58.395159621293239, -34.662025090744116 ], [ -58.395237587123376, -34.661985066482373 ], [ -58.395237587125116, -34.661985066481463 ], [ -58.395301692453124, -34.661950758414655 ], [ -58.395345005140548, -34.661930747766107 ], [ -58.395410964665196, -34.661923511011928 ], [ -58.395410964692068, -34.661923511006009 ], [ -58.395436372613098, -34.66191493919316 ], [ -58.395466280657928, -34.661907592194595 ], [ -58.395466280684246, -34.661907592184825 ], [ -58.395502203212871, -34.66188921793033 ], [ -58.395502203228673, -34.661889217920518 ], [ -58.395526896984904, -34.661870747289107 ], [ -58.395575395160769, -34.661862188290598 ], [ -58.395642911544073, -34.661892277069299 ], [ -58.395642911564238, -34.661892277076227 ], [ -58.395642911585661, -34.661892277079723 ], [ -58.395642911607503, -34.661892277079595 ], [ -58.395771077487666, -34.661880900187882 ], [ -58.395771077494267, -34.661880900187136 ], [ -58.395923495985777, -34.661859519161837 ], [ -58.395923495990765, -34.661859519161041 ], [ -58.395978922607213, -34.661849533286471 ], [ -58.395980652692934, -34.661850964749483 ], [ -58.396023920081731, -34.661886763914687 ], [ -58.396023920097683, -34.661886763925594 ], [ -58.396023920115852, -34.661886763933815 ], [ -58.396023920135555, -34.661886763939044 ], [ -58.396023920156118, -34.661886763941105 ], [ -58.396023920176773, -34.661886763939918 ], [ -58.396044704384217, -34.661883913430799 ], [ -58.396045701299094, -34.661885445424794 ], [ -58.396056812679682, -34.661902522510474 ], [ -58.396068915303452, -34.661926856516786 ], [ -58.396068915314892, -34.661926856534116 ], [ -58.396068915330616, -34.661926856548959 ], [ -58.396068915349879, -34.661926856560612 ], [ -58.39606891537175, -34.661926856568556 ], [ -58.396070084591621, -34.661927159186646 ], [ -58.396096618905283, -34.661934026357521 ], [ -58.396096618927508, -34.661934026361223 ], [ -58.396096618950182, -34.661934026361052 ], [ -58.396096618972315, -34.661934026357031 ], [ -58.39612779887662, -34.661925457579763 ], [ -58.39612779889427, -34.661925457573439 ], [ -58.396127798910285, -34.661925457564649 ], [ -58.396153790733933, -34.661908299996007 ], [ -58.396174566849488, -34.661915466821682 ], [ -58.396175408112271, -34.66191659222374 ], [ -58.396197055871831, -34.661945530485916 ], [ -58.396197055882212, -34.661945530497576 ], [ -58.396197055894731, -34.661945530507722 ], [ -58.396198417694826, -34.661946469628234 ], [ -58.396228211580272, -34.661967012099339 ], [ -58.396228211601596, -34.661967012110836 ], [ -58.396228211625562, -34.661967012117948 ], [ -58.396250722537701, -34.661971317930089 ], [ -58.39625072256883, -34.661971317932256 ], [ -58.396307875783528, -34.661968487368711 ], [ -58.396307874562666, -34.661970004350472 ], [ -58.396307852750816, -34.661997107125458 ], [ -58.396307852753132, -34.661997107143982 ], [ -58.396307852760003, -34.661997107161724 ], [ -58.39630785277113, -34.661997107177918 ], [ -58.396307852786052, -34.661997107191873 ], [ -58.396307852804121, -34.661997107203 ], [ -58.396307852824577, -34.661997107210816 ], [ -58.396309583719251, -34.661997596727737 ], [ -58.396345667470335, -34.662007812432002 ], [ -58.396345667488248, -34.662007812435711 ], [ -58.396345667506679, -34.662007812436869 ], [ -58.396345667525075, -34.662007812435441 ], [ -58.396397905843301, -34.662000018658865 ], [ -58.396399191883887, -34.662001516564956 ], [ -58.39642353370337, -34.662029857726559 ], [ -58.39642353371795, -34.662029857740322 ], [ -58.396423533735593, -34.662029857751378 ], [ -58.396423533755566, -34.662029857759251 ], [ -58.396423533777067, -34.662029857763649 ], [ -58.396423533799194, -34.662029857764352 ], [ -58.396424013823861, -34.662029832788079 ], [ -58.396545767659077, -34.662023551760434 ], [ -58.396666509108748, -34.662024073022117 ], [ -58.39678329951002, -34.662031099309552 ], [ -58.396783299517814, -34.662031099309786 ], [ -58.396900399819728, -34.662031217224516 ], [ -58.396900399827516, -34.662031217224296 ], [ -58.397017211084155, -34.66202442463679 ], [ -58.397017211097683, -34.662024424635298 ], [ -58.39708938699021, -34.66201262198873 ], [ -58.397089386993976, -34.662012621988055 ], [ -58.397134621304673, -34.662003843344387 ], [ -58.397134621306712, -34.66200384334396 ], [ -58.397212494344451, -34.661987414058515 ], [ -58.397212494355315, -34.661987414055709 ], [ -58.397287873308983, -34.661964375110806 ], [ -58.397287873319428, -34.661964375107097 ], [ -58.397359940875738, -34.661934978460842 ], [ -58.397359940885664, -34.661934978456266 ], [ -58.397424348000989, -34.661901401381634 ], [ -58.39742791350038, -34.661899542791446 ], [ -58.397427913509674, -34.661899542786017 ], [ -58.397491052317541, -34.661858453515265 ], [ -58.397491052326089, -34.66185845350909 ], [ -58.397548672964462, -34.661812156470319 ], [ -58.397548672972185, -34.661812156463412 ], [ -58.397600147765282, -34.661761155215949 ], [ -58.397600147772103, -34.661761155208431 ], [ -58.39764491773682, -34.661706003828037 ], [ -58.39764491774266, -34.66170600381998 ], [ -58.397682496957074, -34.661647300590715 ], [ -58.397682496961863, -34.661647300582196 ], [ -58.397712476930501, -34.661585685294234 ], [ -58.397712476934188, -34.661585685285338 ], [ -58.397734532053519, -34.66152182481482 ], [ -58.397734532056063, -34.661521824805675 ], [ -58.397748422884867, -34.661456414919066 ], [ -58.397748422886238, -34.661456414909736 ], [ -58.397753998336754, -34.661390165857085 ], [ -58.39777482762635, -34.661349297084591 ], [ -58.39779589216171, -34.661321383530613 ], [ -58.39780322417316, -34.661311667537291 ], [ -58.397838471582538, -34.661278227823132 ], [ -58.397870382701356, -34.661256230643922 ], [ -58.397879682280632, -34.661249820281029 ], [ -58.397925814976418, -34.661227160971535 ], [ -58.399080891711641, -34.660921129390374 ], [ -58.399196594676319, -34.660900652480031 ], [ -58.399268744987566, -34.660892070178335 ], [ -58.39931371400295, -34.660886721364065 ], [ -58.399431707488368, -34.660879399755082 ], [ -58.399550031858226, -34.66087872252168 ], [ -58.399734079818167, -34.660902506853432 ], [ -58.399734079820213, -34.660902506853681 ], [ -58.399759478252662, -34.660905382079804 ], [ -58.399810272941032, -34.660911132515068 ], [ -58.399810272964189, -34.660911132515615 ], [ -58.399810272986976, -34.660911132512148 ], [ -58.399810273008363, -34.660911132504751 ], [ -58.399833372184048, -34.660900650277924 ], [ -58.399833372191509, -34.660900650274201 ], [ -58.399935014592678, -34.660845371690741 ], [ -58.399935014610605, -34.660845371678548 ], [ -58.399935014625008, -34.660845371663491 ], [ -58.399999983824848, -34.66076016779256 ], [ -58.40004879045209, -34.660739074825763 ], [ -58.400100609119434, -34.660723647870995 ], [ -58.400418308965996, -34.660653406351216 ], [ -58.400418308990545, -34.660653406343044 ], [ -58.400554013644893, -34.660591466232695 ], [ -58.400615538916604, -34.660564520382742 ], [ -58.40061553892113, -34.660564520380639 ], [ -58.400672395780454, -34.660536672490743 ], [ -58.400672395789286, -34.660536672485918 ], [ -58.400728575419343, -34.660502676582951 ], [ -58.40072857542885, -34.660502676576499 ], [ -58.40076246507617, -34.660476854950893 ], [ -58.400762465087524, -34.660476854940796 ], [ -58.400791190106652, -34.660447063537866 ], [ -58.400791190116031, -34.660447063526448 ], [ -58.400814077992244, -34.660413998797623 ], [ -58.400814077993275, -34.660413998796102 ], [ -58.400889047677239, -34.660300669142352 ], [ -58.400889047683137, -34.660300669131907 ], [ -58.400910121234602, -34.660256068975904 ], [ -58.400938455875263, -34.660214233558797 ], [ -58.400938455883406, -34.660214233543634 ], [ -58.40093845588806, -34.660214233527505 ], [ -58.400946634927394, -34.660166834184764 ], [ -58.400954259974178, -34.660126461081475 ], [ -58.400968707584468, -34.66008738139336 ], [ -58.400972068701172, -34.660081452718721 ], [ -58.400989686982356, -34.660050378299211 ], [ -58.401101652501119, -34.659953222565917 ], [ -58.401374471578308, -34.659871079524542 ], [ -58.40137447159988, -34.659871079515696 ], [ -58.401435108695388, -34.659838912712402 ], [ -58.401551358304133, -34.659780196782457 ], [ -58.401551358304353, -34.659780196782343 ], [ -58.401784284175029, -34.659661945417334 ], [ -58.401784284180088, -34.659661945414605 ], [ -58.401825016650811, -34.659638602223339 ], [ -58.401825257838759, -34.659638464428745 ], [ -58.401825257838901, -34.659638464428674 ], [ -58.401877594589706, -34.659608471041608 ], [ -58.402168253731503, -34.659540503618118 ], [ -58.402168253746041, -34.65954050361379 ], [ -58.402324157174412, -34.659483341927128 ], [ -58.402411328479452, -34.659458417240266 ], [ -58.402534898072517, -34.659426207386865 ], [ -58.402653237915743, -34.659423881167463 ], [ -58.402653237932945, -34.659423881165985 ], [ -58.402731177245869, -34.659411995110673 ], [ -58.402835085754951, -34.65940966154475 ], [ -58.402835085783387, -34.659409661540955 ], [ -58.403004960613785, -34.659367472981543 ], [ -58.403091606495842, -34.659364184175161 ], [ -58.403091606517442, -34.659364184172539 ], [ -58.403091606537963, -34.659364184166414 ], [ -58.4030916065566, -34.659364184157035 ], [ -58.403091606572616, -34.659364184144778 ], [ -58.403091606585356, -34.659364184130133 ], [ -58.403091606594309, -34.659364184113677 ], [ -58.403091606599119, -34.659364184096091 ], [ -58.403091606599588, -34.659364184078058 ], [ -58.403091606595723, -34.659364184060315 ], [ -58.403091606587644, -34.659364184043568 ], [ -58.403082902699879, -34.659350339576896 ], [ -58.403341534989039, -34.659354698268231 ], [ -58.403813658350948, -34.659404320675591 ], [ -58.403840317554533, -34.659407162314878 ], [ -58.404004219386046, -34.659426101507876 ], [ -58.40416767335806, -34.659447520051721 ], [ -58.404334098151793, -34.659473198090403 ], [ -58.404515767040358, -34.659506677774743 ], [ -58.404678297339743, -34.659542013914205 ], [ -58.404678297347623, -34.659542013915647 ], [ -58.404852631796587, -34.659568712744999 ], [ -58.405287252054897, -34.659651917959046 ], [ -58.405321319207204, -34.659660036968681 ], [ -58.405321319212966, -34.659660036969917 ], [ -58.405384218070736, -34.65967199797241 ], [ -58.405384218078495, -34.659671997973639 ], [ -58.405428892528001, -34.659677718822174 ], [ -58.405484694561984, -34.659695269671417 ], [ -58.405484694572522, -34.659695269674224 ], [ -58.405560832355583, -34.659712149562239 ], [ -58.405605750321087, -34.659736434159321 ], [ -58.405650463362043, -34.659771564452633 ], [ -58.405650790397438, -34.659771892717465 ], [ -58.40568962522827, -34.659810959402932 ], [ -58.405689625246573, -34.659810959417491 ], [ -58.405689625268472, -34.659810959428164 ], [ -58.405690107320275, -34.659811135431553 ], [ -58.405802303343208, -34.659852036844775 ], [ -58.405802303349319, -34.659852036846807 ], [ -58.405917775960084, -34.659887421245564 ], [ -58.405917775966316, -34.659887421247298 ], [ -58.406035621006076, -34.659916984421358 ], [ -58.406035621012435, -34.659916984422765 ], [ -58.406155410899835, -34.6599406179946 ], [ -58.406258124024234, -34.659967433562379 ], [ -58.406405299129375, -34.660008047904441 ], [ -58.406405299153761, -34.660008047908683 ], [ -58.406529404609294, -34.660017645415998 ], [ -58.406529404635897, -34.660017645415351 ], [ -58.406652083906323, -34.660002199967501 ], [ -58.406810840594957, -34.65998915625682 ], [ -58.406945055270761, -34.659989218365951 ], [ -58.407050397163857, -34.660002384377783 ], [ -58.407050397189991, -34.660002384378423 ], [ -58.407113899091314, -34.65999764337834 ], [ -58.407170185001732, -34.659994092495801 ], [ -58.407232234274723, -34.660004853270941 ], [ -58.407232234297062, -34.660004853272859 ], [ -58.407232234319416, -34.660004853270955 ], [ -58.407294296973078, -34.659994149566543 ], [ -58.407294296983189, -34.659994149564369 ], [ -58.407405439974511, -34.659965579788505 ], [ -58.407405439995621, -34.659965579780994 ], [ -58.407405440014344, -34.659965579769981 ], [ -58.407442980739603, -34.659938169672024 ], [ -58.407525269285415, -34.659895277531554 ], [ -58.407604669954324, -34.659855961722151 ], [ -58.407604669961003, -34.659855961718556 ], [ -58.407649363661641, -34.659829982670225 ], [ -58.407702152840173, -34.659823570665722 ], [ -58.407794512699965, -34.659827428429452 ], [ -58.407868399439806, -34.659831277726539 ], [ -58.407868399446613, -34.65983127772671 ], [ -58.407926126098012, -34.659831303957624 ], [ -58.407926126101422, -34.659831303957581 ], [ -58.408000017730778, -34.6598294301034 ], [ -58.408117765430703, -34.659850471059073 ], [ -58.408117765453689, -34.659850471061105 ], [ -58.4083071080859, -34.659850556608689 ], [ -58.408307108105149, -34.659850556607289 ], [ -58.4083071081238, -34.659850556603089 ], [ -58.40836946511925, -34.659831504493653 ], [ -58.408369465139486, -34.659831504485417 ], [ -58.408494196616019, -34.659766688600122 ], [ -58.408588882159847, -34.659745743518179 ], [ -58.408588882175508, -34.659745743513632 ], [ -58.408588882190166, -34.65974574350718 ], [ -58.408665107102195, -34.659705709861207 ], [ -58.40878982692314, -34.65965806558939 ], [ -58.408893758952388, -34.659619952477684 ], [ -58.408969966107634, -34.659608387973741 ], [ -58.408981512117762, -34.659606635361733 ], [ -58.408981512136563, -34.65960663535742 ], [ -58.408981512154135, -34.6596066353504 ], [ -58.409108550996393, -34.659543728147064 ], [ -58.409249447614194, -34.65947510297876 ], [ -58.409249447619267, -34.659475102976131 ], [ -58.409401898723118, -34.659391218215362 ], [ -58.409401898727864, -34.659391218212583 ], [ -58.409537155755572, -34.659307861122933 ], [ -58.409632431747497, -34.659264973279683 ], [ -58.409632431767108, -34.6592649732684 ], [ -58.409724835449808, -34.659198234485039 ], [ -58.409724835459514, -34.659198234477103 ], [ -58.409863461243809, -34.659069504958367 ], [ -58.409968537064337, -34.659028609668333 ], [ -58.409968537078619, -34.659028609661632 ], [ -58.409968537091537, -34.659028609653234 ], [ -58.409989278236054, -34.659012907084772 ], [ -58.410003432716188, -34.659002191862164 ], [ -58.410027957963116, -34.658986711789858 ], [ -58.410041041803701, -34.658978453345831 ], [ -58.410041041820023, -34.658978453333134 ], [ -58.410082902640923, -34.6589384263117 ], [ -58.410082902641456, -34.658938426311181 ], [ -58.410132000803387, -34.658890748557283 ], [ -58.410218592236092, -34.658886016008736 ], [ -58.410286498628246, -34.65890264598174 ], [ -58.410286498647011, -34.658902645984881 ], [ -58.410286498666167, -34.658902645985265 ], [ -58.410333132017342, -34.658900191872043 ], [ -58.410333132028526, -34.658900191870977 ], [ -58.410398869825933, -34.658891040414439 ], [ -58.410398869838843, -34.658891040411966 ], [ -58.4104627801715, -34.658875374513229 ], [ -58.410462780183941, -34.658875374509506 ], [ -58.410523923645876, -34.658853424526633 ], [ -58.410523923657671, -34.658853424521681 ], [ -58.410580137524676, -34.658826126993844 ], [ -58.410581396784728, -34.658825515478448 ], [ -58.41058139679572, -34.658825515472351 ], [ -58.410634354981596, -34.658792056250867 ], [ -58.410634354991615, -34.658792056243705 ], [ -58.410682015750254, -34.658753542296992 ], [ -58.410758366031338, -34.65871577625115 ], [ -58.410837995580337, -34.658682959422094 ], [ -58.410837995583165, -34.658682959420887 ], [ -58.410896630124924, -34.658657002291569 ], [ -58.410998246861936, -34.658626517749084 ], [ -58.410998246865169, -34.658626517748054 ], [ -58.41109062709895, -34.658596030066079 ], [ -58.411192241352367, -34.658567453668049 ], [ -58.411239805957983, -34.65860003481869 ], [ -58.411239805974404, -34.658600034827991 ], [ -58.411239805992615, -34.658600034834663 ], [ -58.411239806011992, -34.6586000348385 ], [ -58.411239806031872, -34.658600034839353 ], [ -58.411300117351153, -34.658598080170158 ], [ -58.411300117357108, -34.658598080169838 ], [ -58.411449169697477, -34.658586479354042 ], [ -58.411449169700923, -34.65858647935373 ], [ -58.41159769971518, -34.658570972308766 ], [ -58.411597699718605, -34.658570972308361 ], [ -58.411745560108692, -34.658551574297832 ], [ -58.411745560127102, -34.658551574294037 ], [ -58.411860961074986, -34.658518736759042 ], [ -58.411860961080947, -34.658518736757166 ], [ -58.411973839971473, -34.658480375990756 ], [ -58.411973839980234, -34.658480375987395 ], [ -58.412022623617894, -34.658459456674677 ], [ -58.412072835852385, -34.658440989788922 ], [ -58.412143069342065, -34.658419937015687 ], [ -58.412215143426835, -34.658403679592169 ], [ -58.412288580251115, -34.658392324583247 ], [ -58.412362892161191, -34.658385949304289 ], [ -58.412409510352418, -34.658384512987887 ], [ -58.412456157891278, -34.658385039043303 ], [ -58.41272179020828, -34.658389353716039 ], [ -58.412987127117134, -34.658400571615687 ], [ -58.413251905791462, -34.658418681819249 ], [ -58.413515864498599, -34.658443665293824 ], [ -58.413778740416753, -34.658475498501168 ], [ -58.4140402750918, -34.658514148892934 ], [ -58.414300208980329, -34.658559578513902 ], [ -58.414558284716421, -34.658611743100806 ], [ -58.41492716772062, -34.658736839460992 ], [ -58.415217868670638, -34.658841044286206 ], [ -58.415217868678766, -34.658841044288806 ], [ -58.415581482317705, -34.658943741869983 ], [ -58.415581482325607, -34.658943741871951 ], [ -58.415611810500515, -34.658950239408831 ], [ -58.41578005913469, -34.658986287724829 ], [ -58.415957199098138, -34.659069400260783 ], [ -58.41595719911772, -34.659069400267981 ], [ -58.416187496421472, -34.659132391917403 ], [ -58.416187496439022, -34.659132391920899 ], [ -58.416187496457006, -34.659132391921951 ], [ -58.416398767522423, -34.65913038840479 ], [ -58.416627958188698, -34.659245683306892 ], [ -58.416630953999757, -34.659247190715725 ], [ -58.416891616171519, -34.65937831608268 ], [ -58.416891616189837, -34.659378316090063 ], [ -58.416891616209504, -34.659378316094497 ], [ -58.417090755503068, -34.659407011610199 ], [ -58.417318748349857, -34.659452412763819 ], [ -58.417708317326102, -34.65960281387688 ], [ -58.417708317346168, -34.659602813882721 ], [ -58.417708317367222, -34.659602813885257 ], [ -58.417708317388467, -34.659602813884355 ], [ -58.417708317409101, -34.659602813880056 ], [ -58.417708317428342, -34.659602813872539 ], [ -58.417708317445438, -34.65960281386208 ], [ -58.417768955217319, -34.659557521562277 ], [ -58.417829589204111, -34.659516999526119 ], [ -58.417901752102765, -34.659507486768163 ], [ -58.417903483610914, -34.65950891792366 ], [ -58.417959452502195, -34.65955520739093 ], [ -58.417997492451605, -34.659652114452726 ], [ -58.417997492459143, -34.659652114467399 ], [ -58.417997492469716, -34.659652114480743 ], [ -58.417997492482961, -34.659652114492332 ], [ -58.417997492498472, -34.659652114501824 ], [ -58.417997492515759, -34.659652114508901 ], [ -58.417998829710847, -34.659652544980005 ], [ -58.418101381498374, -34.659685542324446 ], [ -58.41810138150128, -34.659685542325342 ], [ -58.418684324779086, -34.659857477210899 ], [ -58.418684324790171, -34.65985747721362 ], [ -58.419464223554989, -34.660013023171587 ], [ -58.420026974905525, -34.660170633526583 ], [ -58.420894934346059, -34.66047359436309 ], [ -58.421087700957422, -34.660567568699413 ], [ -58.421087700966737, -34.66056756870347 ], [ -58.421849549877564, -34.660861184261002 ], [ -58.422495940739147, -34.661173836674614 ], [ -58.422591165554493, -34.66122633797206 ], [ -58.422591165555325, -34.661226337972508 ], [ -58.423289445287381, -34.661603771825796 ], [ -58.423597173862873, -34.661788518815307 ], [ -58.42364859478247, -34.661819389121767 ], [ -58.423893559288778, -34.661966453883977 ], [ -58.423893587640187, -34.661966473722067 ], [ -58.423893587648983, -34.661966473727617 ], [ -58.424043891374623, -34.662051647170678 ], [ -58.424086206736213, -34.662077826107996 ] ], [ [ -58.426571982926085, -34.551819406746226 ], [ -58.426574841835468, -34.551825005289608 ], [ -58.426500544831782, -34.55180954399647 ], [ -58.426571982926085, -34.551819406746226 ] ], [ [ -58.399221854272106, -34.569936939514704 ], [ -58.39923149086907, -34.569932357212878 ], [ -58.399239676136524, -34.569928465495437 ], [ -58.399218428580944, -34.569939176442858 ], [ -58.399183808675552, -34.569956629261156 ], [ -58.399221854272106, -34.569936939514704 ] ] ], [ [ [ -58.358186462655226, -34.579342659847576 ], [ -58.35819914546984, -34.579328506681996 ], [ -58.358199145473279, -34.579328506677946 ], [ -58.358211892718984, -34.579312517359448 ], [ -58.358223766668523, -34.57929765497488 ], [ -58.358235789399778, -34.579285805279262 ], [ -58.358235817770606, -34.579285777359573 ], [ -58.358235817774677, -34.579285777355281 ], [ -58.358249937870561, -34.579270045227027 ], [ -58.358264158921315, -34.579259823593851 ], [ -58.358264158921315, -34.579259823593851 ], [ -58.35826415893564, -34.579259823581388 ], [ -58.35827621983654, -34.579247081499787 ], [ -58.358276219836874, -34.579247081499432 ], [ -58.358276301684363, -34.579246994131815 ], [ -58.358277928791786, -34.579245275613061 ], [ -58.358277928792042, -34.579245275612799 ], [ -58.358277970257852, -34.579245231482361 ], [ -58.358294547205574, -34.579230931124052 ], [ -58.358311268260067, -34.579220764818359 ], [ -58.358311268263776, -34.579220764816007 ], [ -58.358321760164486, -34.579213791401976 ], [ -58.35833028108032, -34.579208126966684 ], [ -58.358345275472729, -34.579199978361167 ], [ -58.358345275476125, -34.579199978359242 ], [ -58.358350608724002, -34.579196835168879 ], [ -58.35835801309927, -34.579192471429195 ], [ -58.358379141297995, -34.579182415269123 ], [ -58.358379171831281, -34.579182400872675 ], [ -58.358379171843367, -34.57918240086606 ], [ -58.358393923544902, -34.579173104532352 ], [ -58.358414527846669, -34.579162791009871 ], [ -58.358414527857768, -34.579162791003505 ], [ -58.358430143830063, -34.579152597587523 ], [ -58.358437909046991, -34.579148144009565 ], [ -58.358438015927675, -34.579148082804522 ], [ -58.358445139861537, -34.579143996455421 ], [ -58.358454257165469, -34.579138992364705 ], [ -58.358467205701345, -34.579131884031696 ], [ -58.358467205706972, -34.579131884028392 ], [ -58.358483074218313, -34.579121923388975 ], [ -58.358516506156974, -34.57910181516111 ], [ -58.358527346951846, -34.579095566775045 ], [ -58.358537178919647, -34.579089899842174 ], [ -58.358537178925332, -34.579089899838664 ], [ -58.358564711325755, -34.579071718289718 ], [ -58.358599126587606, -34.579053949181286 ], [ -58.358599172389717, -34.57905392578364 ], [ -58.358599172396168, -34.579053925780087 ], [ -58.358624381648752, -34.579038901718221 ], [ -58.358644999247744, -34.579028365515128 ], [ -58.35864499925232, -34.579028365512649 ], [ -58.358668205315688, -34.579015130853783 ], [ -58.358668205320932, -34.579015130850614 ], [ -58.358681997434182, -34.579006215860566 ], [ -58.358682325739068, -34.579006004307089 ], [ -58.358682325739196, -34.57900600430699 ], [ -58.358694598476688, -34.578998070570279 ], [ -58.358716045108494, -34.5789877802547 ], [ -58.35871604511172, -34.578987780253087 ], [ -58.35872233862753, -34.578984515275351 ], [ -58.358742316253831, -34.578974153382163 ], [ -58.358742316257754, -34.578974153380017 ], [ -58.365219433687848, -34.575284504316606 ], [ -58.365219433688068, -34.575284504316485 ], [ -58.365977867704288, -34.574850214031088 ], [ -58.366756977265013, -34.574404074388376 ], [ -58.366894701228574, -34.574325209321223 ], [ -58.367263754805201, -34.574113875192197 ], [ -58.367307571705908, -34.574089705471934 ], [ -58.36730757170843, -34.574089705470513 ], [ -58.36745694434812, -34.574002211462506 ], [ -58.367456987961972, -34.574002188962503 ], [ -58.367456987965447, -34.57400218896062 ], [ -58.367525052879103, -34.573964023729403 ], [ -58.367525052879905, -34.573964023728962 ], [ -58.367525081232209, -34.573964007525653 ], [ -58.367557424701559, -34.573945720432874 ], [ -58.367648933135875, -34.573899459786595 ], [ -58.367691297200366, -34.573881908863115 ], [ -58.367738376058988, -34.573863937944878 ], [ -58.367836138209796, -34.573830300211945 ], [ -58.367891814150411, -34.573813299581865 ], [ -58.367910622835659, -34.573808159928731 ], [ -58.367928550714765, -34.573803261166155 ], [ -58.367928550716293, -34.573803261165729 ], [ -58.367957813965518, -34.573794866510852 ], [ -58.367982277396919, -34.573787848185312 ], [ -58.368032061026788, -34.573777440426149 ], [ -58.36803206102806, -34.573777440425886 ], [ -58.36811074543342, -34.573760152066669 ], [ -58.368110778131545, -34.573760144881405 ], [ -58.368240334787586, -34.573738163614912 ], [ -58.368290039093672, -34.573733248076529 ], [ -58.368290039098547, -34.573733248075953 ], [ -58.368290071796103, -34.573733243594319 ], [ -58.3683387020697, -34.573726947117002 ], [ -58.368389210648864, -34.573722957026789 ], [ -58.368389210648985, -34.573722957026789 ], [ -58.368389255331621, -34.573722953455949 ], [ -58.368569487001189, -34.573713448205048 ], [ -58.36860140210679, -34.573713210654539 ], [ -58.368639438366877, -34.573713015702673 ], [ -58.368676585596781, -34.57371647623296 ], [ -58.368676585600234, -34.573716476233237 ], [ -58.368714861772105, -34.573719026285659 ], [ -58.368753667466706, -34.573724556850046 ], [ -58.36877238755271, -34.573727346839135 ], [ -58.368795514994765, -34.57373079377156 ], [ -58.368795514999512, -34.573730793772185 ], [ -58.368832662559598, -34.573734940240485 ], [ -58.36887007074484, -34.573741829938022 ], [ -58.368870070751115, -34.573741829939024 ], [ -58.368913302801765, -34.573747618079238 ], [ -58.368954825722966, -34.57375567557493 ], [ -58.368954862764333, -34.5737556828145 ], [ -58.369012972131408, -34.573769343753369 ], [ -58.369012972134676, -34.573769343754101 ], [ -58.369013006994763, -34.573769350991554 ], [ -58.369060891437783, -34.573782722763475 ], [ -58.369060891446445, -34.573782722765579 ], [ -58.369107142383406, -34.573792194590681 ], [ -58.369122998271678, -34.573797197117415 ], [ -58.369150866740341, -34.573805989490651 ], [ -58.369150866744334, -34.573805989491831 ], [ -58.369197081153494, -34.573818889378451 ], [ -58.3692493355206, -34.573835250870019 ], [ -58.36924933552163, -34.573835250870339 ], [ -58.369249380185266, -34.573835264425668 ], [ -58.369285336673727, -34.573847180129604 ], [ -58.369319356990978, -34.573859766795273 ], [ -58.369346128205429, -34.573871374332285 ], [ -58.369346160881761, -34.573871388780084 ], [ -58.369346160886316, -34.573871388781988 ], [ -58.369379884038665, -34.573884661188551 ], [ -58.369424112002399, -34.573903268189561 ], [ -58.369472710870824, -34.573927848678849 ], [ -58.369472710872259, -34.57392784867956 ], [ -58.369523497766075, -34.573952659793903 ], [ -58.36952352935004, -34.573952676043255 ], [ -58.369523529351092, -34.573952676043781 ], [ -58.369564681957435, -34.573973317854971 ], [ -58.369623478290407, -34.574005294201164 ], [ -58.36966899536359, -34.574032830724434 ], [ -58.369678854891809, -34.57404025431493 ], [ -58.36969076255258, -34.574049220015588 ], [ -58.369690762561461, -34.5740492200216 ], [ -58.369706768004626, -34.574058936145228 ], [ -58.369706768019675, -34.574058936152895 ], [ -58.369717819601505, -34.574063588772773 ], [ -58.369717819623133, -34.574063588779595 ], [ -58.36971781964602, -34.574063588782501 ], [ -58.369717819669141, -34.574063588781314 ], [ -58.369721479687882, -34.574063075971658 ], [ -58.369725600752176, -34.574062497711232 ], [ -58.369725600775588, -34.574062497705654 ], [ -58.369736746843429, -34.574058686006722 ], [ -58.36973674686071, -34.574058685999248 ], [ -58.369746511547064, -34.574053494965028 ], [ -58.369751928586972, -34.574051719705189 ], [ -58.369754027162521, -34.574051031722661 ], [ -58.369754027179468, -34.574051031715641 ], [ -58.369754027194702, -34.574051031706276 ], [ -58.36975402720774, -34.574051031694893 ], [ -58.369754027218185, -34.574051031681812 ], [ -58.369759101136815, -34.574043287814291 ], [ -58.369759101146165, -34.574043287795 ], [ -58.369759101149917, -34.574043287774437 ], [ -58.369759472945958, -34.574034365745433 ], [ -58.369759472945873, -34.574034365737575 ], [ -58.369758991002961, -34.574026818630259 ], [ -58.369758991000296, -34.574026818614669 ], [ -58.369758990994406, -34.574026818599727 ], [ -58.369758990985467, -34.574026818585835 ], [ -58.369758958338892, -34.574026777095227 ], [ -58.369758958338636, -34.574026777094915 ], [ -58.369748575502584, -34.574013702968706 ], [ -58.369748575492444, -34.574013702957842 ], [ -58.369732097699647, -34.573998582428977 ], [ -58.369731246376311, -34.573997801141545 ], [ -58.369731246368147, -34.573997801134801 ], [ -58.369709477831883, -34.573981642611507 ], [ -58.369709477829055, -34.573981642609489 ], [ -58.369677779294499, -34.573959690213194 ], [ -58.369677779283748, -34.573959690206642 ], [ -58.369636649989317, -34.573937675578868 ], [ -58.369636649988479, -34.573937675578421 ], [ -58.369599093651296, -34.573917969527123 ], [ -58.369599093646372, -34.573917969524679 ], [ -58.369560695063811, -34.573900093611719 ], [ -58.369544053762048, -34.573891858925201 ], [ -58.369525063141438, -34.573882461394305 ], [ -58.369525063137104, -34.573882461392273 ], [ -58.369496332721006, -34.573869680534678 ], [ -58.369459318688847, -34.573851357645438 ], [ -58.369459318684171, -34.573851357643257 ], [ -58.36941980156255, -34.573833925228293 ], [ -58.369419801557882, -34.573833925226353 ], [ -58.369372805387975, -34.573815527927231 ], [ -58.369337437954449, -34.573800189086313 ], [ -58.369337437946662, -34.573800189083244 ], [ -58.369287968109802, -34.573782702089481 ], [ -58.369287968108026, -34.57378270208887 ], [ -58.369287927802112, -34.573782688536483 ], [ -58.369241738284636, -34.573767042959375 ], [ -58.369241738282575, -34.5737670429587 ], [ -58.369169248129133, -34.573743899756359 ], [ -58.369169248124351, -34.573743899754923 ], [ -58.369079837837035, -34.573719259702834 ], [ -58.369079837829709, -34.573719259701051 ], [ -58.369003162973641, -34.573702956795778 ], [ -58.369003162972277, -34.573702956795493 ], [ -58.369003127018246, -34.573702949556299 ], [ -58.3690031270121, -34.573702949555212 ], [ -58.368878136121694, -34.573684010425779 ], [ -58.368823289215115, -34.573673570038459 ], [ -58.368823289208407, -34.573673570037371 ], [ -58.368795761663407, -34.573669815021574 ], [ -58.368766745734419, -34.573665856026047 ], [ -58.368766745730959, -34.57366585602562 ], [ -58.368684132254302, -34.573656824631108 ], [ -58.368684132242969, -34.573656824630355 ], [ -58.368609756668796, -34.573655163319565 ], [ -58.368609756665059, -34.573655163319529 ], [ -58.368546275316135, -34.573655550347759 ], [ -58.368521529883679, -34.573655700604242 ], [ -58.368521491742413, -34.573655700574633 ], [ -58.368521491738164, -34.57365570057469 ], [ -58.368510058618696, -34.573656061281348 ], [ -58.368450144538997, -34.573657950101151 ], [ -58.368450144535558, -34.5736579501013 ], [ -58.368393482920503, -34.573661217898071 ], [ -58.368393482916993, -34.573661217898319 ], [ -58.36835098567429, -34.573664813088087 ], [ -58.36835098567046, -34.573664813088463 ], [ -58.368296247348432, -34.573671070563258 ], [ -58.368296247346052, -34.573671070563549 ], [ -58.368258395209139, -34.573676105307939 ], [ -58.368240666425152, -34.57367846405576 ], [ -58.368240666423574, -34.573678464055973 ], [ -58.368223600072888, -34.573680947713939 ], [ -58.368176176580299, -34.573687851746101 ], [ -58.368176176579276, -34.57368785174625 ], [ -58.368129195160158, -34.573695074308013 ], [ -58.368129195156165, -34.573695074308681 ], [ -58.368129161368067, -34.573695080592003 ], [ -58.368087504185233, -34.573701650148983 ], [ -58.368087504178831, -34.57370165015017 ], [ -58.36803158806692, -34.573713386355969 ], [ -58.368031588062358, -34.573713386357014 ], [ -58.367982345073685, -34.573725629842578 ], [ -58.367982345073074, -34.573725629842741 ], [ -58.367918379136071, -34.573741876755818 ], [ -58.367918379135851, -34.573741876755854 ], [ -58.367918347523478, -34.573741884843997 ], [ -58.367918347518405, -34.573741884845418 ], [ -58.367871571800301, -34.573755969123077 ], [ -58.36787157179694, -34.573755969124143 ], [ -58.367854682742632, -34.573761583521467 ], [ -58.367815606356537, -34.573774572255218 ], [ -58.367815606355414, -34.573774572255594 ], [ -58.367764633290811, -34.573792060598855 ], [ -58.367764633288395, -34.573792060599708 ], [ -58.367764594040388, -34.573792074991822 ], [ -58.36776459403962, -34.573792074992106 ], [ -58.367725635672514, -34.573806660214657 ], [ -58.367725635671619, -34.573806660215013 ], [ -58.367668794699092, -34.573828453640914 ], [ -58.367668794693635, -34.573828453643159 ], [ -58.367632551470656, -34.573844443581827 ], [ -58.367586832427648, -34.5738644888065 ], [ -58.36758683242558, -34.573864488807438 ], [ -58.367539985812499, -34.573886120541438 ], [ -58.367539985806317, -34.573886120544529 ], [ -58.367491151642028, -34.573912320929963 ], [ -58.367491151640934, -34.57391232093056 ], [ -58.36743700394824, -34.573942138151352 ], [ -58.367437003946868, -34.573942138152127 ], [ -58.367388158073695, -34.573969937616148 ], [ -58.36733736533543, -34.573998178130047 ], [ -58.367337365334592, -34.573998178130516 ], [ -58.365219975873394, -34.575199478524446 ], [ -58.36521997587306, -34.575199478524631 ], [ -58.361057380821379, -34.577579245204191 ], [ -58.358399684280172, -34.579098509197834 ], [ -58.3583635183426, -34.579117413443612 ], [ -58.358363518337683, -34.579117413446355 ], [ -58.358328971196975, -34.57913772529772 ], [ -58.358328971194346, -34.579137725299319 ], [ -58.358328939564366, -34.579137745103367 ], [ -58.358299778947533, -34.579155868410204 ], [ -58.358273461558674, -34.579170637249916 ], [ -58.35827346154786, -34.579170637256837 ], [ -58.358255310061658, -34.579183851852001 ], [ -58.358244445346124, -34.579191762421516 ], [ -58.358244445341022, -34.579191762425474 ], [ -58.358225311861837, -34.579207608332027 ], [ -58.358225311858817, -34.579207608334627 ], [ -58.358225286764267, -34.579207630848664 ], [ -58.358225286763989, -34.579207630848913 ], [ -58.358197845077811, -34.579232436073433 ], [ -58.358197845076866, -34.579232436074292 ], [ -58.358179508964859, -34.579249445498512 ], [ -58.358179508958706, -34.57924944550475 ], [ -58.358166725774041, -34.579263686024483 ], [ -58.358166625368455, -34.579263797714667 ], [ -58.358157320370836, -34.579274162396324 ], [ -58.358138906162409, -34.579293459562756 ], [ -58.358138906156896, -34.579293459569065 ], [ -58.358138883235227, -34.57929348839339 ], [ -58.35813354509046, -34.579299644131211 ], [ -58.358125063644614, -34.579309426298956 ], [ -58.358125063641445, -34.579309426302807 ], [ -58.358112303815702, -34.579325872623905 ], [ -58.358112303812227, -34.579325872628694 ], [ -58.358094199364004, -34.579352741125049 ], [ -58.358094199363123, -34.579352741126385 ], [ -58.358069334256435, -34.579391153750244 ], [ -58.358069334251994, -34.579391153757975 ], [ -58.358047070101136, -34.579435124101842 ], [ -58.358047070099587, -34.579435124105068 ], [ -58.358036292075326, -34.579458947586261 ], [ -58.358029479087307, -34.579473963056614 ], [ -58.358029451766406, -34.579474022526924 ], [ -58.358029451766257, -34.579474022527279 ], [ -58.358023422366266, -34.579487312444371 ], [ -58.358023422363864, -34.579487312450283 ], [ -58.358014570237991, -34.579511869547652 ], [ -58.358014570235966, -34.579511869554146 ], [ -58.358004753030805, -34.579548974555735 ], [ -58.358004753030635, -34.579548974556339 ], [ -58.358004744268975, -34.579549008801983 ], [ -58.357995638476169, -34.579581123225125 ], [ -58.357995638474236, -34.579581123233858 ], [ -58.35799563298184, -34.579581157483268 ], [ -58.357995632981812, -34.579581157483453 ], [ -58.357990736427809, -34.579612186615122 ], [ -58.35798483935983, -34.579639788562105 ], [ -58.357978815758273, -34.579657107846764 ], [ -58.357978815755637, -34.579657107856278 ], [ -58.357033305943538, -34.58416303473193 ], [ -58.357033298270743, -34.584163068978874 ], [ -58.357033298270593, -34.584163068979578 ], [ -58.356856305405252, -34.584989317955937 ], [ -58.356067390151701, -34.588671964397392 ], [ -58.355587149574163, -34.590856267086657 ], [ -58.355538757703385, -34.590888375440585 ], [ -58.35553875769461, -34.590888375447101 ], [ -58.355503977988811, -34.590917076983082 ], [ -58.355503977980767, -34.590917076990493 ], [ -58.355490191627531, -34.5909312975067 ], [ -58.355490191616703, -34.590931297520171 ], [ -58.355490191608965, -34.59093129753505 ], [ -58.355480232378284, -34.590956467057339 ], [ -58.355480232378284, -34.590956467057339 ], [ -58.355480232373715, -34.59095646707425 ], [ -58.355458239022411, -34.591102862239389 ], [ -58.355369339518646, -34.591476391855068 ], [ -58.355343619868137, -34.591568881608417 ], [ -58.355314965472608, -34.591657217548523 ], [ -58.355296568731646, -34.591687564338315 ], [ -58.355296568724803, -34.59168756435249 ], [ -58.355296568720945, -34.591687564367433 ], [ -58.355289625732283, -34.591733102839498 ], [ -58.355289625731416, -34.591733102850675 ], [ -58.355289579069982, -34.591769158964254 ], [ -58.355289579070721, -34.591769158974785 ], [ -58.355294126692534, -34.591801423769681 ], [ -58.355294126697117, -34.591801423787068 ], [ -58.355294126705743, -34.591801423803361 ], [ -58.355314739592053, -34.591831805120769 ], [ -58.355334775753015, -34.591864558039681 ], [ -58.355334775763346, -34.591864558053388 ], [ -58.355365503637145, -34.591898146665031 ], [ -58.355365503653239, -34.591898146679156 ], [ -58.355365503672616, -34.591898146690113 ], [ -58.355365503694387, -34.591898146697368 ], [ -58.355365503717515, -34.591898146700636 ], [ -58.35543780540258, -34.591901753220291 ], [ -58.355437805422405, -34.591901753219787 ], [ -58.355437805441788, -34.591901753216312 ], [ -58.355479513461475, -34.591890927577225 ], [ -58.355479513469618, -34.591890927574816 ], [ -58.355482903180132, -34.591889796403763 ], [ -58.355514518586176, -34.591882307922241 ], [ -58.355514518603123, -34.59188230791694 ], [ -58.355514518618769, -34.59188230790938 ], [ -58.355556114196183, -34.591858171072857 ], [ -58.355556114210572, -34.591858171062881 ], [ -58.355556114222665, -34.591858171051001 ], [ -58.355574070920134, -34.59183710472783 ], [ -58.355574070928022, -34.591837104717058 ], [ -58.355591855918298, -34.59180843264447 ], [ -58.355591855922469, -34.591808432636903 ], [ -58.355601562456066, -34.591788426479532 ], [ -58.35560156245964, -34.591788426470941 ], [ -58.355607028083092, -34.591772753101829 ], [ -58.355615314658124, -34.591759083693539 ], [ -58.355615314668022, -34.591759083668855 ], [ -58.355619169852424, -34.591741073819492 ], [ -58.355623408745807, -34.591722664013957 ], [ -58.355623408747654, -34.591722664000656 ], [ -58.355624072030324, -34.591708787710374 ], [ -58.35562407203021, -34.591708787701279 ], [ -58.355622168943214, -34.591683167174864 ], [ -58.355622168940734, -34.591683167160511 ], [ -58.355615745449654, -34.59165967756438 ], [ -58.355623558856131, -34.59160631187612 ], [ -58.355684367679771, -34.591245033009159 ], [ -58.355733102061464, -34.590970999150151 ], [ -58.355733102062558, -34.590970999140232 ], [ -58.355734122774116, -34.590947257736822 ], [ -58.355734122770784, -34.590947257711271 ], [ -58.35572673175556, -34.590923366955593 ], [ -58.355726731748426, -34.590923366939265 ], [ -58.355709664538516, -34.59089364534465 ], [ -58.355693690492394, -34.590863232511239 ], [ -58.356141747864079, -34.588672453411128 ], [ -58.356157002846089, -34.588601195745589 ], [ -58.356159663036834, -34.588588768350476 ], [ -58.35687968415106, -34.585225349250763 ], [ -58.356902642560385, -34.585118098891527 ], [ -58.357107175795221, -34.584162615896631 ], [ -58.357107175795285, -34.584162615896346 ], [ -58.357707324563584, -34.581304719429468 ], [ -58.357755139161824, -34.581077015821684 ], [ -58.358053175139361, -34.579657693054457 ], [ -58.358053181712208, -34.579657666018541 ], [ -58.358053181712854, -34.579657666015677 ], [ -58.358066698074587, -34.579590965910576 ], [ -58.358068800239025, -34.579580698689497 ], [ -58.358071323490272, -34.579568377483724 ], [ -58.35807132349106, -34.579568377479198 ], [ -58.358072950895234, -34.579556919066192 ], [ -58.358074211033419, -34.579548045632414 ], [ -58.358087832578548, -34.57951373923224 ], [ -58.358087832579166, -34.579513739230599 ], [ -58.358096353502404, -34.579490808914819 ], [ -58.358096364435191, -34.579490780083731 ], [ -58.358107894798088, -34.579469262194173 ], [ -58.358119425158641, -34.579447743397267 ], [ -58.358119425161156, -34.579447743392151 ], [ -58.358129008821614, -34.579426414026592 ], [ -58.358137804968962, -34.579414248769268 ], [ -58.35813977555857, -34.579411524557855 ], [ -58.358139775560083, -34.579411524555695 ], [ -58.358139790846018, -34.579411502033452 ], [ -58.358152026005456, -34.579393691401869 ], [ -58.35815202600871, -34.579393691396767 ], [ -58.358152043483571, -34.579393661664781 ], [ -58.358163490533983, -34.579374237707967 ], [ -58.35817567217871, -34.579358237093189 ], [ -58.358175672181055, -34.57935823708997 ], [ -58.358186462655226, -34.579342659847576 ] ] ] ] } }
]
}
